Iteration	Posterior	Likelihood	Prior	rate_log_sd	rate_neo	root_freqs[1]	root_freqs[2]	tree_length
0	-84.21497	-242.0342	157.8192	1.949884	7.873464	0.271398	0.728602	1.22468
6	-82.86184	-240.2175	157.3556	1.949884	7.873464	0.481126	0.518874	1.585625
12	-78.20007	-236.1288	157.9287	2.236028	7.303283	0.632884	0.367116	0.9636303
18	-76.00608	-233.9348	157.9287	2.236028	7.303283	0.770599	0.229401	0.9636303
24	-79.26838	-236.5705	157.3021	2.236028	9.629463	0.575545	0.424455	1.156353
30	-80.8002	-242.0345	161.2343	0.1820128	0.1908832	0.638564	0.361436	2.762303
36	-77.63528	-239.6106	161.9753	0.6939489	0.2505449	0.59936	0.40064	1.851468
42	-85.03069	-246.8302	161.7995	0.7074147	0.4672556	0.41544	0.58456	1.645606
48	-90.62271	-251.2937	160.671	0.5839911	0.362552	0.558887	0.441113	2.598744
54	-81.63665	-242.3959	160.7592	0.4065636	0.3241495	0.51457	0.48543	2.704248
60	-76.85939	-238.6499	161.7905	0.4808972	0.2737351	0.4148	0.5852	2.0789
66	-71.82147	-233.974	162.1526	0.516659	0.1685409	0.349885	0.650115	2.013148
72	-68.70557	-229.6985	160.9929	0.3919588	0.3218662	0.610474	0.389526	2.572217
78	-76.24999	-237.8707	161.6207	0.0471022	0.2227938	0.863482	0.136518	2.549711
84	-81.71828	-242.9139	161.1956	0.02797136	0.3700182	0.657213	0.342787	2.60874
90	-79.61138	-240.3314	160.72	0.04743796	0.3172961	0.83603	0.16397	2.955495
96	-84.74447	-244.9085	160.1641	0.113586	0.9229792	0.460256	0.539744	2.703982
102	-77.73339	-238.9175	161.1841	0.5591837	0.3693385	0.351139	0.648861	2.282852
108	-66.96302	-228.3768	161.4138	0.4473945	0.5829383	0.557212	0.442788	1.96442
114	-74.7895	-236.3427	161.5532	0.4479732	0.4945818	0.908477	0.0915227	1.963612
120	-68.87242	-230.0125	161.1401	0.3228443	0.5441797	0.84267	0.15733	2.263991
126	-73.20936	-234.5584	161.349	0.6645334	0.2629157	0.5473	0.4527	2.263991
132	-63.60337	-224.7587	161.1553	0.313852	0.4613054	0.654548	0.345452	2.347236
138	-68.30768	-231.1097	162.802	0.9664341	0.3689415	0.726187	0.273813	0.6144792
144	-72.9016	-234.7028	161.8012	0.9664341	0.3798046	0.837924	0.162076	1.574332
150	-69.92153	-230.8298	160.9083	0.9026189	1.110139	0.717283	0.282717	1.574332
156	-75.32094	-236.5103	161.1894	0.6359828	1.110139	0.495217	0.504783	1.563713
162	-79.91295	-240.741	160.8281	1.588946	1.542431	0.500944	0.499056	0.6644916
168	-83.01963	-243.9491	160.9294	1.588946	1.432094	0.613882	0.386118	0.6197057
174	-83.19708	-244.347	161.15	1.458229	1.139196	0.648089	0.351911	0.8601058
180	-71.54804	-233.1126	161.5645	0.9496935	0.9061192	0.562671	0.437329	1.180175
186	-74.45204	-236.8957	162.4436	0.701732	0.3680687	0.929217	0.0707829	1.302563
192	-71.3973	-234.4498	163.0525	0.6948412	0.222488	0.521634	0.478366	1.081638
198	-78.1097	-239.3649	161.2552	0.7290245	0.4481785	0.260374	0.739626	2.028298
204	-78.60548	-240.6994	162.0939	1.044413	0.1639529	0.265947	0.734053	1.702355
210	-74.08652	-236.5486	162.4621	0.3115566	0.2309735	0.755467	0.244533	1.815683
216	-68.71566	-229.1524	160.4368	0.3145996	0.4676444	0.21631	0.78369	2.786375
222	-69.19192	-230.6747	161.4828	0.2485576	0.8790656	0.182782	0.817218	1.796396
228	-60.7006	-221.9712	161.2706	0.374408	0.6940791	0.751126	0.248874	2.005484
234	-68.54013	-230.066	161.5259	0.07223597	0.6261133	0.951415	0.0485848	2.0975
240	-68.65162	-230.4799	161.8283	0.2274325	0.2375469	0.418689	0.581311	2.279449
246	-85.90311	-247.4769	161.5738	0.2983988	0.3118187	0.731148	0.268852	2.279449
252	-84.65831	-247.0081	162.3497	0.221411	0.3277611	0.75356	0.24644	1.791772
258	-83.91967	-245.8569	161.9372	0.873173	0.313414	0.547153	0.452847	1.645614
264	-75.0904	-235.2826	160.1922	1.515432	2.219876	0.575868	0.424132	1.026664
270	-74.28687	-234.8046	160.5177	0.9919999	0.9370108	0.585827	0.414173	1.905599
276	-62.67146	-225.3554	162.6839	0.6243783	0.2770001	0.694729	0.305271	1.334939
282	-77.89682	-240.4485	162.5517	0.5345026	0.2167381	0.602276	0.397724	1.623306
288	-78.10067	-240.5487	162.448	0.308254	0.4311915	0.861812	0.138188	1.51013
294	-71.07113	-231.935	160.8638	0.3310618	0.824896	0.45389	0.54611	2.19546
300	-70.79382	-232.8971	162.1033	1.319545	0.5165989	0.883732	0.116268	0.7603423
306	-64.06774	-225.4948	161.4271	1.146713	0.602372	0.633448	0.366552	1.437853
312	-66.1617	-228.0858	161.9241	0.9815509	0.6654149	0.248054	0.751946	1.088742
318	-66.8534	-229.3792	162.5258	1.025931	0.3767115	0.600193	0.399807	0.9129115
324	-70.10868	-232.8657	162.757	1.305841	0.1952681	0.383555	0.616445	0.8327993
330	-84.3598	-247.0357	162.6759	1.305841	0.2210595	0.339007	0.660993	0.8400251
336	-84.45813	-247.4616	163.0035	1.305841	0.1518073	0.640942	0.359058	0.6752233
342	-73.92713	-236.6618	162.7347	1.322966	0.2512256	0.574013	0.425987	0.5436279
348	-79.99416	-242.0571	162.063	1.266384	0.596886	0.572935	0.427065	0.7141295
354	-84.32899	-245.5837	161.2547	1.266384	0.6513916	0.419278	0.580722	1.425262
360	-79.19526	-240.8533	161.6581	1.272894	0.8485356	0.657028	0.342972	0.8238664
366	-74.89621	-237.0151	162.1189	1.545133	0.4196155	0.744998	0.255002	0.3899192
372	-77.38941	-239.2892	161.8998	1.249602	0.68813	0.642751	0.357249	0.7937676
378	-70.09885	-231.3005	161.2017	1.51161	1.155926	0.704232	0.295768	0.6893761
384	-72.13067	-233.7605	161.6298	2.085392	0.3204164	0.704232	0.295768	0.2570569
390	-71.05263	-232.2797	161.2271	2.085392	0.4173422	0.439845	0.560155	0.179254
396	-75.88139	-236.6631	160.7817	2.085392	0.8694839	0.546928	0.453072	0.2522555
402	-69.9203	-231.1397	161.2194	2.055847	0.5549871	0.53995	0.46005	0.2522555
408	-69.5457	-230.9747	161.429	2.055847	0.4265681	0.605013	0.394987	0.2491569
414	-72.44258	-233.6788	161.2362	2.226016	0.347638	0.473924	0.526076	0.182384
420	-79.71993	-242.0756	162.3557	1.408268	0.3817168	0.688065	0.311935	0.5284627
426	-96.96955	-258.8964	161.9268	1.468657	0.5742917	0.637295	0.362705	0.3728809
432	-77.96545	-236.1464	158.181	1.569468	5.524406	0.604504	0.395496	1.641048
438	-86.03787	-244.698	158.6601	1.790364	4.545346	0.750729	0.249271	1.31843
444	-74.8422	-235.6825	160.8403	1.790364	1.288325	0.54605	0.45395	0.6239042
450	-69.24218	-229.6717	160.4295	1.790364	1.901754	0.867401	0.132599	0.4562078
456	-68.04057	-228.529	160.4884	1.735525	1.901754	0.743643	0.256357	0.5030348
462	-64.25711	-226.8023	162.5452	1.531717	0.2254268	0.523671	0.476329	0.3533955
468	-61.15733	-223.5817	162.4243	0.634739	0.2210643	0.43317	0.56683	1.634035
474	-65.77357	-227.7726	161.999	0.1851501	0.1623261	0.196896	0.803104	2.34156
480	-72.56233	-234.2955	161.7332	0.4656572	0.1934191	0.469876	0.530124	2.26871
486	-77.5991	-238.7907	161.1916	0.7115117	0.5423246	0.61471	0.38529	1.977724
492	-70.34439	-233.3753	163.0309	0.8355409	0.1428251	0.742083	0.257917	1.200106
498	-67.67222	-229.5594	161.8871	0.5886262	0.5874912	0.669587	0.330413	1.528207
504	-69.73434	-232.2946	162.5603	0.4905333	0.5147161	0.521083	0.478917	1.158359
510	-69.6499	-230.8496	161.1997	0.1880963	0.4838052	0.270909	0.729091	2.374322
516	-67.93633	-229.3779	161.4415	0.1866028	0.3430557	0.695265	0.304735	2.390944
522	-78.59947	-238.7075	160.108	0.6475253	0.4118994	0.543473	0.456527	2.845123
528	-74.47833	-236.5166	162.0382	1.240304	0.413034	0.936334	0.0636662	1.113512
534	-80.95174	-243.7219	162.7701	0.6527932	0.2434944	0.558415	0.441585	1.311509
540	-76.35824	-234.8151	158.4568	0.4975015	0.9475022	0.92307	0.0769296	3.478727
546	-64.25715	-226.8198	162.5627	0.6962356	0.3644442	0.551592	0.448408	1.214498
552	-64.8223	-227.3632	162.5409	1.02086	0.2746342	0.601164	0.398836	1.126009
558	-70.56166	-233.1646	162.603	1.508344	0.1852801	0.617193	0.382807	0.8101878
564	-69.86386	-231.8153	161.9514	1.604678	0.4948121	0.782714	0.217286	0.5459403
570	-77.81237	-239.6103	161.7979	1.634876	0.5686763	0.661174	0.338826	0.5748963
576	-74.44806	-236.7238	162.2758	1.092989	0.3773179	0.265099	0.734901	1.094507
582	-74.106	-236.1735	162.0675	1.110131	0.4253784	0.589918	0.410082	1.18246
588	-80.18475	-242.845	162.6603	1.130469	0.2723172	0.785378	0.214622	0.9053188
594	-89.07606	-249.9179	160.8418	1.388363	1.115358	0.65616	0.34384	1.244895
600	-83.5024	-245.7541	162.2518	0.6865142	0.5209472	0.650369	0.349631	1.246148
606	-84.94462	-247.3166	162.372	0.6141052	0.4093192	0.671334	0.328666	1.36508
612	-91.78327	-253.7758	161.9925	0.6831859	0.6151954	0.256958	0.743042	1.343853
618	-88.18415	-249.7925	161.6084	0.7612872	0.9044625	0.439526	0.560474	1.302772
624	-83.66298	-245.6697	162.0068	0.6114673	0.6946673	0.197217	0.802783	1.302772
630	-70.53484	-231.4299	160.8951	0.2147229	0.6137782	0.726998	0.273002	2.42242
636	-76.03973	-237.9644	161.9246	0.1462511	0.6067231	0.275325	0.724675	1.797872
642	-67.72856	-230.0457	162.3172	0.642571	0.3528681	0.728691	0.271309	1.472365
648	-74.30675	-236.3679	162.0612	0.921215	0.5925832	0.763781	0.236219	1.112335
654	-74.86529	-236.9966	162.1313	0.7938024	0.3128021	0.449537	0.550463	1.563326
660	-78.91436	-240.7398	161.8255	0.5463657	0.3487815	0.794745	0.205255	1.89742
666	-76.56261	-237.5258	160.9632	0.5628939	0.7837074	0.794745	0.205255	2.00995
672	-79.7569	-241.8789	162.122	0.5899965	0.4312469	0.815301	0.184699	1.542949
678	-74.97029	-236.3364	161.3661	0.5572775	0.5204806	0.566491	0.433509	1.987324
684	-78.85175	-241.6581	162.8064	0.9349349	0.1540474	0.457836	0.542164	1.271974
690	-83.28911	-245.5581	162.269	0.9119725	0.5095504	0.710709	0.289291	1.04695
696	-80.32137	-241.1354	160.814	0.9988627	1.488126	0.753608	0.246392	1.335272
702	-76.21534	-237.0911	160.8758	0.9114338	1.449676	0.879103	0.120897	1.378324
708	-69.62068	-231.6521	162.0314	0.5195524	0.6739066	0.547649	0.452351	1.378324
714	-70.50211	-232.2507	161.7485	0.1547711	0.4188967	0.687057	0.312943	2.116821
720	-76.25834	-237.1334	160.875	0.4880974	0.6335283	0.526555	0.473445	2.243415
726	-85.30303	-247.2402	161.9372	0.0755409	0.4358698	0.675741	0.324259	2.024089
732	-78.91879	-239.7384	160.8196	0.1487832	0.4358698	0.580622	0.419378	2.688128
738	-74.50304	-235.9619	161.4589	0.2448927	0.4358698	0.642976	0.357024	2.226122
744	-71.28872	-232.0958	160.8071	0.02661898	0.5115749	0.642976	0.357024	2.690925
750	-74.9991	-236.6331	161.634	0.03968215	0.5042359	0.586857	0.413143	2.16913
756	-72.76649	-234.0672	161.3007	0.1435183	0.5042359	0.372572	0.627428	2.316788
762	-72.62965	-233.8858	161.2561	0.2950368	0.4420819	0.462477	0.537523	2.316788
768	-71.14051	-232.4721	161.3316	0.2770905	0.5397733	0.273031	0.726969	2.174321
774	-63.30723	-225.2728	161.9656	0.3424109	0.3461427	0.56277	0.43723	1.944347
780	-73.59199	-234.9217	161.3297	0.9939917	1.154421	0.400223	0.599777	1.133507
786	-79.73156	-242.2605	162.5289	0.8939346	0.3129807	0.428591	0.571409	1.168794
792	-74.33422	-236.3318	161.9976	0.7384905	0.1996652	0.593856	0.406144	1.902699
798	-74.42679	-236.9251	162.4983	1.072585	0.2148743	0.685229	0.314771	1.254983
804	-78.90241	-240.9202	162.0177	0.9360024	0.3828009	0.548349	0.451651	1.430363
810	-77.92064	-240.2156	162.295	0.6759801	0.4056985	0.677902	0.322098	1.382441
816	-76.0135	-237.2112	161.1977	0.5816589	0.5190566	0.541157	0.458843	2.084308
822	-72.54182	-234.9589	162.417	0.687561	0.3780091	0.505036	0.494964	1.319284
828	-72.11094	-234.7266	162.6156	0.6106692	0.2297068	0.505036	0.494964	1.493396
834	-69.96024	-231.2196	161.2594	0.4414781	0.3938326	0.76199	0.23801	2.278837
840	-66.07355	-227.8571	161.7835	0.3890019	0.2676433	0.142753	0.857247	2.153534
846	-74.86804	-236.3549	161.4868	0.06588585	0.2313161	0.647529	0.352471	2.606436
852	-68.5393	-230.2263	161.687	0.1609152	0.3863084	0.478047	0.521953	2.19364
858	-71.19481	-232.7899	161.5951	0.01953211	0.3863084	0.621108	0.378892	2.343277
864	-63.95932	-225.2811	161.3218	0.02192876	0.2920691	0.631518	0.368482	2.640022
870	-71.40948	-232.5854	161.1759	0.1078996	0.3180402	0.620429	0.379571	2.640022
876	-75.66245	-237.0027	161.3402	0.1271507	0.242788	0.663837	0.336163	2.640022
882	-68.64634	-229.4802	160.8339	0.125172	0.672989	0.783788	0.216212	2.465718
888	-65.12615	-226.779	161.6529	0.09062471	0.2526103	0.607901	0.392099	2.452148
894	-76.65986	-238.2889	161.6291	0.1199768	0.5387654	0.418708	0.581292	2.083632
900	-69.9024	-230.9427	161.0403	0.3532092	0.3156425	0.569166	0.430834	2.575509
906	-74.97946	-237.0181	162.0386	0.408984	0.3156425	0.705378	0.294622	1.895075
912	-72.61454	-234.8993	162.2847	0.4166023	0.2004412	0.6905	0.3095	1.92464
918	-74.56116	-236.1801	161.6189	0.6177422	0.4888393	0.693176	0.306824	1.809952
924	-71.63091	-233.0066	161.3757	0.5057203	0.1540134	0.844646	0.155354	2.549697
930	-77.98411	-237.5109	159.5268	1.022449	0.7284775	0.508426	0.491574	2.675325
936	-79.36222	-242.2158	162.8536	0.20825	0.2114736	0.39733	0.60267	1.651735
942	-83.52702	-245.2983	161.7713	0.08820114	0.6123893	0.382845	0.617155	1.936687
948	-76.12535	-237.4579	161.3326	0.1489707	0.3054286	0.602863	0.397137	2.535247
954	-73.10814	-234.091	160.9828	0.1826106	0.4640436	0.602863	0.397137	2.535247
960	-65.87908	-226.6505	160.7714	0.4409465	0.7112711	0.61378	0.38622	2.273325
966	-70.37499	-232.5049	162.1299	0.5791051	0.483242	0.792857	0.207143	1.47677
972	-73.2146	-235.7801	162.5655	0.5872103	0.2343842	0.645072	0.354928	1.538756
978	-79.2371	-239.7412	160.5041	0.477057	0.6750546	0.78588	0.21412	2.450112
984	-69.43593	-230.1515	160.7156	0.2096218	0.3916743	0.50909	0.49091	2.765552
990	-79.67709	-241.1805	161.5034	0.06953378	0.2518353	0.673327	0.326673	2.559937
996	-75.58067	-237.0013	161.4206	0.2942706	0.2008103	0.708819	0.291181	2.559937
1002	-72.54527	-234.6139	162.0686	0.205478	0.1531853	0.654777	0.345223	2.30415
1008	-73.69092	-235.5526	161.8617	0.08314416	0.4281736	0.544721	0.455279	2.078292
1014	-71.02177	-232.5095	161.4878	0.0860699	0.5308347	0.795088	0.204912	2.206036
1020	-77.53211	-239.1946	161.6625	0.1060878	0.4175895	0.449799	0.550201	2.206036
1026	-73.06877	-234.2059	161.1371	0.336447	0.5967879	0.679907	0.320093	2.206036
1032	-73.11338	-234.7551	161.6418	1.071773	0.5091447	0.787814	0.212186	1.440556
1038	-68.42565	-229.9112	161.4855	1.071773	1.05085	0.413571	0.586429	1.004316
1044	-72.82955	-234.5315	161.702	1.071773	0.8710973	0.472882	0.527118	0.9730508
1050	-81.66494	-243.2734	161.6085	1.13673	0.8710973	0.318184	0.681816	1.001958
1056	-84.11917	-245.5356	161.4164	1.13673	0.9014287	0.547932	0.452068	1.150534
1062	-77.26557	-238.7364	161.4708	1.439183	0.8126254	0.717611	0.282389	0.8980622
1068	-72.46313	-234.6262	162.1631	1.240044	0.5374384	0.442875	0.557125	0.7400761
1074	-85.2732	-246.1198	160.8466	0.9556356	0.6189128	0.630528	0.369472	1.968903
1080	-79.53029	-241.8948	162.3645	0.8142792	0.4543852	0.634406	0.365594	1.135389
1086	-79.64208	-241.4982	161.8562	0.7271465	0.5943671	0.776005	0.223995	1.439482
1092	-92.5153	-253.7133	161.198	0.2242681	0.6437875	0.376019	0.623981	2.19602
1098	-79.48585	-240.8242	161.3383	0.1756702	0.2936561	0.342609	0.657391	2.532133
1104	-88.70697	-250.2854	161.5784	0.1691204	0.6204281	0.796847	0.203153	2.004025
1110	-86.38906	-248.0347	161.6456	1.131312	0.4197158	0.386703	0.613297	1.510526
1116	-91.56794	-252.6042	161.0363	0.7793907	0.8220962	0.242197	0.757803	1.782478
1122	-93.58654	-255.2187	161.6322	0.5429553	0.4946712	0.366277	0.633723	1.845561
1128	-73.35213	-235.4824	162.1303	0.5613206	0.5333565	0.670782	0.329218	1.427531
1134	-73.62174	-235.2146	161.5928	0.03746942	0.334979	0.346257	0.653743	2.400568
1140	-64.90899	-226.7456	161.8366	0.03440538	0.5893037	0.52918	0.47082	1.951481
1146	-68.06894	-230.3743	162.3054	0.01118425	0.4240315	0.377654	0.622346	1.833588
1152	-73.69995	-235.8456	162.1456	0.3874807	0.7517375	0.611438	0.388562	1.312943
1158	-73.64885	-235.55	161.9012	0.8677363	0.3644126	0.35969	0.64031	1.596172
1164	-81.77459	-244.0206	162.246	0.9411562	0.5465447	0.649742	0.350258	0.9828083
1170	-78.76572	-240.0047	161.2389	0.3808692	0.6199976	0.491136	0.508864	2.088931
1176	-93.96644	-255.9806	162.0142	0.4066658	0.1829144	0.633668	0.366332	2.146214
1182	-93.62705	-255.5289	161.9018	1.684621	0.478322	0.204917	0.795083	0.5276241
1188	-90.57015	-252.3222	161.752	1.078244	0.9798903	0.754678	0.245322	0.7703039
1194	-78.12322	-240.5817	162.4585	1.214977	0.3822887	0.638415	0.361585	0.7445589
1200	-76.9641	-237.7457	160.7816	0.259103	0.554394	0.752699	0.247301	2.520947
1206	-83.05796	-243.4594	160.4014	0.4280938	0.496202	0.421317	0.578683	2.708998
1212	-80.73839	-241.4555	160.7172	0.2454214	0.2461196	0.515481	0.484519	2.942198
1218	-73.67355	-236.0185	162.345	0.1483373	0.389809	0.280886	0.719114	1.7563
1224	-84.34976	-246.1826	161.8329	1.210829	0.7083129	0.756582	0.243418	0.891483
1230	-73.84304	-234.7291	160.8861	0.1708898	0.639105	0.611541	0.388459	2.43323
1236	-72.51458	-233.6456	161.1311	0.2563535	0.5285176	0.636704	0.363296	2.327997
1242	-66.15668	-227.1921	161.0355	0.1916748	0.3310655	0.560582	0.439418	2.657188
1248	-72.18738	-234.0291	161.8418	0.5482384	0.2022548	0.610542	0.389458	2.127788
1254	-76.12011	-237.0956	160.9755	0.5409829	0.4904047	0.825265	0.174735	2.285332
1260	-71.66871	-233.3256	161.6569	0.4359613	0.466667	0.753856	0.246144	1.9339
1266	-71.64308	-233.4938	161.8507	0.2997363	0.466667	0.645914	0.354086	1.894905
1272	-69.60933	-231.7329	162.1236	0.630534	0.1644346	0.697678	0.302322	1.965547
1278	-69.05143	-231.3128	162.2614	0.5056841	0.3291559	0.40482	0.59518	1.651515
1284	-66.62898	-228.7511	162.1221	0.4278822	0.3026303	0.601929	0.398071	1.845507
1290	-68.28929	-228.979	160.6897	0.5129829	0.5701487	0.617791	0.382209	2.404257
1296	-85.34529	-247.3197	161.9744	0.4505034	0.317841	0.697776	0.302224	1.907122
1302	-83.55894	-245.7904	162.2314	1.228864	0.529297	0.688263	0.311737	0.6627992
1308	-74.06903	-236.5265	162.4575	1.459885	0.304609	0.666858	0.333142	0.4233757
1314	-75.25578	-237.0769	161.8211	1.601631	0.5277331	0.618399	0.381601	0.3222714
1320	-79.52299	-239.8175	160.2945	0.4093734	0.3229679	0.772379	0.227621	2.986071
1326	-75.70749	-237.8954	162.1879	0.5645312	0.3229679	0.490312	0.509688	1.67174
1332	-84.38637	-245.3617	160.9754	0.1868864	1.348028	0.74253	0.25747	1.887338
1338	-81.86472	-244.2433	162.3786	0.2016586	0.4858653	0.860062	0.139938	1.569341
1344	-82.39831	-244.5368	162.1385	0.1026192	0.6679706	0.630402	0.369598	1.617105
1350	-77.66267	-239.7521	162.0895	0.2680392	0.6394828	0.665201	0.334799	1.560627
1356	-74.36991	-236.1255	161.7556	0.4966047	0.3382768	0.479662	0.520338	1.993032
1362	-75.37876	-236.6894	161.3106	0.6732945	0.6272383	0.834704	0.165296	1.837712
1368	-63.31435	-225.7338	162.4194	0.7912107	0.2006238	0.88497	0.11503	1.566891
1374	-58.59939	-220.5696	161.9702	0.5843024	0.1784439	0.703867	0.296133	2.067886
1380	-64.57625	-226.0582	161.4819	0.300251	0.5329211	0.386053	0.613947	2.067886
1386	-60.66638	-223.7601	163.0937	0.2054949	0.1235045	0.523287	0.476713	1.691256
1392	-58.34273	-220.6572	162.3144	0.5039232	0.3095931	0.387865	0.612135	1.646139
1398	-73.88712	-235.896	162.0089	0.3813725	0.3742779	0.348132	0.651868	1.848983
1404	-76.0081	-237.1799	161.1718	1.206954	0.7056847	0.723955	0.276045	1.478652
1410	-68.02854	-230.595	162.5665	1.206954	0.2537483	0.605298	0.394702	0.9740773
1416	-85.37463	-245.8371	160.4625	0.8653614	1.511076	0.540642	0.459358	1.685939
1422	-82.0881	-242.8919	160.8038	1.00284	1.220998	0.328736	0.671264	1.504265
1428	-79.82679	-241.301	161.4742	1.00284	0.6086575	0.562123	0.437877	1.504265
1434	-78.296	-240.5044	162.2084	0.8227878	0.4537523	0.463158	0.536842	1.262989
1440	-67.7965	-230.2704	162.4739	0.7512865	0.2171951	0.52606	0.47394	1.520429
1446	-69.97421	-231.1588	161.1846	0.1239165	0.3186934	0.405716	0.594284	2.623874
1452	-65.42634	-227.2587	161.8324	0.4208369	0.3231274	0.7582	0.2418	2.014418
1458	-63.92172	-226.3519	162.4302	0.5444721	0.3119336	0.81257	0.18743	1.52814
1464	-67.34277	-228.8928	161.5501	0.6446811	0.8012638	0.526829	0.473171	1.52814
1470	-70.22887	-231.3388	161.1099	0.195775	0.1858856	0.614434	0.385566	2.839026
1476	-69.33686	-230.0538	160.717	0.288287	0.41356	0.595069	0.404931	2.690825
1482	-72.8055	-234.7118	161.9063	0.1137863	0.41356	0.589882	0.410118	2.04655
1488	-75.20858	-237.0132	161.8046	0.2841382	0.4009962	0.39968	0.60032	2.016894
1494	-72.52136	-234.3156	161.7942	0.6196749	0.4093457	0.632329	0.367671	1.785364
1500	-77.4286	-239.373	161.9444	0.6196749	0.3217538	0.654556	0.345444	1.805906
1506	-76.72768	-238.0081	161.2804	0.3331509	0.3217538	0.827878	0.172122	2.429451
1512	-73.04117	-234.8078	161.7667	0.3331509	0.3630017	0.474557	0.525443	2.05962
1518	-71.24776	-233.0261	161.7784	0.1933204	0.644678	0.432866	0.567134	1.829366
1524	-75.07894	-237.0805	162.0015	0.5079191	0.242083	0.414029	0.585971	1.974773
1530	-71.14817	-233.8385	162.6903	1.309864	0.2484223	0.493449	0.506551	0.7084515
1536	-77.2386	-238.6196	161.381	0.948073	0.9419128	0.711241	0.288759	1.303451
1542	-67.12066	-228.7794	161.6588	0.948073	0.7027572	0.692126	0.307874	1.303451
1548	-61.08716	-223.1677	162.0806	1.027521	0.81781	0.577841	0.422159	0.5585692
1554	-67.3322	-229.9096	162.5774	1.385395	0.2651867	0.55552	0.44448	0.6986019
1560	-70.01736	-232.6354	162.618	1.113508	0.3687292	0.484993	0.515007	0.6940357
1566	-64.11269	-226.1654	162.0527	0.5456676	0.4796432	0.679635	0.320365	1.563756
1572	-69.72453	-230.6502	160.9256	0.3526621	0.3314604	0.535285	0.464715	2.625113
1578	-77.73154	-238.0747	160.3431	0.2236937	0.3683816	0.514052	0.485948	3.010383
1584	-83.2458	-242.5274	159.2816	0.4787464	0.3683816	0.496497	0.503503	3.487153
1590	-82.65206	-243.879	161.227	0.5937192	0.492023	0.698384	0.301616	2.086302
1596	-78.52205	-239.2726	160.7505	0.677915	0.8227042	0.80306	0.19694	2.044292
1602	-81.97973	-243.7288	161.749	0.885076	0.8227042	0.76148	0.23852	1.156717
1608	-76.88376	-238.9739	162.0901	0.7986431	0.7110787	0.447937	0.552063	1.048137
1614	-74.58075	-236.0298	161.4491	0.3023241	0.6368774	0.739366	0.260634	1.986022
1620	-72.44054	-234.8647	162.4241	0.6037489	0.2530304	0.583968	0.416032	1.594063
1626	-79.1656	-240.9961	161.8305	0.9618471	0.3656271	0.562872	0.437128	1.577225
1632	-81.0848	-243.6397	162.5549	0.6579355	0.1958176	0.550846	0.449154	1.575864
1638	-78.59075	-239.859	161.2683	0.5320291	0.3445254	0.35456	0.64544	2.279396
1644	-74.75424	-236.3707	161.6165	0.2815594	0.3005973	0.689633	0.310367	2.279396
1650	-81.00088	-243.1861	162.1852	0.2464197	0.3774782	0.963923	0.0360767	1.816111
1656	-82.80931	-243.7759	160.9666	0.7078893	0.7044065	0.433771	0.566229	1.976801
1662	-72.29039	-233.2733	160.9829	0.3969042	0.8364473	0.685585	0.314415	2.065968
1668	-77.52576	-238.9478	161.422	0.5189214	0.4162547	0.773835	0.226165	2.095407
1674	-75.66709	-236.832	161.1649	0.2313907	0.4162547	0.272234	0.727766	2.444853
1680	-61.87449	-223.487	161.6125	0.3327401	0.2976278	0.282208	0.717792	2.25356
1686	-71.55707	-234.6359	163.0789	0.1081301	0.214109	0.609592	0.390408	1.555269
1692	-67.93148	-230.0506	162.1191	0.200807	0.1753004	0.519931	0.480069	2.227333
1698	-92.32836	-253.6552	161.3268	0.1753278	0.1753004	0.225266	0.774734	2.739758
1704	-82.63858	-243.8455	161.2069	0.3764541	0.6291345	0.675616	0.324384	2.104381
1710	-82.57212	-244.2296	161.6575	0.09286722	0.7079848	0.406149	0.593851	1.922643
1716	-76.97367	-239.3269	162.3533	0.7083854	0.2018491	0.203248	0.796752	1.672049
1722	-78.48843	-241.0282	162.5397	0.8639087	0.1897143	0.570174	0.429826	1.447208
1728	-70.02117	-232.3227	162.3015	0.9572304	0.3835958	0.456246	0.543754	1.181509
1734	-80.63537	-242.7543	162.119	1.312873	0.4477628	0.665284	0.334716	0.896784
1740	-73.8905	-236.9124	163.0219	1.006307	0.1700466	0.861148	0.138852	0.9619435
1746	-68.09642	-230.5435	162.4471	1.0386	0.491427	0.451433	0.548567	0.727592
1752	-74.96054	-237.7396	162.779	1.481699	0.1695126	0.666757	0.333243	0.6523949
1758	-70.99233	-233.3961	162.4038	1.374513	0.3750793	0.897212	0.102788	0.5168342
1764	-60.66885	-223.4139	162.7451	1.419222	0.196891	0.825211	0.174789	0.673477
1770	-61.95499	-225.0884	163.1334	0.7784296	0.2659839	0.341122	0.658878	0.7749515
1776	-68.5333	-230.2578	161.7245	0.7972823	0.4697639	0.412494	0.587506	1.631831
1782	-64.56912	-227.3174	162.7483	0.5968281	0.1332978	0.799493	0.200507	1.631831
1788	-67.80046	-230.0416	162.2411	0.3650671	0.4043081	0.645021	0.354979	1.656606
1794	-68.29717	-230.7536	162.4565	0.1078645	0.3568936	0.713667	0.286333	1.753124
1800	-74.2064	-236.978	162.7716	0.06965082	0.3899702	0.610483	0.389517	1.504944
1806	-78.39485	-240.2646	161.8697	0.0196481	0.7600654	0.401038	0.598962	1.782582
1812	-78.92145	-241.3925	162.471	0.01503216	0.3126326	0.708677	0.291323	1.873535
1818	-72.37578	-234.3699	161.9942	0.06542346	0.5409291	0.525503	0.474497	1.873535
1824	-72.10192	-233.6056	161.5037	0.5225181	0.7119573	0.416591	0.583409	1.729139
1830	-80.69399	-242.0814	161.3874	0.2565658	0.643474	0.370912	0.629088	2.051347
1836	-69.6918	-231.684	161.9922	0.1196247	0.3813458	0.650986	0.349014	2.027101
1842	-79.13886	-241.1067	161.9679	0.3223839	0.3813458	0.341727	0.658273	1.907489
1848	-67.40113	-228.4364	161.0353	0.3117892	0.5907487	0.51981	0.48019	2.293033
1854	-71.50667	-232.8724	161.3657	0.7077119	0.4576825	0.188845	0.811155	1.957526
1860	-67.43835	-230.4778	163.0395	0.8260903	0.1150784	0.593739	0.406261	1.288711
1866	-69.22421	-231.1066	161.8824	0.92286	0.2095255	0.735289	0.264711	1.835609
1872	-66.51791	-229.2364	162.7185	0.8074579	0.2170936	0.709926	0.290074	1.286761
1878	-65.44136	-227.0262	161.5849	0.7167579	0.3263772	0.377237	0.622763	1.977318
1884	-66.00238	-227.9223	161.9199	0.582903	0.3328052	0.305831	0.694169	1.831328
1890	-70.27063	-231.578	161.3073	0.582903	0.8964691	0.537925	0.462075	1.671378
1896	-77.45639	-238.5516	161.0952	0.9452043	0.9562093	0.528862	0.471138	1.515843
1902	-71.10366	-232.9697	161.8661	0.7893486	0.4239646	0.801831	0.198169	1.594328
1908	-68.96653	-231.091	162.1245	0.8284935	0.4039494	0.246549	0.753451	1.39906
1914	-84.85999	-246.6452	161.7852	0.8989556	0.8613116	0.518123	0.481877	1.071443
1920	-74.24973	-236.4595	162.2098	0.8340411	0.5452442	0.564999	0.435001	1.121457
1926	-68.26719	-229.8293	161.5621	0.8340411	0.5235816	0.578748	0.421252	1.657795
1932	-74.28505	-236.473	162.188	0.9054024	0.5235816	0.566154	0.433846	1.107506
1938	-63.2739	-225.9328	162.6589	0.9899205	0.2217551	0.685635	0.314365	1.172066
1944	-65.77903	-227.4428	161.6638	0.7923484	0.7891602	0.761013	0.238987	1.338303
1950	-72.75974	-234.9849	162.2252	0.9733018	0.5799933	0.169868	0.830132	0.9170754
1956	-75.8922	-237.4893	161.5971	0.9552068	0.7138662	0.81304	0.18696	1.335823
1962	-71.86638	-234.2525	162.3861	0.8229496	0.5966602	0.8041	0.1959	0.8773509
1968	-72.28007	-234.2908	162.0107	0.3297107	0.2886865	0.46027	0.53973	2.009152
1974	-69.36808	-231.3655	161.9974	0.1051839	0.4782982	0.775799	0.224201	1.913796
1980	-67.83567	-229.4312	161.5955	0.08404012	0.1963103	0.537785	0.462215	2.590227
1986	-75.90263	-237.0408	161.1382	0.3843714	0.5801523	0.34471	0.65529	2.1902
1992	-71.02671	-231.9338	160.9071	0.2761023	0.8421954	0.753175	0.246825	2.1902
1998	-71.65153	-232.7216	161.0701	0.2137659	0.4409368	0.530203	0.469797	2.486907
2004	-90.42057	-250.0005	159.5799	0.6835314	0.6907372	0.358311	0.641689	2.879278
2010	-82.45623	-243.9431	161.4868	0.6835314	0.7013727	0.729692	0.270308	1.636312
2016	-82.4293	-244.2288	161.7995	0.5288612	0.3673689	0.701809	0.298191	1.900712
2022	-84.65639	-246.1178	161.4614	0.7573204	0.4866473	0.557146	0.442854	1.824823
2028	-90.78671	-251.0381	160.2514	1.102716	0.4866473	0.520423	0.479577	2.392622
2034	-74.51471	-235.931	161.4163	0.238867	0.4430575	0.440845	0.559155	2.249078
2040	-69.73276	-231.8838	162.151	0.6134905	0.3868744	0.78579	0.21421	1.566359
2046	-76.56094	-238.3345	161.7736	0.1146674	0.3868744	0.406451	0.593549	2.166732
2052	-75.59129	-237.6552	162.0639	0.1679366	0.3510343	0.332097	0.667903	1.988468
2058	-83.85193	-245.6302	161.7783	0.2995646	0.4294776	0.938676	0.0613237	1.988468
2064	-79.92642	-241.518	161.5915	0.4053104	0.4751799	0.584511	0.415489	1.988468
2070	-79.82187	-241.796	161.9742	0.1537562	0.3312988	0.51555	0.48445	2.085373
2076	-78.95223	-239.6489	160.6966	0.3594369	0.4992641	0.594801	0.405199	2.566091
2082	-79.43167	-241.4312	161.9996	0.1255571	0.2506787	0.744083	0.255917	2.21241
2088	-74.12738	-235.2659	161.1385	0.2549479	0.2520599	0.529282	0.470718	2.670545
2094	-84.81627	-244.9658	160.1495	0.2714437	0.3457671	0.494522	0.505478	3.125606
2100	-93.4632	-253.7406	160.2774	0.3385295	0.2616899	0.304854	0.695146	3.125606
2106	-78.59203	-240.0377	161.4457	0.4998364	0.1791008	0.628402	0.371598	2.457662
2112	-79.10616	-239.6614	160.5553	0.4259168	0.5667168	0.471292	0.528708	2.546302
2118	-69.83982	-231.0518	161.2119	0.3406638	0.5910199	0.280775	0.719225	2.160251
2124	-70.63221	-232.3674	161.7352	0.437659	0.5910199	0.368501	0.631499	1.742729
2130	-86.87693	-248.6638	161.7868	0.5124896	0.5097004	0.507872	0.492128	1.742289
2136	-98.76255	-260.3541	161.5916	1.095998	0.2139911	0.675094	0.324906	1.907113
2142	-80.27074	-241.8463	161.5756	1.018078	0.198359	0.791488	0.208512	2.001082
2148	-69.43984	-231.7706	162.3307	1.018078	0.5537557	0.377624	0.622376	0.7822978
2154	-72.42406	-235.0122	162.5882	0.8493588	0.1979269	0.71201	0.28799	1.401825
2160	-81.65107	-243.7294	162.0783	0.6854222	0.5227439	0.528016	0.471984	1.384692
2166	-79.14813	-240.2281	161.08	0.8563425	0.8491714	0.413284	0.586716	1.675858
2172	-75.43464	-237.6293	162.1946	0.9393364	0.4766444	0.674733	0.325267	1.140871
2178	-76.29267	-238.5972	162.3045	0.777923	0.5717622	0.530139	0.469861	1.047979
2184	-65.2076	-227.6333	162.4257	0.611083	0.4351352	0.731293	0.268707	1.285873
2190	-61.63455	-223.9621	162.3276	0.7611448	0.6236109	0.446459	0.553541	0.966623
2196	-77.36387	-239.4202	162.0563	0.9978553	0.6394713	0.273098	0.726902	0.9792959
2202	-70.22582	-232.605	162.3792	0.316891	0.5427778	0.744395	0.255605	1.41267
2208	-72.77406	-234.6038	161.8297	0.8036647	0.6721856	0.234788	0.765212	1.314616
2214	-70.77029	-232.9121	162.1418	0.7771821	0.4815785	0.418124	0.581876	1.315277
2220	-66.9933	-227.9621	160.9688	0.7688927	0.5710518	0.625918	0.374082	2.058407
2226	-60.96764	-221.2985	160.3309	0.6678949	0.3960423	0.453078	0.546922	2.71536
2232	-70.52957	-232.6786	162.1491	0.4654889	0.4423759	0.44537	0.55463	1.599602
2238	-74.93717	-236.7628	161.8256	0.7704569	0.5777668	0.559044	0.440956	1.448473
2244	-71.24286	-233.7227	162.4798	1.3434	0.3317219	0.488079	0.511921	0.66828
2250	-71.37034	-233.9258	162.5555	1.3434	0.2464206	0.384822	0.615178	0.8567668
2256	-82.94017	-244.3326	161.3925	1.346367	1.00376	0.744552	0.255448	0.8577715
2262	-79.11427	-239.7044	160.5902	1.520911	2.090903	0.539404	0.460596	0.529994
2268	-69.61492	-232.5997	162.9848	1.156109	0.2024117	0.529024	0.470976	0.6864402
2274	-59.60926	-221.8723	162.2631	0.8270435	0.45796	0.495276	0.504724	1.207269
2280	-68.00577	-229.9035	161.8978	0.8508524	0.6828845	0.834603	0.165397	1.207269
2286	-68.91912	-230.9178	161.9987	0.7788616	0.607952	0.63334	0.36666	1.26979
2292	-74.0643	-236.7991	162.7348	0.7746846	0.2647024	0.447849	0.552151	1.193709
2298	-71.44193	-233.6943	162.2523	0.9218917	0.2550487	0.806858	0.193142	1.481755
2304	-72.41457	-234.1386	161.7241	0.847962	0.379883	0.540041	0.459959	1.714808
2310	-73.05985	-234.3909	161.331	0.6270003	0.6183078	0.641485	0.358515	1.864105
2316	-76.8862	-239.4121	162.5259	1.05969	0.3141105	0.600616	0.399384	1.016203
2322	-70.63007	-231.7672	161.1371	0.1367593	0.3866687	0.645731	0.354269	2.556922
2328	-80.99068	-241.9182	160.9275	0.2183345	1.0841	0.704158	0.295842	2.051326
2334	-84.44394	-246.4429	161.999	0.6019486	0.2731433	0.422895	0.577105	1.858931
2340	-87.45207	-249.9083	162.4562	0.6372399	0.2867943	0.368132	0.631868	1.483136
2346	-80.96353	-242.7655	161.802	0.7926967	0.4001823	0.260754	0.739246	1.670481
2352	-79.54163	-241.2904	161.7488	0.7657899	0.3633464	0.870827	0.129173	1.77852
2358	-72.49338	-234.5987	162.1053	0.5328661	0.2219974	0.759041	0.240959	1.925175
2364	-74.86518	-236.9507	162.0855	0.5302764	0.4080128	0.562922	0.437078	1.644642
2370	-67.93583	-229.6564	161.7206	0.5137276	0.4021563	0.795713	0.204287	1.917817
2376	-88.59063	-249.2726	160.682	0.4085949	0.4952225	0.646911	0.353089	2.548798
2382	-76.433	-237.4204	160.9874	0.2659686	0.6601143	0.644797	0.355203	2.290349
2388	-72.69297	-234.8427	162.1497	0.7865318	0.3845534	0.461939	0.538061	1.441139
2394	-72.89168	-234.7998	161.9081	0.5113767	0.9622716	0.29397	0.70603	1.210787
2400	-79.39742	-241.7849	162.3875	0.1301505	0.253289	0.897915	0.102085	1.949496
2406	-80.81514	-242.5758	161.7607	0.1039958	0.5956399	0.553331	0.446669	1.949496
2412	-69.143	-231.2222	162.0792	0.2561853	0.3816617	0.458938	0.541062	1.876391
2418	-70.02012	-232.0965	162.0764	0.2173143	0.3816617	0.763706	0.236294	1.904715
2424	-69.36465	-229.8384	160.4738	0.4960297	0.48856	0.421256	0.578744	2.630541
2430	-73.85571	-234.5301	160.6744	0.9541305	0.9534204	0.702178	0.297822	1.812623
2436	-84.10366	-245.733	161.6293	1.387504	0.613686	0.790594	0.209406	1.051887
2442	-73.44531	-234.6256	161.1803	0.082713	0.4223687	0.537814	0.462186	2.521116
2448	-80.67139	-241.7631	161.0918	0.3337849	0.3529252	0.898722	0.101278	2.50513
2454	-78.66387	-239.3819	160.718	0.9625416	1.030608	0.226341	0.773659	1.722132
2460	-71.77288	-233.6012	161.8283	0.9217952	0.4465191	0.22479	0.77521	1.493915
2466	-84.95168	-246.6434	161.6917	1.041423	0.4561043	0.553478	0.446522	1.493915
2472	-74.58205	-236.5573	161.9753	0.7174367	0.3956844	0.197149	0.802851	1.6062
2478	-72.87645	-234.0867	161.2102	0.7174367	0.9991592	0.768812	0.231188	1.566933
2484	-75.58806	-238.1553	162.5673	0.7837307	0.3924864	0.482122	0.517878	1.08319
2490	-78.34966	-240.5647	162.2151	0.7837307	0.5398673	0.4453	0.5547	1.168845
2496	-77.54342	-239.6333	162.0899	0.7837307	0.5398673	0.552239	0.447761	1.274834
2502	-74.99286	-237.583	162.5902	1.071717	0.3933005	0.629119	0.370881	0.728835
2508	-81.45045	-242.6698	161.2194	2.020264	0.6190928	0.658296	0.341704	0.2867349
2514	-79.01973	-240.4073	161.3876	2.020264	0.3980038	0.748933	0.251067	0.1968911
2520	-83.81878	-244.6978	160.879	2.136841	0.6387208	0.529676	0.470324	0.1968911
2526	-73.35985	-234.8077	161.4479	1.90743	0.5136739	0.48515	0.51485	0.2600794
2532	-73.95598	-235.8895	161.9335	1.719377	0.4200979	0.708016	0.291984	0.3734328
2538	-75.44623	-237.2932	161.8469	1.719377	0.4863223	0.310124	0.689876	0.439339
2544	-76.10114	-238.2448	162.1437	1.719377	0.3126988	0.475801	0.524199	0.3594601
2550	-78.404	-240.5755	162.1715	1.625502	0.3642104	0.294621	0.705379	0.4572808
2556	-91.52994	-252.8476	161.3176	1.625502	0.9600935	0.672999	0.327001	0.594182
2562	-89.72107	-251.3141	161.593	0.6195845	0.6717531	0.676767	0.323233	1.634032
2568	-90.7917	-251.6393	160.8476	0.3637189	0.37613	0.625649	0.374351	2.608672
2574	-86.90972	-248.6763	161.7666	0.4590852	0.4936837	0.632011	0.367989	1.811909
2580	-77.91017	-239.8874	161.9773	0.1786481	0.1681947	0.599938	0.400062	2.347125
2586	-67.82642	-228.5857	160.7593	0.2571578	0.403707	0.839538	0.160462	2.695424
2592	-80.80156	-243.1421	162.3405	0.237601	0.4790366	0.513345	0.486655	1.579357
2598	-79.57704	-239.6105	160.0335	0.8352103	0.4790366	0.401486	0.598514	2.702696
2604	-72.1501	-233.6753	161.5252	0.2413256	0.5763549	0.427303	0.572697	2.034056
2610	-78.51329	-240.4386	161.9253	0.8069793	0.3663762	0.234809	0.765191	1.619837
2616	-88.24345	-251.1433	162.8998	0.7069431	0.1867207	0.322479	0.677521	1.29454
2622	-79.86164	-242.0603	162.1987	0.9837257	0.4047496	0.318287	0.681713	1.211682
2628	-78.58661	-239.9296	161.343	1.081541	0.4425768	0.519408	0.480592	1.735082
2634	-70.95147	-231.9641	161.0126	0.7953719	0.5431663	0.478672	0.521328	2.040187
2640	-68.12984	-230.7356	162.6057	0.7759211	0.180003	0.44767	0.55233	1.486909
2646	-83.43561	-246.1759	162.7403	0.6710529	0.1426336	0.543374	0.456626	1.55874
2652	-78.586	-239.7193	161.1333	0.5172704	0.3979516	0.518301	0.481699	2.305868
2658	-78.57058	-239.7615	161.1909	0.3136688	0.9114126	0.751069	0.248931	1.927432
2664	-74.81853	-236.5778	161.7593	0.7097175	0.2859029	0.666487	0.333513	1.927432
2670	-72.51242	-234.6483	162.1359	1.136458	0.3265399	0.670387	0.329613	1.270697
2676	-65.9853	-228.0354	162.0501	0.7583441	0.6735718	0.543132	0.456868	1.166301
2682	-69.13955	-231.6757	162.5362	0.6833025	0.3375327	0.746016	0.253984	1.294393
2688	-74.06377	-235.5183	161.4546	0.6870539	0.3461149	0.345249	0.654751	2.055318
2694	-74.2514	-236.7489	162.4975	0.4042286	0.3256069	0.72233	0.27767	1.55943
2700	-79.47792	-240.7931	161.3152	0.4827641	0.3579312	0.383797	0.616203	2.262833
2706	-71.37175	-233.5744	162.2027	0.5281799	0.3044222	0.346993	0.653007	1.716877
2712	-75.05357	-236.594	161.5404	0.4587761	0.5871501	0.244363	0.755637	1.866817
2718	-79.87654	-241.8333	161.9567	0.546149	0.4710528	0.317402	0.682598	1.643824
2724	-80.11334	-242.0702	161.9569	0.5387202	0.3448792	0.288893	0.711107	1.818416
2730	-73.24946	-234.6879	161.4385	0.1422698	0.375626	0.631289	0.368711	2.37826
2736	-79.76444	-240.3926	160.6282	0.6928313	0.7360239	0.633474	0.366526	2.182993
2742	-79.6311	-240.6996	161.0685	0.3240136	0.680634	0.409724	0.590276	2.182993
2748	-75.77815	-237.3254	161.5473	0.7021799	0.680634	0.435942	0.564058	1.598804
2754	-68.67205	-229.6751	161.0031	0.2080323	0.3907733	0.503562	0.496438	2.590842
2760	-64.42595	-226.4461	162.0201	0.8197271	0.5824811	0.646958	0.353042	1.248975
2766	-67.38726	-229.9701	162.5829	0.83312	0.2760478	0.352266	0.647734	1.248975
2772	-68.32177	-230.9427	162.621	0.9288226	0.2424897	0.679801	0.320199	1.208533
2778	-65.77756	-228.1276	162.3501	1.117628	0.3373134	0.545662	0.454338	1.079925
2784	-71.59254	-233.8707	162.2781	1.021272	0.5694651	0.582604	0.417396	0.8163297
2790	-79.13658	-240.2633	161.1268	0.7267099	0.6955209	0.286515	0.713485	1.863602
2796	-65.35795	-226.3232	160.9652	0.9258615	0.6955209	0.447457	0.552543	1.837836
2802	-69.97666	-232.4845	162.5078	0.6733568	0.3414658	0.36343	0.63657	1.318568
2808	-77.81942	-239.2401	161.4207	0.6028678	0.511093	0.480692	0.519308	1.930297
2814	-71.12534	-233.1282	162.0028	0.357493	0.3315319	0.673002	0.326998	1.930297
2820	-76.75168	-239.0563	162.3046	0.4721429	0.1734905	0.70202	0.29798	1.930297
2826	-80.43337	-240.316	159.8827	1.125177	1.465966	0.439739	0.560261	1.930297
2832	-72.23288	-234.5551	162.3222	0.594995	0.3636408	0.478724	0.521276	1.487594
2838	-71.45785	-232.1399	160.6821	0.6365884	1.039972	0.642541	0.357459	1.964334
2844	-88.5627	-248.6113	160.0486	1.128675	1.165748	0.61211	0.38789	1.980697
2850	-75.21366	-237.5449	162.3313	0.7822942	0.3744646	0.834879	0.165121	1.317797
2856	-77.91224	-239.2627	161.3504	0.5999437	0.2065406	0.614786	0.385214	2.401856
2862	-75.55024	-235.0165	159.4662	0.1830361	0.6850303	0.873515	0.126485	3.250788
2868	-73.28977	-234.9385	161.6487	0.2800245	0.6072065	0.699404	0.300596	1.894866
2874	-76.69067	-238.0874	161.3968	0.1214186	0.290696	0.354582	0.645418	2.533897
2880	-89.49789	-250.8534	161.3555	0.1411015	0.3683896	0.875119	0.124881	2.44057
2886	-78.92847	-239.7103	160.7818	0.03936281	0.2310905	0.56656	0.43344	3.051319
2892	-87.37419	-247.9355	160.5613	0.08907447	0.1588889	0.258713	0.741287	3.283285
2898	-84.17728	-246.698	162.5207	0.5685979	0.1687766	0.55799	0.44201	1.725662
2904	-79.62266	-242.6718	163.0492	0.09743773	0.2101354	0.460548	0.539452	1.593265
2910	-85.55958	-246.6128	161.0532	0.4038074	0.297306	0.460548	0.539452	2.562246
2916	-81.37962	-243.1921	161.8125	0.4038074	0.4429065	0.283173	0.716827	1.878657
2922	-73.80506	-235.9428	162.1378	0.6416754	0.1992784	0.456102	0.543898	1.87398
2928	-76.71462	-239.5938	162.8792	1.124979	0.2107529	0.780142	0.219858	0.8486716
2934	-72.56386	-235.2335	162.6697	0.8336125	0.347135	0.683945	0.316055	1.026054
2940	-70.75795	-233.2472	162.4893	0.9063754	0.4343555	0.401292	0.598708	0.9621385
2946	-66.57703	-228.6041	162.0271	0.9326905	0.599878	0.526118	0.473882	1.123173
2952	-82.99805	-245.8092	162.8111	1.235591	0.2158013	0.486599	0.513401	0.7742127
2958	-85.95869	-248.5594	162.6007	1.235591	0.3360875	0.884375	0.115625	0.6174638
2964	-73.48887	-235.3767	161.8878	1.139633	0.1343507	0.873701	0.126299	1.851994
2970	-82.87465	-245.0238	162.1491	0.7069481	0.1847591	0.807489	0.192511	1.851994
2976	-75.78349	-238.3877	162.6042	0.5869674	0.3725906	0.532314	0.467686	1.257459
2982	-77.98548	-240.9319	162.9464	0.7842591	0.2044538	0.474756	0.525244	1.1439
2988	-75.05213	-237.0687	162.0166	0.7864461	0.3579774	0.619111	0.380889	1.58099
2994	-72.95186	-234.6984	161.7465	0.6229532	0.4110893	0.657278	0.342722	1.81386
3000	-73.76945	-234.3103	160.5409	0.8364419	0.5646445	0.652869	0.347131	2.298631
3006	-76.78081	-238.5406	161.7598	0.3705776	0.372622	0.219541	0.780459	2.02643
3012	-65.37435	-227.085	161.7107	0.7053883	0.4040607	0.719853	0.280147	1.790847
3018	-70.19367	-232.7304	162.5367	1.041504	0.3252378	0.406705	0.593295	0.9988686
3024	-68.12389	-230.6378	162.5139	0.843619	0.4358177	0.493959	0.506041	0.9983179
3030	-64.6749	-227.1863	162.5114	0.843619	0.3348682	0.231422	0.768578	1.18561
3036	-74.91625	-236.6647	161.7485	0.7463978	0.5227201	0.797811	0.202189	1.587457
3042	-77.61737	-238.9726	161.3552	1.012696	0.7094441	0.491904	0.508096	1.48321
3048	-73.91119	-236.4434	162.5322	1.012696	0.3556541	0.76488	0.23512	0.9662581
3054	-74.93914	-237.8266	162.8875	0.9989003	0.2446655	0.465838	0.534162	0.8770565
3060	-79.3334	-241.6783	162.3449	1.20176	0.4604605	0.379656	0.620344	0.7145397
3066	-81.21891	-244.0184	162.7995	0.9253549	0.2784286	0.405262	0.594738	0.9601531
3072	-83.01476	-245.7683	162.7535	0.9151175	0.3682351	0.560633	0.439367	0.7920141
3078	-86.86285	-249.0014	162.1385	1.193471	0.3682351	0.64604	0.35396	1.144339
3084	-77.20462	-239.9533	162.7487	1.193471	0.2878919	0.607345	0.392655	0.6268142
3090	-70.59298	-232.8893	162.2964	1.304552	0.4650609	0.601376	0.398624	0.5733434
3096	-79.59302	-240.4511	160.8581	1.269099	0.9893745	0.567064	0.432936	1.424373
3102	-71.87935	-232.6211	160.7417	0.2208679	0.6851053	0.651071	0.348929	2.453354
3108	-80.21232	-240.8224	160.6101	0.1342137	0.3176039	0.471501	0.528499	2.968985
3114	-91.20971	-251.6682	160.4585	0.08449919	0.3176039	0.483632	0.516368	3.089548
3120	-82.58895	-243.7014	161.1125	1.234522	1.058359	0.600985	0.399015	1.19121
3126	-80.24826	-242.4614	162.2131	1.234522	0.2812321	0.843827	0.156173	1.21165
3132	-71.08997	-233.6248	162.5349	0.8257826	0.4179277	0.584258	0.415742	1.027837
3138	-81.55571	-243.8937	162.338	1.148339	0.413744	0.815974	0.184026	0.9055837
3144	-79.35821	-240.6769	161.3187	1.560587	0.6802779	0.455183	0.544817	1.094761
3150	-75.61486	-237.2893	161.6744	1.560587	0.6658045	0.520805	0.479195	0.7102207
3156	-79.29538	-240.8477	161.5523	1.491892	0.8775335	0.428768	0.571232	0.537726
3162	-84.1681	-245.2333	161.0652	1.491892	1.162157	0.533668	0.466332	0.8954817
3168	-86.64125	-246.6557	160.0145	1.562377	1.930267	0.568582	0.431418	1.288055
3174	-76.85179	-238.6437	161.7919	1.558177	0.6325355	0.587416	0.412584	0.5089627
3180	-85.76849	-246.2975	160.529	1.253472	0.6530463	0.797652	0.202348	1.950196
3186	-74.94236	-236.3201	161.3778	0.4953405	0.5638213	0.386852	0.613148	1.975665
3192	-86.00072	-247.8989	161.8981	0.9586399	0.6420987	0.2281	0.7719	1.161471
3198	-91.01185	-253.3849	162.373	1.247785	0.1812092	0.625263	0.374737	1.297178
3204	-90.17487	-252.0744	161.8995	1.000647	0.3772168	0.405325	0.594675	1.479676
3210	-80.7559	-242.6251	161.8692	0.7766699	0.5191555	0.134201	0.865799	1.479676
3216	-82.20608	-243.0465	160.8404	1.042694	1.78628	0.563914	0.436086	1.101451
3222	-84.36777	-245.2364	160.8686	0.7495366	0.7691325	0.617759	0.382241	1.960162
3228	-83.42432	-244.9749	161.5506	0.6512146	0.6331667	0.461829	0.538171	1.679634
3234	-84.53051	-246.4008	161.8703	0.108585	0.8066288	0.851785	0.148215	1.680442
3240	-75.65158	-237.5974	161.9458	0.09419984	0.3338257	0.76745	0.23255	2.139374
3246	-70.70443	-231.6684	160.9639	0.04013074	0.2760327	0.68451	0.31549	2.871167
3252	-73.33266	-234.0286	160.6959	0.05383808	0.4811298	0.353818	0.646182	2.773253
3258	-66.69484	-228.9745	162.2796	0.1581525	0.3095682	0.415077	0.584923	1.91107
3264	-64.10084	-226.2169	162.1161	0.1551015	0.3903751	0.58192	0.41808	1.908316
3270	-59.38625	-221.5289	162.1426	0.1051567	0.4262658	0.408285	0.591715	1.877851
3276	-64.20862	-225.8418	161.6332	0.3533613	0.3225076	0.366858	0.633142	2.190308
3282	-67.03928	-228.5099	161.4706	1.104287	1.024133	0.529189	0.470811	1.012657
3288	-67.9386	-230.7156	162.777	1.048508	0.2516184	0.529189	0.470811	0.9249298
3294	-63.66394	-226.5271	162.8631	1.048508	0.1952636	0.541055	0.458945	0.99981
3300	-78.58976	-241.5871	162.9973	1.231028	0.1847703	0.523142	0.476858	0.6131343
3306	-77.83286	-240.1717	162.3388	0.5979815	0.4662269	0.439603	0.560397	1.322138
3312	-75.16077	-236.9075	161.7468	0.7030595	0.4662269	0.53568	0.46432	1.6877
3318	-72.97543	-235.5514	162.576	0.661673	0.2377773	0.667103	0.332897	1.468202
3324	-75.26526	-237.8667	162.6015	0.24635	0.2152253	0.701121	0.298879	1.794919
3330	-69.84514	-232.3178	162.4727	0.6976866	0.300467	0.272508	0.727492	1.399481
3336	-65.25271	-228.2063	162.9536	0.6976866	0.2012288	0.39068	0.60932	1.220919
3342	-72.61375	-233.8	161.1862	0.6329476	0.4617313	0.659824	0.340176	2.121275
3348	-75.78177	-236.9075	161.1257	0.5436542	0.5323277	0.572486	0.427514	2.142461
3354	-77.95076	-239.399	161.4483	0.8433208	1.158477	0.704469	0.295531	1.158736
3360	-83.15843	-243.9226	160.7641	0.7133888	0.3863413	0.636081	0.363919	2.429944
3366	-79.12855	-241.7969	162.6684	0.877836	0.3112334	0.274462	0.725538	1.060494
3372	-91.94713	-252.3715	160.4244	0.877836	0.6947395	0.786722	0.213278	2.229342
3378	-86.37917	-248.11	161.7308	0.8040918	0.3604116	0.710554	0.289446	1.768573
3384	-73.25543	-235.3686	162.1132	0.9310239	0.3681497	0.654563	0.345437	1.38302
3390	-65.38952	-227.5624	162.1729	0.9261981	0.4929654	0.4252	0.5748	1.147381
3396	-72.04418	-233.5409	161.4967	0.2555482	0.7377179	0.428662	0.571338	1.895749
3402	-76.01697	-237.7397	161.7228	0.1342317	0.2393278	0.3312	0.6688	2.402747
3408	-79.18203	-241.3449	162.1629	0.2051091	0.2685006	0.763648	0.236352	2.023608
3414	-73.78094	-234.5786	160.7977	0.121201	0.2874891	0.880028	0.119972	2.90585
3420	-77.18933	-238.9686	161.7793	0.1965248	0.5469265	0.923073	0.0769269	1.924031
3426	-63.81232	-225.9635	162.1512	0.4007115	0.3526953	0.66741	0.33259	1.76793
3432	-70.23949	-232.2266	161.9871	0.4983247	0.1681035	0.764685	0.235315	2.135213
3438	-67.73669	-229.7619	162.0252	0.5683665	0.3000862	0.707883	0.292117	1.819557
3444	-70.36612	-232.6648	162.2986	0.7885436	0.3135652	0.677823	0.322177	1.440479
3450	-71.69164	-233.9706	162.279	0.6425771	0.2539368	0.506539	0.493461	1.669045
3456	-83.05983	-244.2903	161.2304	0.4314019	0.5289992	0.158227	0.841773	2.150819
3462	-77.60403	-239.3968	161.7928	0.120677	0.3864651	0.245512	0.754488	2.150819
3468	-86.7706	-247.1479	160.3773	0.2915071	0.4421113	0.611342	0.388658	2.863942
3474	-79.37873	-242.471	163.0923	0.7199141	0.107774	0.729307	0.270693	1.355417
3480	-70.70288	-232.5533	161.8504	0.3822093	0.5186426	0.768018	0.231982	1.77877
3486	-69.06748	-230.4567	161.3892	0.4679935	0.4207779	0.74013	0.25987	2.144639
3492	-70.59041	-231.1202	160.5298	0.5155238	0.4207779	0.331843	0.668157	2.657871
3498	-75.82867	-238.2952	162.4665	0.3739731	0.1965914	0.742865	0.257135	1.837734
3504	-74.09186	-235.3936	161.3017	0.1924488	0.6595451	0.461659	0.538341	2.135246
3510	-71.71638	-233.9283	162.2119	0.07902478	0.5076575	0.560745	0.439255	1.750531
3516	-66.26175	-227.0649	160.8031	0.08494382	0.3490847	0.79679	0.20321	2.840776
3522	-81.18783	-241.0006	159.8128	0.2008734	0.2367944	0.772007	0.227993	3.518559
3528	-82.37737	-242.5776	160.2002	0.0340717	0.2367944	0.591118	0.408882	3.38956
3534	-81.61651	-241.7016	160.0851	0.08100022	0.2628662	0.324888	0.675112	3.38956
3540	-83.06225	-242.6548	159.5926	0.3240765	0.3735377	0.802355	0.197645	3.38956
3546	-84.85541	-246.6255	161.7701	0.1765726	0.2510355	0.803282	0.196718	2.326242
3552	-98.19504	-259.3035	161.1085	0.3359338	0.3498237	0.756272	0.243728	2.497417
3558	-96.83594	-257.4297	160.5937	0.2233652	0.4049003	0.781523	0.218477	2.815823
3564	-89.68527	-250.2407	160.5554	0.1215381	0.4144252	0.731641	0.268359	2.889816
3570	-90.89199	-252.7846	161.8926	0.141361	0.1490863	0.61363	0.38637	2.465132
3576	-73.60792	-234.8467	161.2388	0.3335196	0.3148223	0.77575	0.22425	2.465132
3582	-79.33933	-240.4795	161.1402	0.09312944	0.6955703	0.629097	0.370903	2.272928
3588	-72.42644	-234.8951	162.4687	0.09653836	0.4137959	0.452771	0.547229	1.673021
3594	-73.25724	-234.0781	160.8209	0.3068196	0.7633786	0.648489	0.351511	2.285708
3600	-67.8443	-229.5463	161.702	0.02815345	0.3291381	0.649345	0.350655	2.345369
3606	-70.89362	-231.3885	160.4949	0.05737767	0.8397325	0.437837	0.562163	2.591138
3612	-62.92876	-224.2584	161.3296	0.4964424	0.5921042	0.509321	0.490679	1.978862
3618	-69.84706	-231.2932	161.4462	0.4718025	0.3922294	0.434743	0.565257	2.140519
3624	-65.41854	-227.7786	162.3601	1.00494	0.3933301	0.615306	0.384694	1.068577
3630	-66.95198	-228.8583	161.9064	0.5504436	0.3735887	0.443019	0.556981	1.804125
3636	-66.19229	-227.0365	160.8442	0.1454439	0.5058355	0.556032	0.443968	2.600533
3642	-63.03923	-224.0554	161.0162	0.2998406	0.6997423	0.500612	0.499388	2.216208
3648	-59.76837	-221.8734	162.105	0.05687811	0.4738576	0.267987	0.732013	1.878688
3654	-77.95506	-239.1974	161.2423	0.0420922	0.6159068	0.76077	0.23923	2.309816
3660	-69.67004	-230.8596	161.1896	0.09480936	0.6159068	0.58671	0.41329	2.309816
3666	-65.91057	-226.5779	160.6674	0.1646654	0.3403928	0.473904	0.526096	2.885934
3672	-85.18174	-245.9816	160.7998	0.7111392	0.2219076	0.5478	0.4522	2.648346
3678	-82.38885	-243.6386	161.2497	0.3323434	0.3708447	0.782067	0.217933	2.383528
3684	-89.56104	-250.058	160.4969	0.1442615	0.4315166	0.511494	0.488506	2.89228
3690	-80.49251	-241.5579	161.0653	0.1378914	0.3326299	0.375507	0.624493	2.669802
3696	-99.92212	-259.5475	159.6254	0.1367037	0.8144577	0.15589	0.84411	3.088557
3702	-86.12292	-247.2794	161.1564	0.07722046	0.7025216	0.753809	0.246191	2.266899
3708	-90.05879	-250.5609	160.5021	0.2681252	0.7025216	0.505591	0.494409	2.559271
3714	-74.06398	-234.5358	160.4718	0.4734717	0.6873912	0.427049	0.572951	2.46234
3720	-85.03447	-245.9892	160.9548	0.7287981	0.5161263	0.606925	0.393075	2.150117
3726	-84.10692	-246.207	162.1001	0.4383009	0.6595665	0.606925	0.393075	1.403235
3732	-80.28773	-241.5692	161.2815	0.6473508	0.2330937	0.654154	0.345846	2.367989
3738	-73.02696	-235.4773	162.4503	1.079369	0.4166309	0.333726	0.666274	0.8489128
3744	-76.8553	-238.9987	162.1434	0.7929995	0.2843388	0.760054	0.239946	1.603692
3750	-72.95333	-234.8979	161.9445	0.5550444	0.6175517	0.619669	0.380331	1.477702
3756	-74.75132	-237.3545	162.6032	0.5580419	0.2610454	0.443943	0.556057	1.479948
3762	-64.05248	-225.5761	161.5236	1.152578	0.724159	0.697253	0.302747	1.223355
3768	-71.25299	-233.3424	162.0894	1.388602	0.5305908	0.72469	0.27531	0.6174903
3774	-66.43666	-229.0082	162.5716	1.377607	0.2865021	0.769662	0.230338	0.6174903
3780	-79.41864	-240.9473	161.5287	1.62053	0.7749561	0.379901	0.620099	0.4157653
3786	-72.90126	-231.8888	158.9876	1.574053	4.57437	0.538713	0.461287	1.219449
3792	-64.74055	-227.1396	162.399	0.8289825	0.2943125	0.617943	0.382057	1.365659
3798	-62.18106	-224.1656	161.9846	0.80243	0.3204204	0.641602	0.358398	1.651112
3804	-69.06102	-230.4601	161.3991	0.3546113	0.1783281	0.615577	0.384423	2.578881
3810	-71.58507	-232.2618	160.6768	0.3120063	0.5280272	0.399276	0.600724	2.578881
3816	-74.78268	-237.0802	162.2975	1.031861	0.2858797	0.633813	0.366187	1.300574
3822	-79.0506	-239.0438	159.9932	1.205212	2.578974	0.910073	0.0899273	1.312925
3828	-79.02483	-241.7847	162.7599	1.038083	0.2452176	0.430477	0.569523	0.9718126
3834	-87.72467	-247.4244	159.6997	1.453387	2.52473	0.582241	0.417759	1.369914
3840	-90.42777	-249.1075	158.6797	0.5220187	1.413976	0.599572	0.400428	3.087956
3846	-80.13942	-241.0134	160.8739	0.2008213	0.4276855	0.464136	0.535864	2.631828
3852	-84.16519	-245.5096	161.3444	0.352547	0.4276855	0.522761	0.477239	2.240179
3858	-79.48036	-241.5621	162.0817	1.109725	0.5999497	0.703921	0.296079	0.8921072
3864	-75.04583	-237.3818	162.336	1.109725	0.2761458	0.273606	0.726394	1.22386
3870	-68.56893	-230.1984	161.6295	0.8649221	0.28992	0.656997	0.343003	1.903749
3876	-66.09251	-228.6471	162.5546	0.4203405	0.2163053	0.330216	0.669784	1.703724
3882	-93.01186	-254.1953	161.1834	0.02189685	0.4716417	0.682354	0.317646	2.502158
3888	-79.70442	-240.7409	161.0365	0.02870507	0.5580421	0.666732	0.333268	2.502158
3894	-76.3036	-237.9273	161.6237	0.09030893	0.2622375	0.432993	0.567007	2.455122
3900	-80.2158	-243.0849	162.8691	0.4853972	0.3254225	0.280835	0.719165	1.2038
3906	-79.2643	-241.1393	161.875	0.81643	0.7302453	0.29427	0.70573	1.2038
3912	-71.22601	-232.8662	161.6402	0.6614865	0.8625978	0.593404	0.406596	1.393325
3918	-58.59323	-220.6304	162.0371	0.7474276	0.5575666	0.735394	0.264606	1.324938
3924	-78.27395	-237.6282	159.3542	1.620958	4.161957	0.389978	0.610022	0.9551485
3930	-88.20634	-245.7011	157.4947	1.620958	8.726076	0.505193	0.494807	1.609397
3936	-85.89606	-242.2587	156.3627	1.953637	13.79979	0.820759	0.179241	1.657345
3942	-78.97479	-241.4057	162.4309	1.067976	0.1334662	0.853543	0.146457	1.518709
3948	-90.64504	-253.7168	163.0717	1.067976	0.1107531	0.875182	0.124818	1.065019
3954	-94.65759	-255.4067	160.7491	0.6200413	0.1974042	0.40166	0.59834	2.77896
3960	-86.553	-248.8317	162.2787	0.1074999	0.2853865	0.817074	0.182926	1.983878
3966	-85.93067	-247.2456	161.3149	0.4957082	0.5224201	0.325623	0.674377	2.060158
3972	-72.17202	-234.3199	162.1479	0.7897414	0.2140734	0.729711	0.270289	1.734546
3978	-68.89628	-230.9725	162.0762	0.4861772	0.3334119	0.386224	0.613776	1.789256
3984	-77.69876	-239.6559	161.9571	0.1628448	0.296307	0.150312	0.849688	2.142472
3990	-77.06965	-238.9489	161.8793	0.6845011	0.4204686	0.549558	0.450442	1.665126
3996	-80.91072	-240.9087	159.998	0.6809994	0.8163413	0.239133	0.760867	2.529097
4002	-81.05907	-243.3946	162.3356	0.5376052	0.3983187	0.415614	0.584386	1.468658
4008	-73.95696	-236.2443	162.2874	0.2665109	0.2763842	0.652471	0.347529	1.885586
4014	-82.17627	-245.0608	162.8845	0.5135746	0.3841936	0.643356	0.356644	1.054291
4020	-71.93573	-233.9494	162.0137	0.6970344	0.6054606	0.822705	0.177295	1.327058
4026	-74.65416	-235.9105	161.2564	0.2818986	0.3368714	0.457554	0.542446	2.455932
4032	-74.04523	-236.0362	161.991	0.2410193	0.2413313	0.788421	0.211579	2.159116
4038	-74.64725	-236.8916	162.2443	0.4590342	0.2919696	0.409401	0.590599	1.756634
4044	-76.77234	-238.6329	161.8605	0.8013534	0.3098007	0.82836	0.17164	1.756634
4050	-81.70672	-242.1446	160.4379	0.2083386	0.6660079	0.507294	0.492706	2.665816
4056	-84.14317	-245.5751	161.432	0.4487659	0.6695192	0.398056	0.601944	1.868531
4062	-76.80982	-238.0555	161.2456	0.3445388	0.2991882	0.797258	0.202742	2.47643
4068	-78.60428	-238.9903	160.386	0.4539019	0.5249984	0.577664	0.422336	2.673789
4074	-69.38122	-230.4055	161.0243	0.2608979	0.5309221	0.585209	0.414791	2.390442
4080	-87.22047	-245.5823	158.3619	0.6400797	1.024335	0.763516	0.236484	3.405439
4086	-80.21427	-239.9252	159.711	0.2334065	0.3470305	0.567686	0.432314	3.405439
4092	-75.46305	-237.1696	161.7066	0.2428574	0.4641821	0.499889	0.500111	2.03267
4098	-74.02688	-234.7202	160.6933	0.2137618	0.5971769	0.445891	0.554109	2.564208
4104	-68.14538	-228.7816	160.6362	0.2517019	0.7366388	0.827802	0.172198	2.458595
4110	-75.177	-237.2232	162.0462	0.6629306	0.744552	0.474847	0.525153	1.1731
4116	-81.82817	-243.1298	161.3017	0.4449231	0.2243141	0.845249	0.154751	2.497936
4122	-82.19344	-244.0221	161.8286	0.1767739	0.4549755	0.780137	0.219863	2.006183
4128	-94.43081	-256.0833	161.6525	0.07311982	0.2193673	0.648595	0.351405	2.519741
4134	-70.29107	-232.2685	161.9775	0.05808816	0.3287536	0.393331	0.606669	2.149494
4140	-75.97304	-237.4484	161.4754	0.02266953	0.648569	0.557303	0.442697	2.142516
4146	-70.94793	-232.4954	161.5475	0.1354505	0.3104112	0.652701	0.347299	2.401834
4152	-73.19133	-233.3556	160.1643	0.261531	0.4093119	0.387517	0.612483	3.046649
4158	-71.61943	-233.4193	161.7999	0.1300126	0.3842113	0.916407	0.0835927	2.143043
4164	-72.28669	-234.6293	162.3426	0.5991773	0.1905125	0.688018	0.311982	1.780545
4170	-66.84658	-227.5505	160.7039	0.5415059	0.2599702	0.73959	0.26041	2.748822
4176	-74.30337	-236.5554	162.252	0.9844736	0.11234	0.826992	0.173008	1.76638
4182	-75.90927	-236.6704	160.7611	0.6141043	0.6098671	0.358996	0.641004	2.257214
4188	-84.55983	-246.5716	162.0118	0.9255978	0.4569146	0.708537	0.291463	1.334723
4194	-72.79072	-235.3124	162.5217	0.8718256	0.3498382	0.850588	0.149412	1.123374
4200	-83.81018	-245.9564	162.1462	0.8718256	0.5605702	0.352026	0.647974	1.123374
4206	-78.87153	-239.5496	160.6781	1.385689	1.126823	0.646926	0.353074	1.371113
4212	-71.92013	-232.7636	160.8435	0.5300087	0.5408646	0.636697	0.363303	2.324475
4218	-83.51086	-245.3999	161.889	1.111195	0.5448886	0.541477	0.458523	1.160733
4224	-72.42689	-234.4643	162.0374	0.5326558	0.3987819	0.45923	0.54077	1.689919
4230	-76.62084	-238.5993	161.9785	0.2726706	0.2304749	0.772391	0.227609	2.16579
4236	-74.8047	-237.1564	162.3517	0.1197942	0.3828659	0.44281	0.55719	1.781057
4242	-88.00189	-248.5209	160.519	0.1904353	0.3046426	0.46584	0.53416	3.007624
4248	-69.99361	-230.5917	160.5981	0.5503873	0.7028006	0.386241	0.613759	2.321157
4254	-74.34434	-236.3121	161.9678	0.6566254	0.2133756	0.362418	0.637582	1.950935
4260	-81.68711	-242.2533	160.5661	0.2212931	0.2899494	0.531247	0.468753	2.981499
4266	-91.78739	-252.1027	160.3153	0.302502	0.3161125	0.599572	0.400428	3.046868
4272	-103.2531	-264.9342	161.681	0.931417	0.2692424	0.853824	0.146176	1.857693
4278	-96.47406	-257.4996	161.0255	0.5666748	0.6391412	0.699004	0.300996	2.089414
4284	-88.50863	-250.9711	162.4624	0.4864861	0.5011704	0.831486	0.168514	1.264054
4290	-80.18303	-242.0122	161.8291	0.7700361	0.7066674	0.314734	0.685266	1.305589
4296	-79.66001	-241.7043	162.0443	0.2701434	0.2314538	0.314734	0.685266	2.12274
4302	-83.42607	-244.1952	160.7691	0.3956826	0.8625152	0.422436	0.577564	2.187291
4308	-90.78681	-251.8055	161.0186	0.7565356	0.8625152	0.808304	0.191696	1.778713
4314	-88.81708	-250.8234	162.0063	0.8592833	0.2257373	0.547863	0.452137	1.761905
4320	-90.73576	-251.0357	160.2999	0.8357981	1.402844	0.700881	0.299119	1.876084
4326	-80.29508	-242.6093	162.3142	0.9644602	0.3818509	0.307536	0.692464	1.167181
4332	-72.09632	-233.1934	161.0971	0.434345	0.6342311	0.625173	0.374827	2.133703
4338	-75.21194	-237.1442	161.9322	0.6777712	0.6342311	0.553471	0.446529	1.374555
4344	-73.97495	-235.9114	161.9365	0.3977482	0.4444302	0.677065	0.322935	1.795758
4350	-75.89985	-237.0388	161.1389	0.4357455	0.4444302	0.768956	0.231044	2.299074
4356	-82.95869	-242.9575	159.9988	0.6007583	0.8347778	0.717123	0.282877	2.565289
4362	-73.00952	-235.3512	162.3417	0.433852	0.3525785	0.47567	0.52433	1.609191
4368	-70.43341	-231.3538	160.9204	0.4172696	0.6598197	0.340999	0.659001	2.23651
4374	-83.55501	-244.2757	160.7207	0.5074829	0.7440729	0.932518	0.067482	2.23651
4380	-84.57346	-246.2449	161.6714	0.1620224	0.3605804	0.740292	0.259708	2.23651
4386	-74.80448	-236.0571	161.2526	0.3327639	0.3696602	0.656004	0.343996	2.382971
4392	-70.64164	-231.9606	161.319	0.2288888	0.3942307	0.661586	0.338414	2.375755
4398	-72.17752	-234.6603	162.4828	0.1015614	0.331955	0.714892	0.285108	1.776228
4404	-75.16086	-237.4533	162.2924	0.6067847	0.331955	0.84488	0.15512	1.551001
4410	-83.65065	-245.8622	162.2116	1.023632	0.4673114	0.599841	0.400159	1.062855
4416	-84.23771	-246.5766	162.3389	0.622015	0.1947303	0.829995	0.170005	1.758218
4422	-79.89961	-241.0812	161.1816	0.7457055	0.4054885	0.671388	0.328612	2.117694
4428	-87.82713	-249.3258	161.4986	0.498832	0.3698589	0.650165	0.349835	2.117694
4434	-80.15455	-241.3915	161.2369	0.6936355	0.3698589	0.532527	0.467473	2.161362
4440	-78.5456	-238.5295	159.9839	0.1811101	0.2849776	0.593311	0.406689	3.358156
4446	-68.83727	-230.5375	161.7002	0.1238035	0.2849776	0.663192	0.336808	2.350176
4452	-86.5231	-247.7846	161.2614	0.05959563	0.3605647	0.351424	0.648576	2.560329
4458	-73.00678	-234.1936	161.1869	0.134194	0.3605647	0.418941	0.581059	2.560329
4464	-66.25776	-227.7616	161.5038	0.05465451	0.2572005	0.572116	0.427884	2.560329
4470	-68.27859	-229.2957	161.0171	0.03026226	0.3751082	0.859337	0.140663	2.710901
4476	-75.61867	-236.8031	161.1844	0.0209686	0.301905	0.18168	0.81832	2.710901
4482	-74.72989	-236.0287	161.2988	0.3702429	0.1402507	0.775676	0.224324	2.710901
4488	-81.44039	-242.4586	161.0182	0.2219561	0.2871523	0.58176	0.41824	2.710901
4494	-76.62103	-238.2341	161.6131	0.3030908	0.4844293	0.38978	0.61022	2.03166
4500	-84.55533	-247.1479	162.5926	0.3959886	0.1810674	0.0942631	0.905737	1.768474
4506	-67.18471	-227.8247	160.64	0.4160775	0.401777	0.462815	0.537185	2.673392
4512	-60.26939	-221.9054	161.636	0.1341806	0.2808492	0.813242	0.186758	2.390615
4518	-76.28335	-238.0115	161.7281	0.05302919	0.4119186	0.667019	0.332981	2.204819
4524	-75.82733	-237.2828	161.4554	0.03751474	0.4418959	0.512884	0.487116	2.354027
4530	-75.37591	-237.8492	162.4733	0.02008953	0.1623979	0.293167	0.706833	2.14239
4536	-72.72904	-234.9944	162.2653	0.03321372	0.2263153	0.692997	0.307003	2.14239
4542	-78.20482	-240.9109	162.7061	0.0585581	0.2201929	0.653436	0.346564	1.842532
4548	-74.04494	-235.943	161.8981	0.2425494	0.1834721	0.328968	0.671032	2.325566
4554	-89.60453	-250.9386	161.3341	0.7102868	0.260724	0.669314	0.330686	2.247762
4560	-81.73468	-242.8471	161.1124	0.4656564	0.4210399	0.664064	0.335936	2.324158
4566	-68.55095	-229.6639	161.113	0.221537	0.4210399	0.679478	0.320522	2.477989
4572	-75.9258	-238.3608	162.435	0.2674669	0.4210399	0.832652	0.167348	1.563896
4578	-76.65283	-237.5389	160.886	0.3255437	0.4340888	0.797187	0.202813	2.539751
4584	-67.19443	-228.7622	161.5677	0.2065954	0.1470929	0.237187	0.762813	2.631042
4590	-69.52707	-231.1373	161.6102	0.2065954	0.3226688	0.703401	0.296599	2.299248
4596	-73.23513	-234.7753	161.5402	0.1619937	0.2234396	0.516203	0.483797	2.527186
4602	-84.77642	-246.897	162.1206	0.7538061	0.2135831	0.380759	0.619241	1.779709
4608	-83.42807	-242.9076	159.4795	0.3857795	0.562894	0.533292	0.466708	3.22536
4614	-87.77521	-249.511	161.7358	0.07076424	0.2648934	0.425329	0.574671	2.392595
4620	-83.3111	-244.9572	161.6461	0.03679607	0.3168545	0.265445	0.734555	2.392595
4626	-76.6246	-238.5419	161.9173	0.02417038	0.3591337	0.828361	0.171639	2.168571
4632	-76.31779	-237.4965	161.1787	0.3628552	0.4308177	0.750539	0.249461	2.335926
4638	-71.98552	-234.4409	162.4554	0.1632523	0.2816954	0.335358	0.664642	1.832433
4644	-81.92693	-243.6123	161.6854	0.1614396	0.4752821	0.621135	0.378865	2.087729
4650	-85.11591	-245.3137	160.1978	0.1614396	0.1932567	0.918765	0.0812346	3.389497
4656	-83.22275	-242.5886	159.3659	0.05032467	0.5668325	0.734775	0.265225	3.485731
4662	-69.93115	-231.4599	161.5287	0.1064295	0.2594348	0.751294	0.248706	2.508989
4668	-85.52086	-246.1524	160.6316	0.4552323	0.2594348	0.634365	0.365635	2.846204
4674	-72.10967	-233.0039	160.8942	0.576869	0.6486794	0.559623	0.440377	2.159974
4680	-74.26435	-236.0321	161.7678	0.2197303	0.343508	0.695612	0.304388	2.159974
4686	-65.41996	-227.3491	161.9291	0.1356551	0.3085431	0.749012	0.250988	2.159974
4692	-67.45401	-229.6081	162.1541	0.288537	0.2723368	0.450613	0.549387	1.967429
4698	-76.25419	-237.2318	160.9776	0.3984371	0.6612603	0.768701	0.231299	2.210447
4704	-64.50334	-226.9376	162.4343	0.9045732	0.2574467	0.751957	0.248043	1.349688
4710	-65.31652	-227.7057	162.3892	0.8118606	0.2470967	0.575728	0.424272	1.477128
4716	-64.17924	-227.0305	162.8513	0.9588772	0.2470967	0.537129	0.462871	0.9539806
4722	-68.75462	-230.3545	161.5999	0.4608811	0.4072876	0.548015	0.451985	2.027464
4728	-70.0524	-230.9715	160.9191	0.1862933	0.3470531	0.500885	0.499115	2.710854
4734	-69.63854	-232.2556	162.6171	0.9283381	0.2450183	0.522024	0.477976	1.206526
4740	-85.50004	-247.2924	161.7923	0.6251697	0.5102597	0.734765	0.265235	1.657932
4746	-81.29616	-242.9569	161.6607	0.7302076	0.4356857	0.781359	0.218641	1.767325
4752	-79.86516	-240.0451	160.18	0.6978432	0.9628673	0.429438	0.570562	2.302763
4758	-71.71729	-233.7561	162.0388	0.2088026	0.1615739	0.247986	0.752014	2.302763
4764	-70.38672	-231.9412	161.5544	0.3726662	0.3882817	0.644487	0.355513	2.13962
4770	-80.13211	-241.1352	161.0031	0.09702231	0.2337735	0.411125	0.588875	2.879163
4776	-85.59527	-247.6214	162.0261	0.4172272	0.2826704	0.782646	0.217354	1.949986
4782	-86.27985	-246.6814	160.4015	0.4643151	0.3390998	0.390122	0.609878	2.867142
4788	-89.29488	-250.3836	161.0887	0.740699	0.6719697	0.84834	0.15166	1.901208
4794	-86.31246	-247.2054	160.8929	0.2993399	0.2873408	0.850623	0.149377	2.739965
4800	-79.51352	-240.8566	161.343	0.4998874	0.4297271	0.717102	0.282898	2.143177
4806	-80.46192	-241.7705	161.3086	0.704954	0.7392042	0.415351	0.584649	1.71374
4812	-71.77165	-233.7858	162.0142	1.044556	0.6091386	0.637653	0.362347	1.017663
4818	-73.87013	-235.4268	161.5567	1.044556	0.7938844	0.462557	0.537443	1.214326
4824	-71.67574	-232.4258	160.7501	1.044556	0.9762327	0.434819	0.565181	1.679772
4830	-75.45745	-237.75	162.2926	1.044553	0.2513685	0.266152	0.733848	1.363482
4836	-76.47239	-235.9671	159.4947	1.044553	1.729147	0.320671	0.679329	2.119069
4842	-75.63036	-236.165	160.5347	1.07582	1.597908	0.320671	0.679329	1.432
4848	-78.79075	-240.3237	161.533	1.112091	0.559593	0.744114	0.255886	1.432
4854	-85.97656	-245.8741	159.8975	1.073364	1.324636	0.950036	0.049964	2.028463
4860	-75.98737	-236.9708	160.9835	0.7473458	0.6091028	0.470724	0.529276	2.025893
4866	-78.47623	-239.2433	160.7671	0.8424296	0.8313659	0.693111	0.306889	1.91647
4872	-73.93311	-235.462	161.5289	1.925561	0.5286464	0.626866	0.373134	0.3573239
4878	-67.70039	-229.2944	161.594	1.801027	0.5669315	0.721571	0.278429	0.3573239
4884	-70.72328	-232.3518	161.6285	2.115129	0.3263765	0.635838	0.364162	0.2813087
4890	-77.24889	-239.4619	162.2131	0.943278	0.4998546	0.652141	0.347859	1.085127
4896	-76.14582	-238.3017	162.1559	0.9467235	0.5454508	0.603407	0.396593	1.067002
4902	-79.65264	-241.9104	162.2578	0.8086593	0.3732664	0.664318	0.335682	1.357367
4908	-86.5091	-249.5037	162.9946	1.124157	0.1612176	0.380018	0.619982	0.8955562
4914	-76.62072	-238.7078	162.0871	1.047992	0.5661621	0.428636	0.571364	1.004916
4920	-73.32591	-234.0734	160.7475	0.2959747	0.9669433	0.283964	0.716036	2.193515
4926	-80.19563	-240.7972	160.6016	0.5259705	0.8875588	0.369406	0.630594	2.193515
4932	-79.94674	-242.4983	162.5516	0.8271381	0.2865285	0.608798	0.391202	1.258809
4938	-79.71312	-240.7069	160.9938	0.7834016	0.7544471	0.308327	0.691673	1.864658
4944	-73.60417	-234.4039	160.7997	0.3969927	0.5605751	0.348944	0.651056	2.417202
4950	-68.84186	-229.2102	160.3683	0.1221705	0.6046044	0.45706	0.54294	2.813517
4956	-73.95596	-234.2494	160.2934	0.6025903	0.6046044	0.587709	0.412291	2.56441
4962	-72.05086	-233.9749	161.9241	0.3111626	0.6011303	0.567672	0.432328	1.688319
4968	-71.391	-232.2364	160.8454	0.5010679	0.8548649	0.319456	0.680544	2.074207
4974	-76.70877	-238.7063	161.9975	0.195247	0.3264438	0.786644	0.213356	2.049633
4980	-72.05488	-233.2156	161.1607	0.09093778	0.4474547	0.721908	0.278092	2.499717
4986	-76.07912	-238.1651	162.0859	0.03444886	0.2623595	0.944318	0.0556815	2.196035
4992	-75.39062	-237.5768	162.1862	0.1066581	0.1996316	0.631626	0.368374	2.196035
4998	-67.33564	-228.235	160.8993	0.2385045	0.5630845	0.59904	0.40096	2.451825
5004	-67.24725	-228.7166	161.4694	0.46486	0.2591003	0.597943	0.402057	2.320916
5010	-64.8294	-226.0644	161.235	0.3544436	0.4176821	0.605562	0.394438	2.320916
5016	-79.77397	-241.3087	161.5348	0.3238414	0.2897581	0.586367	0.413633	2.320916
5022	-77.11908	-238.201	161.0819	0.07305322	0.6079069	0.794055	0.205945	2.399256
5028	-80.3386	-241.7372	161.3986	0.2474064	0.3287466	0.234496	0.765504	2.399256
5034	-80.47809	-242.5176	162.0395	0.4292326	0.5606786	0.729489	0.270511	1.563119
5040	-76.74522	-237.9375	161.1922	0.6827137	0.4599727	0.432428	0.567572	2.086692
5046	-81.61243	-244.3526	162.7402	0.114193	0.1437412	0.740762	0.259238	1.94627
5052	-77.6163	-239.7053	162.089	0.1427251	0.337927	0.773408	0.226592	2.007199
5058	-74.09644	-235.3814	161.285	0.1575826	0.6013752	0.583947	0.416053	2.221751
5064	-66.17472	-228.0935	161.9188	0.05097081	0.4002871	0.433727	0.566273	2.096425
5070	-79.8907	-241.5399	161.6492	0.1876374	0.4002871	0.271624	0.728376	2.183104
5076	-74.1875	-235.0994	160.9119	0.1908943	0.6350486	0.548015	0.451985	2.407873
5082	-84.8011	-246.7272	161.9261	0.06173098	0.3259637	0.29455	0.70545	2.184537
5088	-74.16846	-235.921	161.7525	0.1813234	0.2966483	0.406094	0.593906	2.262384
5094	-83.24916	-246.1832	162.934	0.2598335	0.2606455	0.884407	0.115593	1.455999
5100	-78.13918	-240.1326	161.9934	1.779889	0.2758887	0.889237	0.110763	0.2347631
5106	-78.00048	-239.5192	161.5187	1.779889	0.6664282	0.506669	0.493331	0.4513337
5112	-78.11134	-239.5546	161.4433	1.801815	0.710685	0.632254	0.367746	0.5118078
5118	-71.78753	-234.1226	162.3351	1.801815	0.2228667	0.729391	0.270609	0.5225528
5124	-72.46015	-235.0218	162.5617	1.369215	0.2919578	0.596786	0.403214	0.6307615
5130	-73.84645	-235.5621	161.7157	1.325711	0.8578097	0.519402	0.480598	0.6265045
5136	-75.01265	-237.0925	162.0798	0.7378179	0.5898834	0.561411	0.438589	1.258352
5142	-79.81832	-241.0822	161.2639	0.6972115	0.4085192	0.58685	0.41315	2.091754
5148	-61.12184	-223.2159	162.0941	0.02651529	0.2718144	0.553596	0.446404	2.18054
5154	-68.51915	-230.0037	161.4846	0.16786	0.4995066	0.509561	0.490439	2.188016
5160	-61.92522	-223.3174	161.3922	0.3566874	0.2213825	0.596878	0.403122	2.501653
5166	-71.8796	-233.1986	161.319	0.1792218	0.4036953	0.832042	0.167958	2.395603
5172	-73.26906	-235.0016	161.7325	1.10071	0.7006879	0.53125	0.46875	1.112323
5178	-69.09605	-231.6047	162.5086	1.006518	0.2301551	0.587223	0.412777	1.265602
5184	-72.53936	-235.1546	162.6152	0.530479	0.3288009	0.467715	0.532285	1.368667
5190	-81.277	-242.8575	161.5805	1.065692	0.6855869	0.57861	0.42139	1.289745
5196	-79.04072	-240.4881	161.4474	0.7764958	0.279329	0.697099	0.302901	2.101059
5202	-76.89232	-238.7469	161.8545	0.2042146	0.2987664	0.697099	0.302901	2.178562
5208	-80.89082	-242.6841	161.7933	0.3993568	0.2448807	0.473833	0.526167	2.178562
5214	-73.35457	-233.8292	160.4746	0.1574775	0.6064063	0.301154	0.698846	2.725536
5220	-72.49982	-233.3616	160.8617	0.1455236	0.4866743	0.764872	0.235128	2.60936
5226	-63.14824	-224.4433	161.2951	0.2360267	0.514776	0.462129	0.537871	2.250184
5232	-68.28246	-230.3105	162.028	0.4668951	0.4481404	0.802365	0.197635	1.678254
5238	-65.84126	-227.2359	161.3947	0.3604545	0.3488418	0.495806	0.504194	2.302451
5244	-81.77607	-243.7908	162.0148	0.9989021	0.561601	0.297812	0.702188	1.125933
5250	-86.17181	-247.8583	161.6865	0.7331771	0.768565	0.0287232	0.971277	1.386676
5256	-76.45307	-237.5311	161.078	0.4013313	0.2860185	0.502954	0.497046	2.565002
5262	-71.30683	-232.1542	160.8474	0.1657486	0.5267812	0.667402	0.332598	2.565002
5268	-74.89328	-235.9703	161.077	0.2480321	0.5267812	0.539021	0.460979	2.36937
5274	-76.00129	-236.5312	160.5299	0.1041562	0.3014725	0.222061	0.777939	3.057184
5280	-77.00035	-238.9515	161.9512	0.07304455	0.2409171	0.854403	0.145597	2.293808
5286	-72.06069	-233.4432	161.3825	0.3695685	0.3567517	0.753402	0.246598	2.293808
5292	-73.42188	-235.5198	162.0979	0.5316844	0.2325518	0.483814	0.516186	1.911168
5298	-86.53288	-247.9301	161.3972	0.785971	0.4709586	0.414849	0.585151	1.867581
5304	-75.45619	-237.3382	161.882	0.1816463	0.4067506	0.478623	0.521377	2.026244
5310	-85.61857	-247.0357	161.4171	0.1939991	0.6961119	0.360335	0.639665	2.026244
5316	-73.44476	-234.8248	161.38	0.4013024	0.5743609	0.23725	0.76275	2.026244
5322	-84.31377	-245.4729	161.1591	0.5553735	0.448953	0.465172	0.534828	2.204022
5328	-84.9221	-245.7958	160.8737	0.1422353	0.8277277	0.429934	0.570066	2.308371
5334	-91.84691	-251.4574	159.6104	0.1808033	0.5240268	0.55563	0.44437	3.304854
5340	-89.97175	-251.8359	161.8641	0.1459328	0.4317644	0.298985	0.701015	2.030822
5346	-78.32363	-238.4586	160.135	0.3446321	0.7960374	0.558312	0.441688	2.667288
5352	-71.80651	-233.9582	162.1516	0.3240722	0.3883852	0.763945	0.236055	1.770537
5358	-71.49289	-233.1491	161.6562	0.8289209	0.3835944	0.288882	0.711118	1.770537
5364	-72.04349	-234.2819	162.2384	0.896791	0.5694896	0.544916	0.455084	0.9997704
5370	-79.19173	-240.8635	161.6717	1.0449	0.6995933	0.901551	0.0984491	1.215822
5376	-82.60627	-243.7701	161.1639	1.0449	0.882381	0.878416	0.121584	1.448103
5382	-80.69369	-243.5811	162.8874	1.0449	0.1927053	0.132274	0.867726	0.9868515
5388	-85.86956	-248.5364	162.6669	0.4926678	0.3910557	0.388549	0.611451	1.253226
5394	-78.839	-240.9059	162.0669	0.9001794	0.4015814	0.411643	0.588357	1.391597
5400	-80.70491	-243.1897	162.4848	0.9001794	0.3146661	0.478096	0.521904	1.19832
5406	-82.01239	-243.6997	161.6873	0.5922139	0.5754397	0.795742	0.204258	1.683735
5412	-76.17055	-238.1905	162.0199	0.6826418	0.3895779	0.669173	0.330827	1.607685
5418	-79.28921	-241.5491	162.2599	0.9946951	0.2496095	0.629413	0.370587	1.431328
5424	-71.02736	-231.2808	160.2534	1.161671	1.475241	0.584842	0.415158	1.642484
5430	-71.39553	-232.5121	161.1165	1.0256	0.3078947	0.450167	0.549833	2.110417
5436	-64.32976	-226.7745	162.4448	1.208221	0.3535942	0.568406	0.431594	0.8506795
5442	-67.66197	-229.4648	161.8028	1.160148	0.8700358	0.531222	0.468778	0.746585
5448	-71.0449	-232.7704	161.7255	1.078899	0.4765221	0.506136	0.493864	1.412531
5454	-61.97345	-224.2965	162.3231	1.078899	0.4765221	0.538768	0.461232	0.8733845
5460	-74.86424	-237.3341	162.4698	1.068891	0.3800373	0.18093	0.81907	0.9199482
5466	-76.70634	-239.3664	162.66	0.7117077	0.3800373	0.773755	0.226245	1.086734
5472	-82.27443	-244.1437	161.8693	0.7099905	0.8333095	0.53893	0.46107	1.193815
5478	-71.89042	-233.8385	161.9481	0.7872577	0.2697073	0.0907114	0.909289	1.772037
5484	-77.0767	-238.6828	161.6061	0.472846	0.5006587	0.453722	0.546278	1.904367
5490	-76.46161	-237.3434	160.8818	0.3806838	0.318743	0.899989	0.100011	2.652205
5496	-66.46746	-228.2599	161.7925	0.2106234	0.318743	0.248824	0.751176	2.185028
5502	-68.21433	-230.3341	162.1198	0.2077562	0.1937675	0.402424	0.597576	2.185028
5508	-68.58465	-230.2303	161.6457	0.2016112	0.5126329	0.52307	0.47693	2.046373
5514	-75.26022	-236.2892	161.029	0.2780089	0.491868	0.335059	0.664941	2.416792
5520	-76.27728	-238.2445	161.9673	0.3226077	0.2744876	0.67171	0.32829	2.065489
5526	-71.60366	-233.3876	161.784	0.4812807	0.6250177	0.694252	0.305748	1.642432
5532	-72.31193	-234.6295	162.3176	0.2245857	0.3753985	0.833986	0.166014	1.742112
5538	-73.08517	-235.6135	162.5283	0.3322425	0.2379241	0.407285	0.592715	1.742112
5544	-81.0296	-241.4888	160.4592	0.1715147	0.9105317	0.762574	0.237426	2.493573
5550	-81.35413	-243.0233	161.6692	0.5773127	0.280978	0.561863	0.438137	2.083586
5556	-73.79573	-235.6477	161.852	0.7010769	0.3896972	0.64588	0.35412	1.714467
5562	-68.45466	-231.7122	163.2576	0.7010769	0.1424586	0.659049	0.340951	1.120252
5568	-66.48776	-228.7529	162.2652	0.7129137	0.2230475	0.239351	0.760649	1.687996
5574	-70.59365	-233.007	162.4133	0.3029631	0.2519119	0.295558	0.704442	1.816679
5580	-62.66132	-224.018	161.3566	0.1788222	0.4787887	0.723156	0.276844	2.285739
5586	-63.16282	-224.8922	161.7294	0.8059201	0.3817254	0.716072	0.283928	1.738088
5592	-74.93853	-237.634	162.6954	0.9297271	0.2705335	0.491005	0.508995	1.077274
5598	-82.22747	-243.3516	161.1241	0.652555	0.7389992	0.916901	0.083099	1.878096
5604	-73.4746	-235.2395	161.7649	0.2995042	0.3037439	0.781046	0.218954	2.167394
5610	-77.69109	-239.9143	162.2232	0.5472511	0.1463187	0.443655	0.556345	1.99629
5616	-75.18645	-237.2343	162.0478	0.2297218	0.2975417	0.796304	0.203696	2.036993
5622	-83.9627	-244.9309	160.9682	0.3545351	0.4345897	0.518744	0.481256	2.469752
5628	-85.87438	-246.7465	160.8721	0.4821543	0.4174878	0.452346	0.547654	2.469752
5634	-75.61965	-237.0643	161.4446	0.1420929	0.5285358	0.515694	0.484306	2.200067
5640	-73.71735	-234.422	160.7047	0.2863232	0.5285358	0.497541	0.502459	2.577003
5646	-83.08944	-243.6322	160.5428	0.1655373	0.549284	0.729671	0.270329	2.731106
5652	-72.95753	-233.3819	160.4244	0.2329656	0.6920772	0.590515	0.409485	2.637594
5658	-75.87165	-236.9467	161.075	0.4180887	0.234687	0.691511	0.308489	2.637594
5664	-78.53299	-238.9435	160.4105	0.572125	0.9165513	0.791878	0.208122	2.266738
5670	-85.46254	-246.7457	161.2832	0.5356542	0.5064361	0.711992	0.288008	2.071806
5676	-89.75438	-251.5456	161.7912	0.4521944	0.4365288	0.462791	0.537209	1.867996
5682	-85.08691	-246.7398	161.6529	0.2384172	0.2911796	0.71943	0.28057	2.297892
5688	-80.82495	-242.7067	161.8817	0.2344904	0.205804	0.23248	0.76752	2.297892
5694	-80.12307	-241.7991	161.676	0.1392089	0.2915812	0.730469	0.269531	2.345766
5700	-69.37068	-231.1264	161.7557	0.2166717	0.3443137	0.486793	0.513207	2.168722
5706	-69.21019	-230.3943	161.1841	0.3642453	0.1621791	0.262719	0.737281	2.737912
5712	-69.56449	-230.4669	160.9024	0.1208972	0.5264632	0.755535	0.244465	2.558966
5718	-68.91183	-230.9752	162.0634	0.3694146	0.3092317	0.29272	0.70728	1.914961
5724	-73.78339	-234.8109	161.0275	0.6347822	0.586486	0.628676	0.371324	2.092921
5730	-74.24469	-236.1913	161.9467	0.7965748	0.4278288	0.735936	0.264064	1.524434
5736	-76.25827	-237.3854	161.1272	1.011084	0.8546845	0.67601	0.32399	1.524434
5742	-72.4366	-232.9523	160.5157	0.5155928	0.5570664	0.444225	0.555775	2.524266
5748	-75.32822	-236.9112	161.583	0.1475127	0.3923862	0.616606	0.383394	2.261596
5754	-76.83571	-237.8421	161.0064	0.2696125	0.6766106	0.712779	0.287221	2.261596
5760	-82.91983	-244.6243	161.7045	0.2792671	0.4784102	0.4937	0.5063	1.9935
5766	-86.70463	-247.4675	160.7629	0.7091421	0.8514257	0.652423	0.347577	1.9935
5772	-74.97735	-237.0883	162.111	0.6782652	0.3370294	0.499646	0.500354	1.623224
5778	-69.35065	-231.1779	161.8272	0.5073293	0.2197591	0.265727	0.734273	2.130902
5784	-68.1104	-230.4367	162.3263	0.8309209	0.3887321	0.670546	0.329454	1.258935
5790	-77.7961	-239.7326	161.9365	0.3518302	0.5946055	0.375444	0.624556	1.657206
5796	-63.55356	-225.5829	162.0293	0.6903749	0.3264556	0.553852	0.446148	1.689571
5802	-71.55315	-233.5986	162.0454	0.7036735	0.5499679	0.347556	0.652444	1.362502
5808	-79.34028	-240.0728	160.7325	0.4750554	0.3243414	0.530452	0.469548	2.67834
5814	-74.03219	-237.1455	163.1133	0.6727663	0.2016105	0.685875	0.314125	1.101548
5820	-72.33434	-233.8601	161.5258	0.5805064	0.7030065	0.659668	0.340332	1.680654
5826	-78.48356	-239.4363	160.9527	0.5913551	0.7923925	0.361004	0.638996	1.991022
5832	-77.28472	-238.965	161.6803	0.5518687	0.2705013	0.507269	0.492731	2.109901
5838	-81.72705	-242.5847	160.8576	1.154427	0.9574721	0.853852	0.146148	1.535926
5844	-75.28319	-237.5226	162.2394	0.7007062	0.3226204	0.182245	0.817755	1.535926
5850	-64.2672	-226.3098	162.0426	0.848291	0.2808983	0.900331	0.0996693	1.642551
5856	-69.02254	-230.8369	161.8143	0.6764443	0.576358	0.632522	0.367478	1.52936
5862	-78.67258	-240.7984	162.1258	0.7016794	0.6323571	0.299115	0.700885	1.198661
5868	-74.36313	-236.7646	162.4015	0.9978046	0.412445	0.473151	0.526849	0.9998516
5874	-72.44554	-232.996	160.5505	0.2927265	0.7689874	0.577074	0.422926	2.461626
5880	-60.84521	-222.1615	161.3163	0.4212447	0.6742934	0.577074	0.422926	1.961077
5886	-62.7681	-225.4995	162.7314	0.7130477	0.3758675	0.441205	0.558795	1.025567
5892	-65.51805	-228.4736	162.9555	0.4287249	0.3612293	0.441205	0.558795	1.110268
5898	-69.2563	-232.1646	162.9083	0.7965926	0.2265385	0.792238	0.207762	1.110268
5904	-69.33855	-231.6133	162.2748	0.729135	0.5062281	0.123513	0.876487	1.210959
5910	-79.61425	-241.8828	162.2685	1.518495	0.3705055	0.691006	0.308994	0.4774418
5916	-78.43323	-241.1228	162.6896	1.601723	0.1697534	0.79694	0.20306	0.5633877
5922	-82.83997	-244.7772	161.9372	1.601723	0.5066461	0.881163	0.118837	0.4717746
5928	-87.06257	-248.7278	161.6652	1.698341	0.593835	0.463813	0.536187	0.3687003
5934	-87.47736	-248.5114	161.034	1.850697	0.9225162	0.281199	0.718801	0.2979935
5940	-80.00405	-242.0167	162.0126	1.585504	0.2873169	0.780038	0.219962	1.064206
5946	-75.03748	-236.7857	161.7482	0.8340883	0.5312254	0.748932	0.251068	1.512913
5952	-64.89635	-227.0787	162.1823	0.9344658	0.6127405	0.686752	0.313248	0.9534454
5958	-70.50607	-232.6727	162.1666	1.210415	0.4614236	0.290453	0.709547	0.9306758
5964	-64.30255	-226.4183	162.1157	1.962901	0.2012121	0.720165	0.279835	0.2920141
5970	-79.54627	-240.051	160.5048	1.962901	1.461047	0.757641	0.242359	0.6820689
5976	-80.8615	-241.3374	160.4759	1.99153	1.461047	0.677338	0.322662	0.3533914
5982	-79.40546	-240.5934	161.1879	1.32029	1.0136	0.560315	0.439685	1.086306
5988	-72.86873	-235.2521	162.3833	1.226233	0.2304888	0.698061	0.301939	1.185069
5994	-79.58966	-238.8437	159.2541	1.411652	3.464895	0.62042	0.37958	1.435986
6000	-66.90123	-228.7833	161.882	0.5820019	0.3858086	0.644301	0.355699	1.782201
6006	-70.32775	-232.8778	162.5501	0.4783004	0.2779207	0.598466	0.401534	1.547729
6012	-68.17699	-229.9002	161.7232	0.1702506	0.7466461	0.478598	0.521402	1.791227
6018	-77.56775	-238.3848	160.8171	0.08149975	0.7251316	0.564681	0.435319	2.461017
6024	-73.05596	-235.3906	162.3347	0.09934447	0.5063613	0.387163	0.612837	1.650674
6030	-69.39224	-232.3407	162.9484	0.6183773	0.1439036	0.616292	0.383708	1.438654
6036	-64.19499	-225.4898	161.2948	0.879096	1.14089	0.803147	0.196853	1.272216
6042	-66.61354	-228.1958	161.5823	0.5091638	0.8601582	0.514824	0.485176	1.55454
6048	-71.30045	-233.7102	162.4098	0.4827024	0.2945325	0.416957	0.583043	1.61791
6054	-68.86407	-231.2511	162.387	0.1421791	0.2945325	0.361169	0.638831	1.872668
6060	-87.067	-249.6439	162.5769	0.02438507	0.5675686	0.835052	0.164948	1.456221
6066	-66.3449	-227.785	161.4401	0.4013571	0.3681685	0.714435	0.285565	2.221297
6072	-64.50469	-226.3143	161.8096	0.5954725	0.425595	0.746402	0.253598	1.770348
6078	-84.16944	-246.2241	162.0547	0.7947434	0.1040045	0.494782	0.505218	2.051941
6084	-77.41039	-239.3349	161.9245	0.7825583	0.3223343	0.510232	0.489768	1.704972
6090	-66.83072	-228.9008	162.0701	0.4223038	0.4287636	0.608295	0.391705	1.704972
6096	-79.49665	-240.21	160.7134	0.2995594	0.7050726	0.155705	0.844295	2.40523
6102	-74.13462	-235.3839	161.2493	0.4002874	0.5874752	0.659085	0.340915	2.100324
6108	-74.06294	-234.6492	160.5863	0.3304124	0.5874752	0.768731	0.231269	2.567107
6114	-73.01352	-235.6002	162.5867	0.1228344	0.1964699	0.609305	0.390695	1.92719
6120	-69.32742	-231.443	162.1156	0.3519415	0.2866665	0.405977	0.594023	1.92719
6126	-59.46733	-221.9372	162.4699	0.2796925	0.2376304	0.663796	0.336204	1.819798
6132	-57.37925	-219.526	162.1468	1.021045	0.2376304	0.558135	0.441865	1.521006
6138	-64.80396	-227.9359	163.1319	1.117802	0.1714109	0.486389	0.513611	0.6624595
6144	-63.75301	-225.8001	162.0471	1.091285	0.6686864	0.750249	0.249751	0.8412814
6150	-77.6536	-239.4993	161.8457	0.8068364	0.5644337	0.519891	0.480109	1.420587
6156	-77.09111	-239.3537	162.2626	1.065474	0.3158786	0.89021	0.10979	1.244156
6162	-62.18807	-224.3104	162.1223	0.5817266	0.3966527	0.357725	0.642275	1.596614
6168	-66.22847	-229.4278	163.1994	0.8233104	0.1245325	0.348374	0.651626	1.122641
6174	-71.91515	-233.0573	161.1422	0.7485033	1.457786	0.414342	0.585658	1.290698
6180	-80.8776	-240.9167	160.0391	0.6132832	0.5435858	0.299438	0.700562	2.770697
6186	-78.18344	-240.2151	162.0317	0.6918974	0.3402229	0.574567	0.425433	1.665477
6192	-64.7953	-226.3965	161.6012	1.678276	0.6747888	0.730516	0.269484	0.5847619
6198	-70.71363	-233.3478	162.6341	1.321545	0.2898561	0.451282	0.548718	0.4345554
6204	-64.9526	-228.0521	163.0995	0.8292413	0.1110345	0.558402	0.441598	1.249983
6210	-68.06671	-230.152	162.0853	0.7672653	0.136214	0.789935	0.210065	1.965857
6216	-60.88953	-223.5325	162.643	0.7033735	0.451081	0.744982	0.255018	0.9819364
6222	-76.30473	-238.5319	162.2272	1.399131	0.3845441	0.641994	0.358006	0.8048476
6228	-75.41525	-237.8328	162.4175	1.399131	0.3371319	0.689954	0.310046	0.6577062
6234	-76.63123	-239.6562	163.025	1.301088	0.1495276	0.42245	0.57755	0.6577062
6240	-80.37485	-241.7756	161.4007	1.301088	1.090502	0.866725	0.133275	0.7987162
6246	-77.18894	-238.3209	161.1319	0.7597628	0.4405183	0.471745	0.528255	2.098429
6252	-82.99225	-243.6482	160.6559	0.7689121	0.7568097	0.520009	0.479991	2.098429
6258	-84.18137	-246.0536	161.8722	0.6455098	0.3780579	0.247599	0.752401	1.755525
6264	-87.88945	-249.34	161.4505	0.3303621	0.3401765	0.240739	0.759261	2.297787
6270	-78.07335	-239.7555	161.6822	0.7306755	0.2315654	0.901454	0.0985462	2.057868
6276	-70.80412	-232.2807	161.4766	0.5201051	0.3472173	0.287222	0.712778	2.148858
6282	-66.67901	-227.8261	161.1471	0.7275721	0.6523978	0.706225	0.293775	1.888463
6288	-69.51518	-231.0317	161.5165	0.9824085	0.5799399	0.485958	0.514042	1.519294
6294	-73.8491	-234.2866	160.4375	1.353647	1.246584	0.377663	0.622337	1.499551
6300	-74.39498	-236.2952	161.9002	1.175331	0.7097958	0.638087	0.361913	0.851952
6306	-70.76217	-233.2461	162.4839	1.175331	0.3178564	0.239593	0.760407	0.9318276
6312	-83.24859	-245.9644	162.7158	0.9085864	0.1935474	0.361898	0.638102	1.262823
6318	-83.71026	-245.9751	162.2648	1.266981	0.2570082	0.6971	0.3029	1.191411
6324	-74.72256	-236.7068	161.9842	0.865657	0.6955978	0.520804	0.479196	1.103186
6330	-72.79219	-235.5989	162.8067	0.865657	0.3370508	0.523645	0.476355	0.8695101
6336	-79.03114	-241.0102	161.9791	0.7923741	0.3553445	0.669036	0.330964	1.607957
6342	-75.3009	-236.8535	161.5527	0.8468985	0.2835285	0.494029	0.505971	1.977963
6348	-81.87932	-242.8881	161.0088	0.6446124	0.5284326	0.516121	0.483879	2.156893
6354	-90.31224	-250.182	159.8697	0.6446124	0.5284326	0.654693	0.345307	2.869098
6360	-87.24878	-249.029	161.7802	0.1290578	0.3855787	0.69102	0.30898	2.154712
6366	-86.56908	-247.3883	160.8193	0.5333266	0.2294575	0.251219	0.748781	2.73272
6372	-81.29179	-242.6584	161.3666	1.003935	0.3924871	0.922097	0.0779034	1.837712
6378	-70.8596	-233.2705	162.4109	0.9455334	0.3664822	0.562907	0.437093	1.125706
6384	-77.39836	-239.0544	161.6561	0.2588328	0.374669	0.539389	0.460611	2.165213
6390	-74.07011	-235.2522	161.1821	0.4319007	0.374669	0.482438	0.517562	2.358372
6396	-68.01847	-229.4206	161.4022	0.2118698	0.374669	0.658252	0.341748	2.358372
6402	-75.95421	-238.4518	162.4976	0.5764407	0.191331	0.385345	0.614655	1.685801
6408	-65.1417	-227.151	162.0093	0.7749866	0.2713039	0.51044	0.48956	1.735062
6414	-74.33473	-236.5794	162.2446	0.1793607	0.5798983	0.45449	0.54551	1.574717
6420	-77.25488	-239.2596	162.0047	0.07806286	0.2762955	0.649657	0.350343	2.197855
6426	-62.21728	-223.7372	161.5199	0.04790326	0.542734	0.432692	0.567308	2.197855
6432	-75.89102	-236.9199	161.0289	0.01073536	0.1805553	0.730378	0.269622	3.009582
6438	-78.9626	-239.999	161.0364	0.003264537	0.1805553	0.559367	0.440633	3.009582
6444	-92.36679	-253.5078	161.141	0.1334538	0.938778	0.449435	0.550565	2.061629
6450	-79.5663	-241.515	161.9487	0.04169028	0.3121843	0.820461	0.179539	2.202825
6456	-81.47941	-243.3696	161.8901	0.02734008	0.277985	0.401694	0.598306	2.301476
6462	-78.23063	-239.2597	161.0291	0.56259	0.6700508	0.59205	0.40795	2.061966
6468	-77.13473	-239.4523	162.3176	0.7097012	0.2860651	0.541451	0.458549	1.533903
6474	-80.29961	-242.5355	162.2359	0.7467723	0.2219661	0.825502	0.174498	1.686896
6480	-78.57073	-241.6017	163.031	1.088371	0.1547946	0.780753	0.219247	0.9193595
6486	-73.37421	-236.1312	162.757	1.369335	0.1550399	0.668399	0.331601	0.9106733
6492	-61.8747	-223.5571	161.6824	0.9537479	0.6909582	0.357024	0.642976	1.292173
6498	-61.52726	-224.4269	162.8997	0.8802351	0.1270879	0.738206	0.261794	1.320179
6504	-70.32009	-233.2451	162.925	1.21673	0.1270879	0.919497	0.0805027	1.00079
6510	-66.93572	-228.4387	161.503	1.122989	0.5533327	0.598986	0.401014	1.453929
6516	-74.16682	-236.4042	162.2374	0.9220542	0.1541998	0.77456	0.22544	1.710895
6522	-76.85174	-238.8408	161.989	0.8933584	0.7341562	0.784127	0.215873	1.025913
6528	-76.33387	-237.9915	161.6577	1.131741	0.7678868	0.461874	0.538126	1.074869
6534	-76.49791	-238.9487	162.4508	1.025132	0.3725252	0.475851	0.524149	1.001182
6540	-71.49932	-233.2977	161.7984	0.4528504	0.2017911	0.350239	0.649761	2.218785
6546	-68.87737	-231.2133	162.3359	0.5112449	0.3879962	0.561207	0.438793	1.503434
6552	-71.25057	-233.3263	162.0757	0.2308245	0.3322901	0.474212	0.525788	1.965336
6558	-60.83345	-222.6342	161.8008	0.488005	0.2798591	0.459728	0.540272	2.057503
6564	-75.67644	-236.8457	161.1693	0.2857979	0.7831049	0.686474	0.313526	2.057503
6570	-72.79629	-234.3555	161.5592	0.4687338	0.4007572	0.5485	0.4515	2.057503
6576	-72.14013	-233.4565	161.3164	0.1351574	0.5039774	0.875227	0.124773	2.312436
6582	-74.08048	-235.895	161.8146	0.4004224	0.419193	0.56049	0.43951	1.909061
6588	-84.50883	-244.0767	159.5678	0.7192498	1.081509	0.791905	0.208095	2.600525
6594	-86.71963	-247.3949	160.6753	0.3065757	0.4702622	0.692078	0.307922	2.642345
6600	-76.41979	-236.9589	160.5392	0.1448623	0.6662449	0.446873	0.553127	2.642345
6606	-81.21563	-241.7841	160.5685	0.5450308	0.4367312	0.232301	0.767699	2.597647
6612	-74.09791	-236.2998	162.2019	0.2834714	0.4608018	0.857823	0.142177	1.669119
6618	-66.97598	-228.6658	161.6898	0.4965922	0.319671	0.612229	0.387771	2.063773
6624	-74.99117	-236.0238	161.0326	0.1949244	0.2567136	0.612229	0.387771	2.76484
6630	-70.17712	-232.2553	162.0782	0.1175836	0.2116844	0.349548	0.650452	2.235836
6636	-67.13436	-228.6952	161.5608	0.07948788	0.4630427	0.605959	0.394041	2.235836
6642	-79.07846	-240.5781	161.4996	0.1486212	0.4225159	0.708281	0.291719	2.277594
6648	-71.51707	-231.693	160.1759	0.2178382	0.4225159	0.172045	0.827955	3.051014
6654	-72.12043	-233.1479	161.0275	0.3925386	0.4225159	0.575504	0.424496	2.422535
6660	-69.17666	-230.8831	161.7064	0.2473146	0.2786485	0.498984	0.501016	2.277262
6666	-69.32977	-230.1411	160.8114	0.7381106	0.8577841	0.530816	0.469184	1.936794
6672	-64.57869	-225.8618	161.2831	0.4834828	0.6796039	0.704957	0.295043	1.936794
6678	-67.20693	-228.6298	161.4228	0.8422772	0.478786	0.348246	0.651754	1.802019
6684	-74.21154	-236.5963	162.3847	0.8422772	0.5279453	0.936213	0.0637869	0.9719093
6690	-67.17725	-229.6302	162.4529	0.5237254	0.2727259	0.394032	0.605968	1.595025
6696	-69.44184	-230.9251	161.4832	0.7125174	0.5173818	0.469686	0.530314	1.805729
6702	-71.25588	-233.361	162.1051	0.9112678	0.4599523	0.674082	0.325918	1.266199
6708	-75.5302	-238.2754	162.7452	0.9175872	0.3705152	0.871739	0.128261	0.793599
6714	-79.02421	-240.4401	161.4158	0.8478305	0.7939394	0.301252	0.698748	1.483029
6720	-78.72593	-240.4611	161.7351	0.8478305	0.6327089	0.692072	0.307928	1.397373
6726	-83.92454	-246.2332	162.3087	0.6064982	0.3029314	0.51587	0.48413	1.587137
6732	-90.11541	-252.2903	162.1749	1.086462	0.586383	0.603456	0.396544	0.832579
6738	-89.40176	-251.7948	162.393	1.172293	0.3293207	0.789404	0.210596	1.002726
6744	-80.0614	-241.0981	161.0367	0.1197745	0.6588234	0.763979	0.236021	2.353175
6750	-89.26981	-249.6384	160.3686	0.09034929	0.2915646	0.278088	0.721912	3.175323
6756	-73.91123	-234.3094	160.3982	0.2231311	0.5886734	0.739747	0.260253	2.74794
6762	-80.1126	-241.034	160.9214	0.339485	0.541075	0.786494	0.213506	2.395712
6768	-86.03565	-248.3106	162.2749	1.034881	0.3920568	0.595998	0.404002	1.121664
6774	-72.83403	-234.9743	162.1403	1.166998	0.4194325	0.62177	0.37823	1.076003
6780	-89.3003	-249.9335	160.6332	1.166998	0.6271932	0.640598	0.359402	1.962438
6786	-85.64247	-247.259	161.6166	0.8938438	0.5668985	0.685912	0.314088	1.525337
6792	-87.87295	-246.6896	158.8167	0.839269	1.81483	0.827827	0.172173	2.643702
6798	-77.47252	-238.5022	161.0297	0.8456298	0.3027847	0.475773	0.524227	2.290716
6804	-76.18005	-237.85	161.6699	0.3721358	0.3363517	0.526307	0.473693	2.134446
6810	-89.61189	-251.4165	161.8046	0.457539	0.2376242	0.23165	0.76835	2.145942
6816	-87.13221	-248.0515	160.9193	0.3151671	0.7779992	0.721363	0.278637	2.205615
6822	-78.06349	-238.337	160.2735	0.5206356	0.7779992	0.563641	0.436359	2.485521
6828	-72.42448	-232.7977	160.3732	0.9683669	1.262865	0.52411	0.47589	1.812136
6834	-81.79782	-243.2105	161.4127	0.9683669	0.6111579	0.406585	0.593415	1.5727
6840	-76.80202	-237.9522	161.1502	0.450515	0.6111579	0.50199	0.49801	2.109746
6846	-76.9014	-238.9273	162.0259	0.8008754	0.1938853	0.452618	0.547382	1.852775
6852	-71.60263	-232.631	161.0284	0.5879376	1.162493	0.197229	0.802771	1.680432
6858	-81.29225	-243.1674	161.8751	0.7505404	0.3773142	0.860254	0.139746	1.680432
6864	-79.25153	-241.2565	162.005	0.3377314	0.3674978	0.166584	0.833416	1.890813
6870	-67.78422	-229.7603	161.9761	0.2216756	0.3674978	0.900947	0.0990533	1.988464
6876	-59.9195	-222.3387	162.4192	0.1224302	0.2167393	0.612087	0.387913	1.999922
6882	-70.44426	-229.5223	159.078	0.4635662	0.7262019	0.53913	0.46087	3.282914
6888	-67.19961	-229.0861	161.8865	0.5556527	0.4212142	0.193885	0.806115	1.750105
6894	-65.38779	-226.1101	160.7224	0.2442211	0.379739	0.684497	0.315503	2.754679
6900	-71.57941	-234.2208	162.6414	0.1972923	0.2505076	0.48277	0.51723	1.734057
6906	-74.39821	-236.6995	162.3013	0.1155329	0.2862334	0.188696	0.811304	1.962048
6912	-77.30179	-239.0717	161.7699	0.04285495	0.3200389	0.581872	0.418128	2.305604
6918	-91.31995	-251.2011	159.8811	0.2466792	0.3200389	0.793802	0.206198	3.332216
6924	-72.11628	-233.2641	161.1478	0.08132778	0.2590357	0.744872	0.255128	2.760206
6930	-77.11676	-238.9779	161.8612	0.04880701	0.6420513	0.303283	0.696717	1.874133
6936	-78.63211	-240.4381	161.806	0.08149115	0.6584199	0.776094	0.223906	1.874133
6942	-80.47585	-242.1933	161.7175	0.7356596	0.9794176	0.498635	0.501365	1.166631
6948	-96.01208	-255.0239	159.0118	0.8621845	2.174785	0.722478	0.277522	2.375097
6954	-75.93049	-238.5693	162.6388	0.7128226	0.2381092	0.475648	0.524352	1.379698
6960	-74.00416	-236.305	162.3009	0.8130521	0.2430212	0.586351	0.413649	1.550257
6966	-75.13021	-236.7041	161.5739	0.8431364	0.3088265	0.383758	0.616242	1.926235
6972	-78.825	-238.7627	159.9377	0.7734321	1.338718	0.518532	0.481468	2.191276
6978	-82.24848	-243.6684	161.4199	0.7282477	0.7474842	0.866652	0.133348	1.610079
6984	-81.93102	-244.2104	162.2794	0.1987895	0.1215364	0.715904	0.284096	2.247827
6990	-69.58086	-231.6064	162.0255	0.2488433	0.1998909	0.565477	0.434523	2.207506
6996	-93.49221	-255.759	162.2668	1.060129	0.1399804	0.192722	0.807278	1.627241
7002	-63.59969	-225.7618	162.1621	1.060129	0.2972947	0.694031	0.305969	1.364636
7008	-71.87542	-233.0547	161.1793	0.4979003	0.2972947	0.672323	0.327677	2.424562
7014	-66.25694	-227.5905	161.3335	1.007101	0.6630191	0.450285	0.549715	1.549283
7020	-70.27725	-231.64	161.3627	1.007101	0.4471556	0.42247	0.57753	1.767627
7026	-69.97199	-230.9778	161.0058	0.3867723	0.5719133	0.701204	0.298796	2.281867
7032	-74.41548	-236.6443	162.2289	0.600546	0.289534	0.431913	0.568087	1.671727
7038	-80.08689	-242.3793	162.2924	0.600546	0.2068869	0.287748	0.712252	1.780365
7044	-58.36555	-220.6667	162.3011	0.5095276	0.4416565	0.786537	0.213463	1.45475
7050	-66.86144	-228.8447	161.9832	0.7802177	0.3267776	0.500791	0.499209	1.657873
7056	-74.42311	-236.8988	162.4757	0.1422699	0.2463812	0.780994	0.219006	1.893869
7062	-69.47958	-230.3204	160.8408	0.07103084	0.3168045	0.512161	0.487839	2.868986
7068	-68.24059	-229.3994	161.1588	0.06340186	0.3168045	0.282186	0.717814	2.679678
7074	-68.14777	-228.615	160.4672	0.5203519	0.418711	0.542941	0.457059	2.695734
7080	-59.73398	-222.3087	162.5747	1.175947	0.3055591	0.662349	0.337651	0.8599781
7086	-65.03351	-227.1965	162.163	1.09869	0.6915077	0.721833	0.278167	0.4374274
7092	-59.43473	-220.7488	161.314	1.09869	0.9154892	0.730746	0.269254	1.257743
7098	-65.57992	-226.976	161.3961	0.7879102	0.9104463	0.20721	0.79279	1.443734
7104	-70.35357	-232.5354	162.1818	0.7289876	0.3400457	0.393603	0.606397	1.529422
7110	-72.21558	-233.442	161.2264	0.4556713	0.6130887	0.389353	0.610647	2.054384
7116	-71.62228	-232.3782	160.7559	0.3889973	1.080177	0.505778	0.494222	2.054384
7122	-70.98881	-232.6018	161.613	0.5563554	1.080177	0.73339	0.26661	1.321618
7128	-69.32129	-231.9963	162.6751	0.3474482	0.2878614	0.545207	0.454793	1.534275
7134	-68.68628	-229.8456	161.1593	0.3089893	0.4261994	0.560568	0.439432	2.387767
7140	-73.6326	-234.9421	161.3095	0.2149841	0.4190174	0.618314	0.381686	2.360609
7146	-72.90705	-233.4643	160.5572	0.1049217	0.8000323	0.506068	0.493932	2.551495
7152	-77.36794	-238.3515	160.9835	0.2132821	0.3741878	0.856649	0.143351	2.620074
7158	-68.24933	-228.8409	160.5916	0.1356197	0.8022895	0.376232	0.623768	2.509295
7164	-75.30898	-235.7235	160.4145	0.2727611	0.8022895	0.664031	0.335969	2.534187
7170	-76.6122	-237.4457	160.8335	0.4529614	0.8022895	0.711406	0.288594	2.153082
7176	-80.37443	-242.4334	162.059	0.4011608	0.4700439	0.642024	0.357976	1.675623
7182	-83.08623	-245.2249	162.1387	0.4721075	0.2463939	0.559606	0.440394	1.898749
7188	-74.07058	-236.0062	161.9356	0.6689068	0.1991727	0.569376	0.430624	1.992194
7194	-70.57868	-232.4053	161.8266	0.05571066	0.3884037	0.704045	0.295955	2.1686
7200	-70.02297	-232.0955	162.0725	0.07486969	0.4906565	0.588596	0.411404	1.869138
7206	-66.41404	-228.6242	162.2101	0.1146391	0.3924341	0.383161	0.616839	1.869138
7212	-68.13774	-229.2578	161.1201	0.04564128	0.3712425	0.226821	0.773179	2.642941
7218	-76.53762	-238.614	162.0764	0.1166425	0.6719694	0.474637	0.525363	1.647912
7224	-64.38271	-224.8792	160.4965	0.1375896	0.4081225	0.680737	0.319263	2.922941
7230	-66.78879	-229.382	162.5932	0.9010223	0.2527899	0.702462	0.297538	1.232652
7236	-70.36905	-233.1282	162.7592	0.7945007	0.3097733	0.433568	0.566432	1.0566
7242	-71.11993	-232.7078	161.5878	0.44502	0.4588439	0.872564	0.127436	1.983339
7248	-75.11054	-237.0788	161.9682	0.5678356	0.1858111	0.154419	0.845581	2.064706
7254	-79.27005	-240.9231	161.653	0.4882769	0.1837707	0.931502	0.0684976	2.324568
7260	-70.89483	-232.2532	161.3584	0.5441386	0.4035565	0.455308	0.544692	2.136321
7266	-78.68462	-240.6205	161.9359	0.9274451	0.5252162	0.328776	0.671224	1.302157
7272	-68.97319	-231.1344	162.1612	0.9436021	0.4390055	0.333955	0.666045	1.223463
7278	-72.01648	-234.1145	162.098	0.9436021	0.3346501	0.815421	0.184579	1.439601
7284	-72.92225	-235.3557	162.4335	1.259691	0.3055129	0.641884	0.358116	0.9254676
7290	-75.27686	-238.4743	163.1974	1.259691	0.1233695	0.612728	0.387272	0.4451894
7296	-72.23351	-234.3033	162.0698	1.259691	0.557164	0.640133	0.359867	0.8013686
7302	-74.15034	-236.7673	162.617	1.259691	0.2258837	0.347768	0.652232	0.9443068
7308	-69.97238	-230.5306	160.5582	1.240959	1.392573	0.676993	0.323007	1.403109
7314	-74.29403	-231.9673	157.6733	1.261432	4.962325	0.611655	0.388345	2.29177
7320	-78.91856	-240.3674	161.4488	0.173428	0.3700107	0.559958	0.440042	2.359114
7326	-75.27422	-236.5866	161.3124	0.0949565	0.4864197	0.597148	0.402852	2.359114
7332	-77.83056	-238.2023	160.3718	0.07456572	0.8669611	0.559103	0.440897	2.637667
7338	-71.55629	-233.3537	161.7974	0.08873297	0.4968074	0.570667	0.429333	2.037864
7344	-70.12261	-230.9308	160.8081	0.1207615	0.2448778	0.570667	0.429333	2.964437
7350	-68.41976	-230.086	161.6662	0.1065305	0.5720764	0.401625	0.598375	2.034181
7356	-75.32264	-237.0429	161.7202	0.6813784	0.2632242	0.401625	0.598375	2.010093
7362	-70.43491	-232.9817	162.5468	0.350075	0.09285272	0.311686	0.688314	2.052104
7368	-64.85844	-227.3293	162.4708	0.2553173	0.3082464	0.329299	0.670701	1.713965
7374	-69.28856	-230.4992	161.2107	0.4466849	0.9597517	0.644422	0.355578	1.788105
7380	-85.07262	-246.5803	161.5077	0.7440119	0.6731046	0.686219	0.313781	1.604451
7386	-85.3617	-247.7147	162.353	0.874584	0.4475273	0.848798	0.151202	1.102255
7392	-74.82072	-235.9427	161.122	0.2153049	0.6195548	0.691531	0.308469	2.272648
7398	-77.12636	-239.2372	162.1109	0.115392	0.2197858	0.430862	0.569138	2.201247
7404	-77.11222	-238.4899	161.3776	0.02078886	0.2860846	0.43679	0.56321	2.615049
7410	-80.56461	-242.5471	161.9825	0.0324581	0.4270759	0.801317	0.198683	2.033296
7416	-76.4292	-237.4149	160.9857	0.3703336	0.3805728	0.385367	0.614633	2.513232
7422	-85.36665	-246.7848	161.4181	0.3240572	0.8020958	0.550388	0.449612	1.849316
7428	-85.11484	-244.9069	159.792	0.4973954	0.5558883	0.384917	0.615083	2.97889
7434	-84.16601	-245.7792	161.6132	0.6545449	0.6690706	0.741604	0.258396	1.596693
7440	-77.07999	-238.3878	161.3078	0.6558323	0.7082021	0.581267	0.418733	1.776277
7446	-79.55092	-240.9162	161.3653	0.4876023	0.7688342	0.913684	0.086316	1.800466
7452	-85.66908	-247.2639	161.5948	0.8206884	0.505768	0.540573	0.459427	1.664604
7458	-79.72867	-241.6388	161.9102	0.4372834	0.5505444	0.298966	0.701034	1.662321
7464	-85.94848	-247.2545	161.306	0.4460355	0.9002898	0.627076	0.372924	1.765925
7470	-70.75953	-231.4565	160.697	0.4087261	0.2737442	0.436226	0.563774	2.812926
7476	-73.0669	-233.0952	160.0283	0.793657	1.060153	0.759593	0.240407	2.276767
7482	-70.98545	-234.1663	163.1809	0.8294636	0.1366796	0.646636	0.353364	1.092267
7488	-73.02699	-234.8362	161.8092	0.6289978	0.4494146	0.857786	0.142214	1.716832
7494	-77.41015	-240.3414	162.9313	0.8558426	0.1676957	0.598978	0.401022	1.19469
7500	-62.34719	-225.2397	162.8926	0.6889438	0.2366901	0.382824	0.617176	1.19469
7506	-62.85778	-225.3812	162.5234	1.239568	0.3796044	0.535305	0.464695	0.5604729
7512	-72.50567	-235.6403	163.1347	1.198838	0.1592405	0.219491	0.780509	0.5113271
7518	-68.0372	-229.3731	161.3359	0.5798254	0.3661042	0.796392	0.203608	2.175978
7524	-66.97971	-229.4838	162.504	0.3994069	0.1887385	0.64814	0.35186	1.810897
7530	-68.55545	-230.2819	161.7264	0.4763643	0.3628521	0.761473	0.238527	1.991453
7536	-62.1597	-224.4906	162.3309	0.6113758	0.3628521	0.330619	0.669381	1.469843
7542	-66.49672	-227.7485	161.2518	0.4333266	0.463998	0.765639	0.234361	2.205888
7548	-72.23721	-233.8096	161.5724	0.8131845	0.3568293	0.609802	0.390198	1.876614
7554	-75.02877	-236.9674	161.9386	1.168144	0.5817256	0.785062	0.214938	1.009782
7560	-76.62409	-238.7602	162.1361	0.9616674	0.3994835	0.341562	0.658438	1.290593
7566	-79.68276	-241.0124	161.3296	0.7354711	0.7337432	0.447968	0.552032	1.682063
7572	-79.44687	-241.8869	162.4401	0.5321633	0.1512179	0.379678	0.620322	1.848283
7578	-75.30486	-237.6048	162.2999	0.1365613	0.3583086	0.74849	0.25151	1.839684
7584	-71.63536	-233.7119	162.0765	0.5643347	0.2683821	0.776251	0.223749	1.839684
7590	-67.41295	-229.2913	161.8783	0.06787395	0.2294218	0.827797	0.172203	2.363367
7596	-72.45067	-233.7528	161.3021	0.05268646	0.5141787	0.776224	0.223776	2.363367
7602	-79.59424	-241.2622	161.668	0.1851455	0.4569875	0.412801	0.587199	2.104467
7608	-69.09385	-231.5758	162.482	0.2707231	0.4523903	0.599663	0.400337	1.484137
7614	-66.27567	-227.8887	161.613	0.6583705	0.3178816	0.29838	0.70162	2.010136
7620	-74.09258	-235.0621	160.9696	0.2284395	0.3954651	0.390347	0.609653	2.593307
7626	-65.17365	-226.6471	161.4735	0.1177285	0.7197523	0.285169	0.714831	2.019197
7632	-60.76915	-222.0495	161.2803	0.3540468	0.4766252	0.42309	0.57691	2.224575
7638	-69.2384	-230.318	161.0796	0.3166042	0.5241858	0.661249	0.338751	2.326822
7644	-66.74447	-227.4168	160.6723	0.6019568	0.9320338	0.620163	0.379837	2.066448
7650	-78.97317	-240.5899	161.6167	0.8187368	0.196222	0.572349	0.427651	2.109857
7656	-73.04001	-235.5947	162.5547	0.3562509	0.3006585	0.602489	0.397511	1.594085
7662	-80.87646	-243.679	162.8026	0.8532665	0.3609138	0.700558	0.299442	0.8283356
7668	-70.67518	-231.9493	161.2741	0.7097476	0.84209	0.312456	0.687544	1.647602
7674	-62.50968	-225.2247	162.715	0.4213815	0.2572204	0.359405	0.640595	1.505996
7680	-67.89071	-230.334	162.4433	0.4939312	0.2860392	0.404089	0.595911	1.600121
7686	-73.65853	-236.3005	162.642	0.6958579	0.1525543	0.676273	0.323727	1.5869
7692	-69.3018	-231.7939	162.4921	0.2758896	0.3347436	0.402068	0.597932	1.6421
7698	-68.44164	-230.067	161.6253	0.8072048	0.4488409	0.541892	0.458108	1.721559
7704	-79.11433	-241.5786	162.4643	1.117926	0.2394324	0.577262	0.422738	1.187726
7710	-73.96341	-236.4472	162.4838	1.101918	0.457191	0.426759	0.573241	0.6523973
7716	-76.86251	-239.6788	162.8163	0.879629	0.1943621	0.491888	0.508112	1.200526
7722	-86.43557	-248.5426	162.107	0.6248229	0.4965735	0.498551	0.501449	1.442375
7728	-91.35555	-253.557	162.2014	0.8161345	0.3441487	0.527356	0.472644	1.442375
7734	-91.54936	-252.9999	161.4506	0.6761508	0.3441487	0.598843	0.401157	2.067916
7740	-82.27731	-242.6389	160.3616	0.1665563	0.9639215	0.620776	0.379224	2.52262
7746	-85.18374	-246.9329	161.7491	0.08053661	0.255394	0.4436	0.5564	2.393308
7752	-81.7597	-243.0396	161.2799	0.2051688	0.4670984	0.765317	0.234683	2.330733
7758	-69.30758	-229.9895	160.6819	0.07673624	0.3512089	0.669175	0.330825	2.916388
7764	-71.73554	-233.7153	161.9798	0.06489206	0.7318399	0.19946	0.80054	1.698224
7770	-69.87651	-233.0724	163.1959	0.04958868	0.229661	0.366372	0.633628	1.479069
7776	-70.02879	-230.7538	160.725	0.06590795	0.3688854	0.74966	0.25034	2.874783
7782	-80.58672	-241.6076	161.0209	0.1315801	0.3688854	0.809926	0.190074	2.654046
7788	-74.01199	-236.5249	162.5129	0.4619078	0.340222	0.370986	0.629014	1.481255
7794	-73.98663	-235.7611	161.7745	0.8106781	0.6118051	0.616127	0.383873	1.418619
7800	-70.61982	-232.8323	162.2125	0.8179888	0.2860828	0.600251	0.399749	1.531494
7806	-79.81587	-241.5812	161.7653	0.4216869	0.2010987	0.365637	0.634363	2.26147
7812	-78.94532	-240.6626	161.7173	0.2653472	0.2768865	0.572784	0.427216	2.26147
7818	-77.36189	-239.4045	162.0426	0.177161	0.2983124	0.367466	0.632534	2.073985
7824	-77.69671	-238.487	160.7903	0.2978056	0.3310935	0.409024	0.590976	2.74248
7830	-87.70968	-248.2328	160.5231	0.3562955	0.4359969	0.395068	0.604932	2.74248
7836	-85.18233	-245.2762	160.0939	0.2588295	0.9042985	0.550066	0.449934	2.670139
7842	-91.15159	-251.762	160.6104	0.2168703	0.4646892	0.23793	0.76207	2.743163
7848	-92.4576	-253.6387	161.1811	0.3578818	0.5422261	0.931523	0.0684767	2.216955
7854	-78.65316	-241.0562	162.4031	0.6370894	0.1805146	0.763277	0.236723	1.733608
7860	-88.95542	-249.6333	160.6779	0.6502128	0.5407388	0.268371	0.731629	2.353461
7866	-82.56896	-242.2113	159.6424	0.4194568	0.7347389	0.452162	0.547838	2.966775
7872	-81.66537	-243.0511	161.3857	0.4194568	0.849505	0.556221	0.443779	1.767982
7878	-80.92697	-243.8299	162.903	0.4469854	0.2580091	0.578424	0.421576	1.339698
7884	-81.6324	-243.7541	162.1217	0.9669294	0.3788	0.479263	0.520737	1.330862
7890	-73.71546	-236.2587	162.5432	0.9669294	0.3803253	0.302196	0.697804	0.9500408
7896	-78.6424	-241.643	163.0006	0.6785059	0.2677986	0.617008	0.382992	1.032465
7902	-77.55291	-237.7991	160.2462	0.823306	0.9423675	0.751755	0.248245	2.193179
7908	-82.01725	-244.239	162.2217	1.034716	0.2870507	0.671935	0.328065	1.356826
7914	-77.72578	-240.0168	162.291	0.8592983	0.4523042	0.621534	0.378466	1.163846
7920	-81.442	-242.2686	160.8266	1.176748	1.260746	0.972551	0.0274491	1.325929
7926	-77.40683	-238.0784	160.6716	1.342095	1.260746	0.799181	0.200819	1.317656
7932	-74.98701	-237.1699	162.1829	1.103142	0.4915903	0.462492	0.537508	0.9721561
7938	-75.97534	-238.5742	162.5988	1.103142	0.2905783	0.378928	0.621072	0.9534194
7944	-71.18148	-233.9193	162.7378	1.309872	0.1351064	0.707699	0.292301	1.062828
7950	-66.54192	-227.745	161.203	0.9327778	0.6814638	0.725709	0.274291	1.67975
7956	-74.98393	-237.7317	162.7478	0.9327778	0.2441141	0.363291	0.636709	1.088851
7962	-65.00203	-227.1343	162.1323	0.9327778	0.5545824	0.488133	0.511867	1.088851
7968	-66.73297	-229.2353	162.5024	0.9666777	0.3322678	0.433878	0.566122	1.088851
7974	-77.70991	-238.9322	161.2223	0.5830989	0.4664662	0.728592	0.271408	2.124896
7980	-76.28907	-238.7989	162.5098	0.7236345	0.2783235	0.525595	0.474405	1.391493
7986	-84.87794	-245.6635	160.7856	0.6543147	0.5827346	0.581442	0.418558	2.24109
7992	-85.30359	-246.6655	161.3619	0.6115554	0.7580079	0.413899	0.586101	1.725534
7998	-97.44	-257.703	160.263	0.99164	0.8992277	0.413899	0.586101	2.102424
8004	-83.70636	-243.5164	159.81	0.2337281	0.7016999	0.606563	0.393437	3.002989
8010	-73.0828	-233.9407	160.8579	0.3209371	0.8601308	0.549172	0.450828	2.179929
8016	-71.50252	-232.5765	161.074	0.2408538	0.3560641	0.466033	0.533967	2.569974
8022	-75.70611	-236.2725	160.5664	0.1634373	0.6552038	0.624295	0.375705	2.623308
8028	-79.44115	-239.845	160.4039	0.2110245	0.7114031	0.690764	0.309236	2.648281
8034	-64.42267	-226.8783	162.4556	0.02383505	0.488909	0.377548	0.622452	1.638811
8040	-68.75641	-230.588	161.8316	0.04783985	0.3851238	0.566926	0.433074	2.174694
8046	-68.45421	-230.1474	161.6932	0.1921696	0.3821281	0.580437	0.419563	2.174694
8052	-70.91451	-231.6959	160.7814	0.1688168	0.5707569	0.63002	0.36998	2.56177
8058	-62.61608	-224.4352	161.8191	0.3192483	0.2588248	0.594802	0.405198	2.190205
8064	-70.26598	-231.8033	161.5374	0.2750114	0.4073652	0.465092	0.534908	2.190205
8070	-70.19507	-232.9353	162.7402	0.8949262	0.3408699	0.400532	0.599468	0.90281
8076	-68.30962	-230.1068	161.7972	1.204029	0.733829	0.803271	0.196729	0.90281
8082	-63.19443	-225.5402	162.3457	0.8546599	0.3411333	0.528631	0.471369	1.303581
8088	-65.11963	-228.222	163.1024	0.8395309	0.2307336	0.423678	0.576322	0.8557602
8094	-78.13197	-240.6433	162.5114	1.247939	0.3042585	0.597598	0.402402	0.8531982
8100	-74.09317	-235.3006	161.2074	0.9595731	0.7481701	0.64164	0.35836	1.595736
8106	-78.01226	-239.4776	161.4654	0.9531272	0.5879379	0.462056	0.537944	1.569998
8112	-84.78882	-246.5015	161.7126	0.5885384	0.3622745	0.430877	0.569123	1.926208
8118	-83.11176	-243.8675	160.7558	0.8564401	1.013446	0.364909	0.635091	1.781805
8124	-87.09801	-248.294	161.196	0.841792	0.5389214	0.558131	0.441869	1.890506
8130	-78.22772	-238.5308	160.303	0.7574164	0.5861286	0.679178	0.320822	2.478689
8136	-66.67169	-228.7248	162.0531	0.7574164	0.5861286	0.743178	0.256822	1.268854
8142	-82.67562	-243.7319	161.0562	0.4646016	0.2816466	0.615591	0.384409	2.545775
8148	-82.3452	-242.7963	160.4511	0.2545872	0.185576	0.322501	0.677499	3.199236
8154	-89.28623	-250.2063	160.9201	0.9662884	1.116665	0.312172	0.687828	1.514029
8160	-75.35137	-236.6991	161.3477	0.03512467	0.878549	0.41925	0.58075	2.03277
8166	-56.00839	-217.7601	161.7517	0.02074456	0.4732963	0.512115	0.487885	2.138673
8172	-69.76423	-231.505	161.7408	0.1527578	0.4063551	0.467963	0.532037	2.138673
8178	-71.34994	-232.2745	160.9246	0.09544287	0.4208751	0.663713	0.336287	2.673317
8184	-72.49348	-234.0059	161.5124	0.05269288	0.4206101	0.932614	0.0673856	2.332932
8190	-67.09551	-228.5271	161.4316	0.1587416	0.4025356	0.739666	0.260334	2.338633
8196	-68.59132	-228.7743	160.1829	0.4137661	0.7804041	0.665611	0.334389	2.606569
8202	-78.68234	-239.6129	160.9306	0.4440043	0.9815564	0.275843	0.724157	1.965692
8208	-72.33224	-233.8632	161.5309	0.1547756	0.3416229	0.547043	0.452957	2.356417
8214	-85.55624	-246.5557	160.9994	0.2538741	0.9026825	0.721455	0.278545	2.10082
8220	-79.8981	-240.1106	160.2125	0.6605661	0.5281066	0.254803	0.745197	2.650328
8226	-77.90386	-239.0684	161.1645	0.4537782	0.4578981	0.550278	0.449722	2.255815
8232	-92.88544	-254.0347	161.1493	0.2854831	0.2369257	0.664309	0.335691	2.669799
8238	-83.46144	-244.7999	161.3384	0.2327216	0.4165383	0.494124	0.505876	2.333929
8244	-83.67174	-245.8337	162.162	0.09134258	0.2744188	0.746507	0.253493	2.089671
8250	-92.56402	-252.0176	159.4536	0.1594052	0.5214374	0.363319	0.636681	3.412028
8256	-83.88563	-245.3637	161.478	0.102006	0.4165605	0.865859	0.134141	2.328249
8262	-80.82844	-242.2877	161.4593	0.3482294	0.3690126	0.28038	0.71962	2.242075
8268	-87.5513	-248.6518	161.1005	0.3052764	0.604975	0.582875	0.417125	2.242075
8274	-78.46136	-238.2034	159.742	0.2939819	0.5075726	0.347851	0.652149	3.175884
8280	-79.81467	-239.7893	159.9747	0.10512	0.4813086	0.313336	0.686664	3.175884
8286	-79.10937	-239.984	160.8746	0.1100759	0.6877555	0.486516	0.513484	2.437269
8292	-72.29274	-233.5745	161.2817	0.09014046	0.3556928	0.210956	0.789044	2.535
8298	-72.65245	-234.0242	161.3717	0.0551444	0.3673065	0.576955	0.423045	2.485699
8304	-72.20814	-233.7389	161.5307	0.1840447	0.2431802	0.467215	0.532785	2.485699
8310	-81.88602	-243.8671	161.9811	0.1618314	0.6812228	0.21748	0.78252	1.674908
8316	-72.89877	-234.927	162.0283	0.1225022	0.535363	0.531061	0.468939	1.816988
8322	-76.79065	-238.5168	161.7262	0.55115	0.287129	0.373331	0.626669	2.053478
8328	-68.39925	-229.1701	160.7709	0.5333922	0.4645261	0.884675	0.115325	2.447877
8334	-73.35857	-234.4701	161.1115	0.2462427	0.434471	0.781662	0.218338	2.447877
8340	-69.99909	-231.2941	161.295	0.2962984	0.42335	0.501917	0.498083	2.31301
8346	-73.43789	-234.558	161.1201	0.40056	0.5910803	0.435095	0.564905	2.18095
8352	-73.33103	-233.6157	160.2847	0.5807433	0.6297006	0.77212	0.22788	2.561193
8358	-79.58326	-241.9578	162.3745	0.3830337	0.2423841	0.456583	0.543417	1.805498
8364	-78.42036	-239.0464	160.6261	0.4386463	0.4082616	0.87182	0.12818	2.660416
8370	-74.41125	-235.2056	160.7943	0.3879529	0.3495185	0.549444	0.450556	2.660416
8376	-82.08291	-244.6923	162.6094	0.1497598	0.4077996	0.417508	0.582492	1.540414
8382	-73.60345	-235.3888	161.7853	0.2621527	0.310338	0.43694	0.56306	2.168541
8388	-84.62934	-246.6259	161.9966	0.2357602	0.5230903	0.743891	0.256109	1.773989
8394	-81.96904	-243.0288	161.0597	0.3590739	0.2741864	0.283162	0.716838	2.62035
8400	-81.35886	-241.98	160.6212	0.3330183	0.6091797	0.757138	0.242862	2.524096
8406	-78.64514	-241.4768	162.8317	0.8525443	0.215015	0.37802	0.62198	1.157779
8412	-65.52201	-227.7171	162.1951	0.938038	0.4483426	0.401402	0.598598	1.184966
8418	-64.62495	-227.0529	162.4279	0.6986421	0.3639221	0.489879	0.510121	1.324577
8424	-65.09153	-228.1075	163.0159	0.713628	0.1896168	0.432367	0.567633	1.184052
8430	-66.62137	-229.2686	162.6472	0.713628	0.3330238	0.634235	0.365765	1.184052
8436	-63.18428	-225.1228	161.9386	0.6399028	0.2732769	0.363607	0.636393	1.874045
8442	-66.53544	-228.9227	162.3873	0.2907738	0.2719582	0.390957	0.609043	1.807932
8448	-70.56721	-232.6674	162.1002	0.5762755	0.2726015	0.359111	0.640889	1.807932
8454	-70.34815	-233.1151	162.7669	0.6273832	0.2726015	0.902743	0.0972574	1.273976
8460	-73.34439	-235.2767	161.9323	0.9821812	0.4472028	0.542341	0.457659	1.366607
8466	-78.77255	-241.3885	162.6159	0.9821812	0.2493468	0.542341	0.457659	1.150876
8472	-79.83061	-240.247	160.4164	0.9821812	0.6557812	0.251006	0.748994	2.20071
8478	-75.50144	-238.4396	162.9381	0.06510578	0.3843553	0.446535	0.553465	1.389628
8484	-69.18836	-230.6501	161.4617	0.1251705	0.3843553	0.293988	0.706012	2.363298
8490	-78.94602	-240.7191	161.7731	0.2044046	0.5540774	0.304434	0.695566	1.915443
8496	-89.07271	-248.9518	159.8791	0.9348512	0.0958069	0.82598	0.17402	3.329047
8502	-85.04208	-246.559	161.5169	1.608741	0.6824341	0.583393	0.416607	0.8342436
8508	-78.52229	-240.4611	161.9388	1.39627	0.6412135	0.391105	0.608895	0.5399598
8514	-82.71255	-245.1126	162.4001	0.7406034	0.6412135	0.513679	0.486321	0.8831547
8520	-86.66629	-248.9516	162.2854	0.5556173	0.2886685	0.52452	0.47548	1.664941
8526	-76.40847	-239.2599	162.8514	1.086162	0.2085703	0.498179	0.501821	0.9318746
8532	-74.07857	-235.7643	161.6857	1.086162	0.7981464	0.437944	0.562056	1.057192
8538	-77.92139	-239.3861	161.4647	1.086162	1.001965	0.757469	0.242531	1.057192
8544	-80.01844	-242.5661	162.5477	0.3627563	0.1393271	0.369271	0.630729	1.919179
8550	-76.57702	-238.7336	162.1566	0.1350902	0.3277248	0.601486	0.398514	1.98201
8556	-73.6086	-235.2956	161.687	0.2674783	0.5062501	0.700445	0.299555	1.98201
8562	-70.16844	-231.6856	161.5171	0.3071317	0.590139	0.697941	0.302059	1.98201
8568	-79.84392	-242.8649	163.021	0.3071317	0.2752315	0.460465	0.539535	1.322547
8574	-64.35476	-226.2277	161.8729	0.2831664	0.3035606	0.676308	0.323692	2.107828
8580	-70.47667	-231.3772	160.9006	0.1655945	0.5113093	0.833442	0.166558	2.54753
8586	-68.63584	-229.4399	160.8041	0.1931433	0.3650258	0.554705	0.445295	2.754135
8592	-72.32354	-234.4215	162.098	0.3285056	0.451332	0.720293	0.279707	1.722707
8598	-66.64637	-228.0872	161.4408	0.09169255	0.3368711	0.421307	0.578693	2.459526
8604	-65.99195	-227.6256	161.6337	0.1788603	0.4860187	0.797922	0.202078	2.098303
8610	-84.52348	-245.5645	161.041	0.2734322	0.850771	0.735474	0.264526	2.098303
8616	-79.94851	-241.7077	161.7592	0.4688197	0.3285263	0.522208	0.477792	2.023229
8622	-81.52345	-242.0106	160.4872	1.214923	1.633076	0.867263	0.132737	1.341274
8628	-79.12274	-240.9269	161.8042	0.1792859	0.5824469	0.249761	0.750239	1.882265
8634	-84.82237	-245.8624	161.04	0.2025398	0.4976621	0.702247	0.297753	2.451301
8640	-86.18816	-247.8523	161.6641	0.5680529	0.471978	0.877035	0.122965	1.832789
8646	-77.90885	-238.7293	160.8205	0.5878674	0.858961	0.51634	0.48366	2.030257
8652	-80.06811	-241.1877	161.1195	0.5173668	0.6210017	0.545175	0.454825	2.076752
8658	-76.303	-237.5936	161.2906	0.2860229	0.6645648	0.447563	0.552437	2.076752
8664	-82.43037	-244.337	161.9066	0.4038531	0.6421798	0.434011	0.565989	1.592348
8670	-76.15347	-238.2717	162.1183	0.2152007	0.2202863	0.619897	0.380103	2.130627
8676	-69.70393	-231.2528	161.5488	0.5028071	0.3346376	0.295759	0.704241	2.130627
8682	-70.65996	-231.7074	161.0474	0.5188418	0.5936222	0.287858	0.712142	2.148864
8688	-70.65612	-232.2957	161.6395	0.2307443	0.5936222	0.258822	0.741178	1.947724
8694	-80.53663	-241.9348	161.3982	0.5916917	0.5936222	0.655608	0.344392	1.866694
8700	-86.65417	-249.3332	162.679	0.7502652	0.2088796	0.390259	0.609741	1.383013
8706	-76.04283	-238.2513	162.2085	1.065056	0.4394568	0.540974	0.459026	1.073187
8712	-71.15025	-232.9768	161.8266	1.00732	0.9750244	0.445916	0.554084	0.7721251
8718	-68.81189	-230.4245	161.6126	0.9712865	0.8411179	0.647916	0.352084	1.182131
8724	-66.24205	-228.919	162.6769	0.752229	0.2164497	0.577497	0.422503	1.365922
8730	-70.67862	-232.3252	161.6465	0.3697773	0.4888559	0.610186	0.389814	1.959888
8736	-74.13712	-235.4624	161.3253	0.4279663	0.6639264	0.725728	0.274272	1.959888
8742	-65.21662	-227.9822	162.7656	0.9924585	0.320051	0.498241	0.501759	0.8097542
8748	-62.76351	-225.4578	162.6942	1.590695	0.1718545	0.284544	0.715456	0.4435649
8754	-73.44645	-235.625	162.1785	1.653128	0.3071807	0.376261	0.623739	0.3142208
8760	-71.0221	-233.1321	162.11	1.581014	0.3482354	0.455718	0.544282	0.2778663
8766	-81.96561	-243.6057	161.6401	1.581014	0.6814304	0.373339	0.626661	0.3434271
8772	-76.07051	-239.0495	162.979	0.9468317	0.3041771	0.177219	0.822781	0.5551299
8778	-71.91971	-232.4293	160.5095	0.9468317	0.7982365	0.683415	0.316585	2.044721
8784	-72.29042	-234.5208	162.2304	0.6468438	0.5665096	0.591751	0.408249	1.237746
8790	-65.4858	-226.5518	161.066	0.7988643	0.7111143	0.446825	0.553175	1.841925
8796	-76.81209	-239.189	162.3769	0.4108858	0.4632554	0.524728	0.475272	1.442953
8802	-79.7837	-241.2314	161.4477	0.3104395	0.7407024	0.942574	0.0574256	1.889272
8808	-79.62766	-241.0599	161.4322	0.2723443	0.6423593	0.595139	0.404861	2.01217
8814	-75.36662	-237.8794	162.5128	0.09968748	0.3006913	0.591747	0.408253	1.805547
8820	-74.51022	-235.9363	161.4261	0.4150747	0.2477727	0.540127	0.459873	2.39861
8826	-78.19034	-239.412	161.2216	0.1369414	0.7771662	0.644406	0.355594	2.1256
8832	-77.08931	-237.3906	160.3013	0.1086017	0.815402	0.615963	0.384037	2.6962
8838	-73.88711	-234.6653	160.7782	0.03829916	0.3760473	0.946082	0.0539179	2.850496
8844	-59.04905	-221.1176	162.0686	0.03797467	0.4883991	0.465115	0.534885	1.899507
8850	-63.32764	-224.3315	161.0039	0.324242	0.2977601	0.465115	0.534885	2.641386
8856	-68.91447	-231.2478	162.3334	0.0732913	0.4566605	0.744799	0.255201	1.730025
8862	-73.9129	-235.4508	161.5379	0.09150481	0.4408419	0.762103	0.237897	2.268186
8868	-78.33313	-239.868	161.5349	0.1153431	0.387134	0.516911	0.483089	2.319576
8874	-76.62671	-238.8716	162.2449	0.1345312	0.269444	0.516911	0.483089	2.014426
8880	-78.47929	-240.0323	161.553	0.1264544	0.3508438	0.826672	0.173328	2.347965
8886	-86.5788	-247.4303	160.8515	0.6626566	0.387781	0.189806	0.810194	2.405082
8892	-77.27427	-238.8186	161.5443	0.3124548	0.387781	0.700708	0.299292	2.18599
8898	-83.46712	-244.2449	160.7778	0.02707411	0.1917411	0.600155	0.399845	3.129014
8904	-91.85457	-254.5708	162.7162	0.05518188	0.3241467	0.662543	0.337457	1.656357
8910	-77.52789	-239.2529	161.725	0.006590719	0.3006067	0.344848	0.655152	2.385317
8916	-77.87851	-239.0701	161.1916	0.007589074	0.4154163	0.759325	0.240675	2.568942
8922	-81.84085	-242.9632	161.1224	0.07679382	0.4154163	0.582179	0.417821	2.568942
8928	-82.8475	-243.7684	160.9209	0.1733984	0.9056393	0.523047	0.476953	2.202297
8934	-80.8296	-241.4566	160.627	0.0833993	0.4392311	0.531294	0.468706	2.841888
8940	-84.58858	-245.827	161.2384	0.1366975	0.247866	0.357141	0.642859	2.688533
8946	-82.20029	-242.6449	160.4446	0.3640043	0.5296102	0.325849	0.674151	2.688533
8952	-80.26117	-242.7532	162.492	0.6372192	0.3151845	0.514195	0.485805	1.405236
8958	-89.36944	-250.273	160.9036	1.205666	1.170186	0.554284	0.445716	1.303585
8964	-82.75602	-244.612	161.8559	1.10859	0.6477372	0.811438	0.188562	1.056196
8970	-88.0131	-248.0854	160.0723	0.03639541	0.4176294	0.592012	0.407988	3.225992
8976	-81.35576	-241.9857	160.63	0.09377608	0.2787097	0.569973	0.430027	3.035944
8982	-81.25261	-243.5923	162.3397	0.03996679	0.4217788	0.644875	0.355125	1.792952
8988	-72.47792	-234.2013	161.7234	0.3272039	0.4217788	0.576145	0.423855	2.016142
8994	-60.86058	-222.886	162.0255	0.5211381	0.2065943	0.473187	0.526813	2.016142
9000	-70.07582	-232.1666	162.0907	0.5048777	0.2982502	0.693356	0.306644	1.821133
9006	-74.47927	-236.3368	161.8575	0.4765302	0.4427246	0.36561	0.63439	1.79799
9012	-63.17299	-225.1519	161.9789	0.3560317	0.4906419	0.653943	0.346057	1.739416
9018	-76.77859	-238.3253	161.5467	1.019468	0.8061096	0.759531	0.240469	1.231799
9024	-77.46283	-238.9639	161.5011	1.019468	0.3782846	0.63374	0.36626	1.753224
9030	-86.02585	-248.1551	162.1292	0.315194	0.3782846	0.598675	0.401325	1.806162
9036	-81.32505	-243.6486	162.3236	0.7695396	0.2315794	0.674454	0.325546	1.588208
9042	-87.2016	-249.5534	162.3518	1.039518	0.2315794	0.82946	0.17054	1.362424
9048	-75.11536	-237.8308	162.7155	0.9260844	0.2315794	0.843606	0.156394	1.154529
9054	-81.48862	-243.0031	161.5145	0.8641763	0.5117114	0.423652	0.576348	1.683962
9060	-85.60965	-247.6196	162.01	0.6563382	0.4045342	0.662408	0.337592	1.612998
9066	-83.61082	-245.2503	161.6395	0.8540159	0.3311489	0.662408	0.337592	1.840228
9072	-77.93028	-238.8865	160.9562	0.8540159	0.6161515	0.685878	0.314122	1.966211
9078	-75.73825	-238.7131	162.9749	1.053412	0.1330634	0.471878	0.528122	1.088028
9084	-72.28008	-233.5331	161.2531	0.3876459	0.2452775	0.14796	0.85204	2.52848
9090	-71.53503	-233.602	162.067	0.9435459	0.3682998	0.763103	0.236897	1.409027
9096	-71.6922	-233.7446	162.0524	0.9963165	0.4430891	0.438751	0.561249	1.26425
9102	-69.81564	-229.7506	159.9349	0.7058043	1.023975	0.706315	0.293685	2.414211
9108	-74.12801	-234.7639	160.6358	1.005066	1.28048	0.423231	0.576769	1.589636
9114	-82.23824	-244.7058	162.4676	1.022566	0.288935	0.467458	0.532542	1.158868
9120	-83.42503	-243.1552	159.7302	0.9748469	2.641916	0.263599	0.736401	1.662769
9126	-69.73274	-231.8255	162.0927	0.69045	0.3489019	0.216903	0.783097	1.609267
9132	-76.56288	-236.9551	160.3922	0.2371949	0.6176713	0.36796	0.63204	2.717281
9138	-86.87243	-247.6484	160.7759	0.5087127	0.3895923	0.637512	0.362488	2.546622
9144	-85.28828	-245.9353	160.647	0.1529083	0.6953645	0.691643	0.308357	2.546622
9150	-78.17628	-239.1273	160.9511	0.1126541	0.5137067	0.697578	0.302422	2.546622
9156	-80.81217	-242.0665	161.2543	0.4109919	0.4354677	0.778714	0.221286	2.251374
9162	-82.7338	-244.3158	161.582	0.4283441	0.4795751	0.72137	0.27863	1.97441
9168	-73.65832	-234.9504	161.2921	0.4911312	0.3818658	0.517891	0.482109	2.241061
9174	-73.66528	-234.7761	161.1108	0.5709423	0.3818658	0.369815	0.630185	2.306093
9180	-67.46519	-229.3067	161.8415	0.5905513	0.3818658	0.369815	0.630185	1.80974
9186	-73.16492	-235.5976	162.4327	0.3368302	0.3992776	0.480459	0.519541	1.544823
9192	-76.23792	-238.501	162.263	0.5211808	0.2652352	0.465969	0.534031	1.745743
9198	-76.24185	-237.4298	161.1879	0.2803304	0.3566647	0.692825	0.307175	2.473522
9204	-97.59407	-257.5887	159.9946	2.463275	0.768126	0.6705	0.3295	0.1126532
9210	-99.08427	-259.415	160.3307	0.6313207	0.5722963	0.413203	0.586797	2.552967
9216	-89.39556	-250.574	161.1785	0.1346258	0.5175212	0.27594	0.72406	2.38635
9222	-81.14839	-243.9681	162.8197	0.5836404	0.2331183	0.790222	0.209778	1.349545
9228	-80.9012	-243.2425	162.3413	0.2759801	0.2142757	0.663855	0.336145	1.954
9234	-84.3354	-245.5603	161.2249	0.3860174	0.4102642	0.663855	0.336145	2.316146
9240	-75.3871	-236.7966	161.4095	0.9516888	0.6306078	0.537696	0.462304	1.567025
9246	-86.10738	-248.0446	161.9372	1.157783	0.51183	0.433181	0.566819	1.123241
9252	-81.7382	-241.6361	159.8979	1.872029	2.767849	0.401331	0.598669	0.520924
9258	-75.85896	-237.3748	161.5159	0.9924741	1.024103	0.715711	0.284289	1.076519
9264	-68.40658	-230.1056	161.6991	1.464244	0.7684133	0.438445	0.561555	0.5734859
9270	-66.62032	-228.095	161.4747	1.114	1.113377	0.687358	0.312642	0.9097073
9276	-53.61181	-215.8263	162.2145	0.8243183	0.3325527	0.822931	0.177069	1.445224
9282	-52.47554	-214.4933	162.0178	0.2240305	0.3280596	0.177183	0.822817	2.014761
9288	-55.39139	-217.1276	161.7362	0.3213978	0.4780429	0.662653	0.337347	1.944475
9294	-72.81172	-235.3602	162.5485	0.2900741	0.1489373	0.850776	0.149224	1.944475
9300	-62.57931	-223.8777	161.2984	0.177125	0.354798	0.443192	0.556808	2.471411
9306	-66.0513	-227.5464	161.4951	0.27851	0.3465556	0.591555	0.408445	2.293752
9312	-69.31508	-231.5061	162.1911	0.3000704	0.229782	0.668245	0.331755	2.009229
9318	-72.34807	-234.1276	161.7795	0.2905784	0.4169034	0.4932	0.5068	2.009229
9324	-70.6572	-232.4515	161.7943	0.1694383	0.4169034	0.231802	0.768198	2.079588
9330	-71.99364	-233.6109	161.6173	0.1820075	0.3598202	0.345892	0.654108	2.259458
9336	-83.27117	-244.7161	161.4449	0.3352245	0.538137	0.731684	0.268316	2.063823
9342	-77.30392	-238.9735	161.6696	0.3265133	0.6500913	0.755709	0.244291	1.807402
9348	-76.53863	-236.9275	160.3888	0.7730747	0.6500913	0.818321	0.181679	2.35732
9354	-67.10607	-228.9331	161.8271	0.7730747	0.4749711	0.686181	0.313819	1.568312
9360	-69.2402	-231.1401	161.9	0.2704089	0.4988308	0.249451	0.750549	1.844106
9366	-61.6877	-223.6701	161.9824	0.2893159	0.3095168	0.685898	0.314102	2.022498
9372	-69.43461	-230.1669	160.7323	0.4138748	0.6358948	0.599908	0.400092	2.379744
9378	-65.19894	-225.4824	160.2835	0.6256463	0.2093953	0.688698	0.311302	3.035357
9384	-76.77778	-238.5427	161.7649	0.2650333	0.1042288	0.575709	0.424291	2.574719
9390	-76.96891	-239.8629	162.894	1.123302	0.1809068	0.723846	0.276154	0.9365055
9396	-74.14676	-236.4851	162.3383	0.923504	0.4486426	0.655752	0.344248	1.068715
9402	-79.39592	-240.5039	161.108	1.173798	0.4636132	0.602339	0.397661	1.808572
9408	-79.48694	-241.8001	162.3132	0.2455383	0.3139226	0.172573	0.827427	1.821714
9414	-77.23054	-238.809	161.5784	0.6460514	0.3204638	0.614504	0.385496	2.037433
9420	-77.81987	-238.8945	161.0746	0.3737616	0.8144057	0.756346	0.243654	2.037433
9426	-72.46459	-233.771	161.3064	0.458937	0.539057	0.11861	0.88139	2.072616
9432	-83.83233	-243.9745	160.1421	0.4261877	0.7630585	0.517786	0.482214	2.637104
9438	-77.91361	-238.0961	160.1825	0.3331753	0.453434	0.755294	0.244706	2.944193
9444	-77.34054	-237.877	160.5364	0.1139779	0.3119287	0.460403	0.539597	3.033022
9450	-101.8802	-261.7041	159.8239	0.1850602	1.003314	0.31306	0.68694	2.817571
9456	-96.19261	-257.3699	161.1772	0.6350867	0.4017355	0.373391	0.626609	2.197202
9462	-85.21454	-246.0127	160.7982	0.5076754	0.4137478	0.641964	0.358036	2.504461
9468	-86.02179	-247.1384	161.1166	0.6195689	0.4051472	0.421735	0.578265	2.242159
9474	-70.09378	-231.347	161.2532	0.3038979	0.506467	0.768024	0.231976	2.242159
9480	-56.93223	-218.889	161.9568	0.3472698	0.4674981	0.740333	0.259667	1.788483
9486	-61.67523	-223.7782	162.103	0.3305965	0.3618525	0.562871	0.437129	1.836646
9492	-77.43022	-237.6408	160.2105	0.2534193	0.3953849	0.554417	0.445583	3.039839
9498	-82.92801	-243.6232	160.6952	0.2453816	0.521061	0.551953	0.448047	2.615637
9504	-86.82318	-248.3827	161.5596	0.761589	0.325741	0.673951	0.326049	1.965187
9510	-85.50068	-245.8486	160.3479	0.676186	0.7485487	0.428658	0.571342	2.363337
9516	-91.03039	-250.7003	159.6699	1.164304	1.824425	0.474474	0.525526	1.881485
9522	-83.72586	-243.0346	159.3087	1.017036	1.827707	0.851158	0.148842	2.216628
9528	-85.06934	-244.4106	159.3413	1.912512	3.100267	0.601292	0.398708	1.064257
9534	-73.03774	-234.3096	161.2718	1.150057	0.7361823	0.712788	0.287212	1.416035
9540	-73.27459	-234.8705	161.5959	0.4163503	0.3881584	0.462225	0.537775	2.083969
9546	-70.22017	-231.4076	161.1874	0.4379884	0.4885488	0.313831	0.686169	2.217298
9552	-82.80512	-242.7053	159.9002	0.7143998	1.086338	0.888246	0.111754	2.392903
9558	-72.54547	-234.1546	161.6092	0.4356746	0.4759801	0.358162	0.641838	1.9554
9564	-64.20625	-225.612	161.4057	0.2643254	0.2588942	0.740511	0.259489	2.488042
9570	-71.55346	-233.466	161.9126	0.3754116	0.26641	0.629156	0.370844	2.079973
9576	-67.65672	-229.9293	162.2726	0.2268359	0.26641	0.352931	0.647069	1.939238
9582	-77.16786	-238.1666	160.9987	0.7505345	0.9648273	0.331025	0.668975	1.720207
9588	-77.19832	-238.6289	161.4306	0.6661253	0.3902403	0.682529	0.317471	2.025482
9594	-69.50491	-231.8193	162.3144	1.22947	0.2751012	0.862157	0.137843	1.140965
9600	-68.58734	-230.3595	161.7722	0.3713057	0.2859427	0.281931	0.718069	2.143211
9606	-70.76509	-232.7149	161.9498	0.5493021	0.4745128	0.782958	0.217042	1.642254
9612	-84.88187	-246.4448	161.5629	0.6692235	0.8574934	0.326826	0.673174	1.451357
9618	-66.39301	-228.7384	162.3454	1.065552	0.4631827	0.405105	0.594895	0.8895869
9624	-66.22408	-227.5483	161.3242	1.065552	0.6443495	0.483091	0.516909	1.531789
9630	-66.17407	-228.7218	162.5477	1.078406	0.352603	0.819647	0.180353	0.8848523
9636	-62.05796	-224.7576	162.6996	0.2419063	0.5547617	0.537407	0.462593	1.198427
9642	-71.40808	-234.3959	162.9878	0.08569058	0.2374625	0.432392	0.567608	1.590834
9648	-64.02661	-225.8691	161.8425	0.09102119	0.1979273	0.757386	0.242614	2.428621
9654	-83.22069	-243.7207	160.5	0.2215732	0.6676111	0.670617	0.329383	2.618013
9660	-81.67339	-243.8399	162.1665	0.5429978	0.3173916	0.300527	0.699473	1.711101
9666	-77.67079	-239.5637	161.8929	1.031526	0.2306235	0.745933	0.254067	1.711101
9672	-79.54811	-241.2135	161.6654	0.1690926	0.5204225	0.508564	0.491436	2.046494
9678	-75.72023	-237.1235	161.4032	0.2417022	0.6480562	0.439841	0.560159	2.046494
9684	-86.58783	-247.7753	161.1875	0.1169074	0.7278825	0.3713	0.6287	2.200397
9690	-79.56982	-241.7068	162.137	0.7156418	0.4975584	0.566217	0.433783	1.346925
9696	-82.44568	-245.4806	163.035	0.4671291	0.1996963	0.731231	0.268769	1.346925
9702	-94.07932	-256.3221	162.2428	0.8007696	0.2184277	0.787165	0.212835	1.650575
9708	-89.84835	-250.722	160.8737	1.168374	1.270309	0.787165	0.212835	1.288145
9714	-74.74751	-234.6009	159.8534	0.7270951	0.5434506	0.771581	0.228419	2.814583
9720	-85.41372	-246.2005	160.7868	0.2843657	0.2868134	0.877078	0.122922	2.814583
9726	-72.26254	-233.3581	161.0955	0.1730018	0.4151735	0.446973	0.553027	2.526067
9732	-84.46065	-244.637	160.1764	0.2691797	0.74148	0.826663	0.173337	2.728922
9738	-83.89284	-244.6009	160.7081	0.1971827	0.4339768	0.560274	0.439726	2.728922
9744	-76.321	-236.9183	160.5973	0.09222067	0.5638897	0.482544	0.517456	2.728922
9750	-74.54779	-236.3011	161.7533	0.1484307	0.5074531	0.727353	0.272647	2.015859
9756	-77.74404	-239.6167	161.8727	0.09161297	0.5074531	0.557117	0.442883	1.97412
9762	-79.90645	-242.7787	162.8723	0.7525797	0.169594	0.193644	0.806356	1.324135
9768	-68.18403	-231.2364	163.0523	0.4913473	0.169594	0.551714	0.448286	1.388437
9774	-83.00839	-244.7266	161.7182	0.6380102	0.768537	0.410711	0.589289	1.435824
9780	-69.41064	-232.1924	162.7817	0.7185105	0.2946357	0.732737	0.267263	1.137938
9786	-67.04264	-228.8986	161.856	0.4886119	0.411228	0.373502	0.626498	1.830807
9792	-65.29911	-227.0968	161.7977	0.4422277	0.469162	0.473812	0.526188	1.830807
9798	-61.46268	-223.6072	162.1445	0.6060659	0.2313864	0.53767	0.46233	1.830807
9804	-66.84935	-229.2377	162.3883	0.7533571	0.4914171	0.238373	0.761627	1.111452
9810	-73.76029	-235.9068	162.1465	0.6170305	0.7613675	0.224458	0.775542	1.106085
9816	-68.65401	-231.5052	162.8512	0.9825954	0.276518	0.597256	0.402744	0.8428697
9822	-77.2669	-239.1267	161.8598	1.388088	0.6932125	0.768929	0.231071	0.4061355
9828	-78.88757	-241.8712	162.9836	0.9177591	0.24048	0.421019	0.578981	0.8725571
9834	-72.58586	-234.4666	161.8808	0.6915568	0.3406808	0.557856	0.442144	1.771441
9840	-74.72085	-236.9349	162.2141	1.296109	0.3104535	0.546234	0.453766	1.095771
9846	-80.17954	-242.8246	162.6451	1.296109	0.1955925	0.605994	0.394006	0.9688055
9852	-72.94702	-235.3774	162.4304	1.209615	0.3025669	0.315455	0.684545	0.9882919
9858	-69.43639	-231.8668	162.4304	1.209615	0.3025669	0.856279	0.143721	0.9882919
9864	-70.97458	-233.3602	162.3856	0.2285155	0.4529625	0.42925	0.57075	1.586168
9870	-79.06625	-241.3578	162.2916	1.279934	0.487734	0.732533	0.267467	0.4853422
9876	-76.36929	-238.6022	162.2329	1.746438	0.2420088	0.4548	0.5452	0.3034893
9882	-81.9443	-243.4584	161.5141	1.839508	0.459854	0.233965	0.766035	0.2179625
9888	-80.84556	-242.5255	161.68	1.839508	0.3705961	0.513606	0.486394	0.2171203
9894	-76.94242	-238.8015	161.859	1.447915	0.6561723	0.511427	0.488573	0.430693
9900	-70.65223	-233.5351	162.8828	1.278087	0.2110595	0.380699	0.619301	0.430693
9906	-70.03772	-233.0574	163.0197	1.062682	0.1847212	0.736883	0.263117	0.8487833
9912	-80.19439	-242.5554	162.361	0.8249207	0.2904465	0.412602	0.587398	1.405758
9918	-91.44001	-252.9132	161.4732	0.6620173	0.6846111	0.64785	0.35215	1.677217
9924	-77.29847	-239.5623	162.2638	0.9067305	0.5191138	0.394471	0.605529	1.042072
9930	-73.42321	-235.4734	162.0502	0.1647751	0.4114384	0.61302	0.38698	1.918902
9936	-72.96321	-234.2816	161.3184	0.3584272	0.5266929	0.828412	0.171588	2.143446
9942	-77.8332	-238.8145	160.9813	0.3584272	0.5824668	0.265336	0.734664	2.305571
9948	-85.5857	-248.4272	162.8415	0.1399989	0.4514861	0.676928	0.323072	1.306947
9954	-79.8216	-242.0009	162.1793	0.257788	0.3542935	0.322175	0.677825	1.84498
9960	-79.79464	-239.9343	160.1396	0.6202466	0.4111506	0.625166	0.374834	2.843347
9966	-74.04775	-235.8116	161.7639	0.3516838	0.3625453	0.753702	0.246298	2.04983
9972	-78.7053	-240.9214	162.2161	0.585629	0.267575	0.323651	0.676349	1.729333
9978	-76.3392	-237.8939	161.5547	0.6545161	0.5793467	0.784968	0.215032	1.729333
9984	-77.59067	-238.9405	161.3499	0.2285652	0.5857473	0.399515	0.600485	2.148499
9990	-77.37336	-239.7944	162.421	1.371703	0.292578	0.902753	0.0972465	0.8457324
9996	-67.62275	-229.8009	162.1781	0.8487916	0.4453718	0.483494	0.516506	1.278805
10002	-75.64825	-235.8396	160.1913	1.136751	1.315514	0.688306	0.311694	1.79143
10008	-70.4119	-232.7521	162.3402	0.6615337	0.4851893	0.272806	0.727194	1.242313
10014	-67.92065	-229.6175	161.6968	0.7874292	0.7849644	0.885705	0.114295	1.319775
10020	-72.70002	-234.2389	161.5389	0.8068776	0.700626	0.100922	0.899078	1.508404
10026	-81.83275	-243.8015	161.9688	1.031189	0.8034253	0.228307	0.771693	0.8017849
10032	-78.04055	-238.8733	160.8328	1.031189	1.68862	0.308587	0.691413	1.175538
10038	-72.48077	-233.8819	161.4011	1.029721	0.7002497	0.573969	0.426031	1.444448
10044	-72.85474	-233.4037	160.5489	0.4248316	0.8257865	0.737601	0.262399	2.336675
10050	-80.11087	-241.6977	161.5869	0.2167433	0.3026291	0.549568	0.450432	2.336675
10056	-72.41364	-233.0781	160.6645	0.5078598	0.5481947	0.473013	0.526987	2.444519
10062	-68.57705	-229.9786	161.4016	0.2164071	0.5990127	0.567141	0.432859	2.10993
10068	-74.5875	-234.7132	160.1257	0.3240138	0.7032236	0.363227	0.636773	2.756154
10074	-63.25059	-224.5048	161.2542	0.2469727	0.3037415	0.506432	0.493568	2.525444
10080	-70.38708	-232.3792	161.9921	0.3487741	0.3982382	0.37434	0.62566	1.850397
10086	-78.08197	-240.1785	162.0965	0.9234138	0.3786225	0.523569	0.476431	1.385469
10092	-73.05078	-235.2585	162.2077	0.8164695	0.3483742	0.605697	0.394303	1.430389
10098	-74.77752	-236.2549	161.4773	0.7845637	0.6661988	0.467082	0.532918	1.603784
10104	-73.73795	-233.7539	160.016	0.2611718	0.6661988	0.736865	0.263135	2.890744
10110	-81.50826	-242.7457	161.2374	0.5569175	0.5625543	0.707768	0.292232	2.029422
10116	-77.86293	-239.8202	161.9573	0.5983547	0.3549922	0.60657	0.39343	1.761976
10122	-76.75201	-238.753	162.001	0.6879245	0.3989134	0.568399	0.431601	1.604436
10128	-82.802	-243.2486	160.4466	0.7153055	0.9844184	0.960091	0.0399093	2.104734
10134	-75.90647	-238.0606	162.1541	0.7157891	0.5300246	0.658499	0.341501	1.290599
10140	-77.40795	-238.8383	161.4303	0.3417699	0.4163809	0.61804	0.38196	2.205254
10146	-83.75495	-245.2075	161.4526	0.7193073	0.4374665	0.53163	0.46837	1.915475
10152	-81.71842	-243.7835	162.065	0.4285416	0.4374665	0.47894	0.52106	1.692854
10158	-75.57559	-238.0091	162.4335	0.1395666	0.4112725	0.676053	0.323947	1.670786
10164	-83.70182	-245.3762	161.6744	0.6236039	0.4898302	0.537904	0.462096	1.766203
10170	-77.11438	-238.7685	161.6541	0.1490212	0.5142032	0.831675	0.168325	2.073813
10176	-81.70312	-242.184	160.4809	0.3574772	0.4838701	0.563202	0.436798	2.716246
10182	-80.71416	-242.2645	161.5503	0.8355239	0.289153	0.594023	0.405977	1.978108
10188	-72.89432	-234.9268	162.0325	0.6358823	0.1963335	0.627739	0.372261	1.955142
10194	-76.66744	-239.2656	162.5981	0.1571437	0.25763	0.660418	0.339582	1.779451
10200	-82.36533	-244.1645	161.7991	0.3118226	0.3892653	0.627761	0.372239	2.017289
10206	-73.0628	-235.1612	162.0984	0.6652149	0.2163158	0.455673	0.544327	1.85076
10212	-70.03978	-231.8023	161.7625	0.3481472	0.2252514	0.806023	0.193977	2.265835
10218	-76.18545	-236.3425	160.1571	0.6380377	0.7648233	0.515476	0.484524	2.494919
10224	-88.22687	-249.78	161.5531	0.9772673	0.928955	0.242704	0.757296	1.144626
10230	-79.7738	-241.6328	161.859	0.8613053	0.6719641	0.540155	0.459845	1.243489
10236	-68.853	-230.881	162.028	0.2879947	0.3985315	0.871157	0.128843	1.86705
10242	-76.91656	-237.6894	160.7729	0.3106865	0.4916188	0.47323	0.52677	2.556926
10248	-79.97043	-241.746	161.7756	0.8203258	0.385947	0.668308	0.331692	1.689365
10254	-76.61359	-238.6291	162.0155	0.3169508	0.3082413	0.592436	0.407564	1.983976
10260	-73.20102	-235.3739	162.1729	0.3618887	0.3593832	0.502433	0.497567	1.770167
10266	-66.57097	-228.2859	161.715	0.2556437	0.2766699	0.370013	0.629987	2.269528
10272	-67.2678	-229.5999	162.3321	0.7100011	0.4085803	0.707767	0.292233	1.321647
10278	-69.50699	-231.641	162.134	0.7041163	0.2590746	0.472269	0.527731	1.718847
10284	-72.02722	-234.721	162.6938	1.0756	0.2899394	0.355831	0.644169	0.8809268
10290	-70.02302	-232.022	161.999	1.382311	0.5967504	0.657805	0.342195	0.4064283
10296	-75.11772	-237.1863	162.0686	1.017576	0.6561449	0.571013	0.428987	0.921328
10302	-79.18191	-240.2173	161.0354	1.017576	1.145409	0.513051	0.486949	1.36632
10308	-80.24502	-241.9046	161.6596	1.177371	0.5735219	0.873792	0.126208	1.262541
10314	-75.84268	-237.6728	161.8301	1.228427	0.6716575	0.297388	0.702612	0.9285729
10320	-87.23651	-249.5403	162.3038	0.9869407	0.5628973	0.513387	0.486613	0.8398542
10326	-78.51912	-240.2158	161.6967	0.8477748	0.4197637	0.395578	0.604422	1.679839
10332	-75.83062	-236.8766	161.046	0.6589324	0.4913632	0.878377	0.121623	2.162722
10338	-72.95103	-235.2784	162.3274	0.7817843	0.3472844	0.239173	0.760827	1.366048
10344	-62.3205	-223.4126	161.0921	0.6880044	0.595254	0.823376	0.176624	2.00645
10350	-70.70102	-231.1477	160.4467	0.05241215	0.5276902	0.32175	0.67825	2.879017
10356	-78.08074	-240.107	162.0262	0.06130622	0.4571136	0.668839	0.331161	1.948703
10362	-80.21994	-241.2815	161.0615	0.4638525	0.5289809	0.460957	0.539043	2.239212
10368	-82.21027	-242.4206	160.2103	0.1854697	0.7852909	0.792329	0.207671	2.726617
10374	-76.21612	-236.9519	160.7358	0.07998414	0.3407064	0.720128	0.279872	2.895361
10380	-77.06416	-237.8007	160.7365	0.03607599	0.6188166	0.730611	0.269389	2.628192
10386	-85.65394	-245.3772	159.7232	0.05053165	0.8553314	0.513689	0.486311	3.053683
10392	-75.49739	-236.7647	161.2673	0.09873499	0.8717368	0.495068	0.504932	2.048879
10398	-71.56665	-232.366	160.7993	0.09608323	0.5684012	0.29298	0.70702	2.597963
10404	-78.74025	-239.8215	161.0813	0.07800116	0.4117453	0.682551	0.317449	2.597963
10410	-80.60157	-241.9606	161.359	1.091339	1.192944	0.388889	0.611111	0.9806717
10416	-71.928	-234.5566	162.6286	1.01694	0.2940528	0.581976	0.418024	1.002736
10422	-73.38153	-235.6322	162.2507	1.201146	0.5437978	0.740648	0.259352	0.631083
10428	-66.76908	-228.8957	162.1266	1.281895	0.336369	0.865186	0.134814	1.135756
10434	-78.25058	-239.7221	161.4715	0.8668728	0.7280107	0.673341	0.326659	1.487597
10440	-73.53745	-235.9704	162.433	1.458475	0.285376	0.400948	0.599052	0.7343618
10446	-75.41936	-237.5024	162.0831	1.605613	0.4125694	0.660489	0.339511	0.5982645
10452	-82.60239	-242.9654	160.363	1.11936	1.514905	0.453748	0.546252	1.572433
10458	-82.41642	-243.7688	161.3524	0.9286741	0.6839934	0.481214	0.518786	1.572433
10464	-64.18272	-226.6419	162.4592	0.860911	0.380835	0.802091	0.197909	1.13231
10470	-68.27262	-230.7532	162.4806	0.860911	0.1576887	0.280537	0.719463	1.57129
10476	-69.33453	-232.0289	162.6944	0.8857906	0.2162184	0.431488	0.568512	1.243977
10482	-73.23815	-235.3408	162.1027	0.8857906	0.491893	0.386106	0.613894	1.243977
10488	-72.48112	-234.4074	161.9262	0.8857906	0.1800439	0.738399	0.261601	1.89217
10494	-63.92547	-226.4805	162.555	1.143793	0.2507895	0.400472	0.599528	1.055249
10500	-85.33503	-247.8033	162.4683	1.143793	0.2854279	0.778838	0.221162	1.055249
10506	-72.13682	-234.5228	162.3859	1.143793	0.3210096	0.661796	0.338204	1.055249
10512	-63.55701	-225.3537	161.7967	0.6330197	0.4030416	0.494478	0.505522	1.782754
10518	-80.5567	-242.5964	162.0397	0.7365388	0.401622	0.772355	0.227645	1.536542
10524	-77.98316	-239.0818	161.0986	0.1849036	0.5148565	0.419116	0.580884	2.407772
10530	-77.39257	-238.7095	161.3169	0.3374583	0.2468077	0.469978	0.530022	2.517454
10536	-82.14328	-241.6913	159.548	0.6675148	0.9304698	0.586127	0.413873	2.737169
10542	-84.69856	-245.5348	160.8363	1.392895	1.323895	0.646705	0.353295	1.08828
10548	-71.35873	-232.9163	161.5576	1.165486	0.6792967	0.521062	0.478938	1.23295
10554	-70.28036	-232.0557	161.7753	1.267873	0.7043543	0.681144	0.318856	0.8979049
10560	-76.45219	-238.7689	162.3167	1.150269	0.4278337	0.668679	0.331321	0.8979049
10566	-59.36944	-221.6525	162.2831	1.087607	0.3713815	0.52553	0.47447	1.103706
10572	-71.0593	-232.2239	161.1646	1.239274	0.730911	0.199271	0.800729	1.435021
10578	-71.14498	-233.2199	162.0749	1.094095	0.2752737	0.263543	0.736457	1.446988
10584	-68.81586	-230.2769	161.4611	0.5432973	0.2469645	0.759744	0.240256	2.296257
10590	-73.62932	-236.3564	162.727	1.0842	0.2747324	0.334688	0.665312	0.8751141
10596	-67.08985	-228.031	160.9412	1.612356	1.387061	0.406335	0.593665	0.6184876
10602	-75.3102	-236.2417	160.9315	1.525443	1.411244	0.631561	0.368439	0.7612619
10608	-87.03511	-247.9332	160.8981	1.46061	1.484086	0.614984	0.385016	0.8201561
10614	-84.11403	-246.2596	162.1456	1.247605	0.5144565	0.353592	0.646408	0.8061818
10620	-82.41161	-244.1363	161.7246	0.8459856	0.4808119	0.702659	0.297341	1.582629
10626	-80.78368	-242.1195	161.3358	0.6686317	0.3054175	0.669308	0.330692	2.203726
10632	-91.3359	-252.5297	161.1938	0.2027796	0.5107632	0.544789	0.455211	2.340339
10638	-89.76274	-250.2365	160.4737	0.4589112	0.7414059	0.487897	0.512103	2.42675
10644	-75.22983	-237.3879	162.1581	0.5443111	0.2222593	0.573648	0.426352	1.881119
10650	-82.46893	-244.1793	161.7104	0.1458105	0.5739004	0.62814	0.37186	1.976788
10656	-77.95265	-238.7786	160.8259	0.3948631	0.3952291	0.647586	0.352414	2.579467
10662	-73.02368	-234.7148	161.6911	0.3228093	0.335994	0.732642	0.267358	2.153303
10668	-70.97475	-233.0522	162.0775	0.411455	0.5980234	0.722623	0.277377	1.506869
10674	-71.58842	-232.8703	161.2819	0.1921254	0.2275885	0.722623	0.277377	2.661366
10680	-72.34318	-234.6913	162.3482	0.5014718	0.3162347	0.276178	0.723822	1.612719
10686	-70.66423	-231.9149	161.2507	0.5734728	0.7983305	0.234883	0.765117	1.795911
10692	-73.55502	-234.5537	160.9986	0.8796634	0.8307641	0.735721	0.264279	1.731747
10698	-78.37922	-239.5332	161.1539	0.7216157	0.8331515	0.372029	0.627971	1.731747
10704	-79.75808	-241.3303	161.5722	0.7216157	0.5223779	0.406562	0.593438	1.731747
10710	-83.75999	-246.5999	162.84	0.7216157	0.09495963	0.725121	0.274879	1.586484
10716	-80.95857	-243.8108	162.8522	0.7216157	0.2062082	0.720385	0.279615	1.273283
10722	-77.78925	-239.805	162.0157	0.4513288	0.4472913	0.755357	0.244643	1.699134
10728	-75.19662	-237.9447	162.7481	0.4955651	0.2705633	0.513694	0.486306	1.39843
10734	-65.30644	-227.8137	162.5072	0.9242346	0.3657575	0.363467	0.636533	1.057798
10740	-68.44607	-231.0604	162.6143	1.200365	0.321093	0.699361	0.300639	0.7249802
10746	-70.68363	-233.5039	162.8203	1.322743	0.2187516	0.699361	0.300639	0.5590743
10752	-69.60873	-231.9688	162.3601	1.440705	0.3535568	0.450445	0.549555	0.6127977
10758	-77.88247	-239.4077	161.5253	1.719033	0.686707	0.482598	0.517402	0.3834783
10764	-78.15336	-240.3808	162.2274	1.359135	0.4780814	0.388638	0.611362	0.5304283
10770	-74.81061	-237.0394	162.2288	1.359135	0.4663233	0.879715	0.120285	0.6084946
10776	-67.44339	-229.7081	162.2647	1.258269	0.4663233	0.746894	0.253106	0.736272
10782	-74.29657	-236.8873	162.5907	1.058954	0.3116173	0.7135	0.2865	0.9569437
10788	-73.22592	-235.528	162.3021	1.07273	0.5304625	0.467643	0.532357	0.7964462
10794	-69.63288	-231.8749	162.242	0.9862785	0.5304625	0.629068	0.370932	0.9664433
10800	-77.35376	-239.7174	162.3637	0.9989376	0.3651968	0.769778	0.230222	1.122484
10806	-71.30081	-233.4956	162.1948	1.086929	0.5430289	0.697813	0.302187	0.8868755
10812	-78.11312	-240.3407	162.2276	1.318048	0.2755779	0.576213	0.423787	1.138385
10818	-74.31543	-236.3461	162.0307	0.3967605	0.2007467	0.641389	0.358611	2.10622
10824	-73.25175	-234.8627	161.611	0.2900427	0.6554386	0.681189	0.318811	1.867683
10830	-70.74812	-232.9809	162.2327	0.2104985	0.335814	0.530443	0.469557	1.867683
10836	-75.28009	-236.0925	160.8124	0.1077968	0.402908	0.362516	0.637484	2.755331
10842	-75.31386	-237.6075	162.2936	0.4778771	0.4570153	0.689973	0.310027	1.463728
10848	-75.33489	-237.4649	162.13	0.1589368	0.2210282	0.599146	0.400854	2.15828
10854	-79.23148	-241.5862	162.3547	0.1665231	0.2830629	0.385337	0.614663	1.896728
10860	-75.27688	-237.3521	162.0752	0.4085309	0.298815	0.683672	0.316328	1.896728
10866	-77.1204	-237.6171	160.4967	0.6473399	0.4279351	0.521334	0.478666	2.588671
10872	-80.55331	-241.099	160.5457	0.4948275	0.6784703	0.386659	0.613341	2.409849
10878	-69.84835	-232.2089	162.3606	0.530652	0.2172178	0.634284	0.365716	1.76076
10884	-76.10881	-238.4264	162.3176	0.3306914	0.1897371	0.537756	0.462244	1.982124
10890	-72.21102	-233.4152	161.2041	0.5321545	0.3602891	0.611651	0.388349	2.299208
10896	-73.63822	-234.3969	160.7586	0.5682331	0.5157256	0.594559	0.405441	2.379467
10902	-68.20826	-230.2753	162.067	0.637423	0.3164395	0.528548	0.471452	1.71617
10908	-76.09781	-236.0602	159.9623	0.4948123	0.7537987	0.37908	0.62092	2.712451
10914	-67.54166	-229.6889	162.1472	0.4916454	0.2911567	0.540933	0.459067	1.802788
10920	-78.44852	-240.8755	162.427	0.09760731	0.3690454	0.660769	0.339231	1.763445
10926	-75.97456	-236.6807	160.7062	0.1922501	0.4365916	0.356724	0.643276	2.730215
10932	-69.17421	-230.2109	161.0366	0.09856571	0.3303724	0.208537	0.791463	2.714599
10938	-68.50158	-229.0668	160.5652	0.1904821	0.5255073	0.457754	0.542246	2.724982
10944	-69.71279	-231.5043	161.7915	0.5056722	0.3584952	0.803651	0.196349	1.934208
10950	-66.9373	-228.1674	161.2301	0.07116389	0.4903508	0.6314	0.3686	2.422022
10956	-74.62098	-236.3099	161.6889	0.0223743	0.2846457	0.713128	0.286872	2.422022
10962	-80.29779	-241.9499	161.6521	0.2530287	0.5310985	0.354909	0.645091	1.9882
10968	-73.161	-235.3293	162.1683	0.1825727	0.2306808	0.610899	0.389101	2.100278
10974	-73.67663	-235.3125	161.6359	0.7914105	0.2038361	0.742123	0.257877	2.100278
10980	-83.36903	-244.2893	160.9203	0.9437429	0.1656751	0.889264	0.110736	2.535933
10986	-79.10684	-240.9967	161.8899	0.3055931	0.3222926	0.710198	0.289802	2.05392
10992	-76.46842	-237.895	161.4266	0.2141184	0.2947177	0.695422	0.304578	2.451335
10998	-78.97549	-240.5708	161.5953	0.2418807	0.4470321	0.550421	0.449579	2.126467
11004	-86.29201	-248.656	162.364	0.5275793	0.2709799	0.498814	0.501186	1.659563
11010	-79.50594	-242.0944	162.5884	0.4995702	0.2120284	0.189206	0.810794	1.631769
11016	-81.07602	-241.6464	160.5704	0.52191	0.5696261	0.320997	0.679003	2.474164
11022	-75.12295	-237.5489	162.426	0.2170907	0.4159701	0.418254	0.581746	1.614126
11028	-78.30811	-240.1369	161.8288	0.661789	0.3897529	0.687585	0.312415	1.758302
11034	-72.36384	-234.1988	161.835	0.5896094	0.2850258	0.646216	0.353784	1.958769
11040	-76.71646	-239.1478	162.4313	0.8373903	0.4465936	0.360547	0.639453	1.065638
11046	-77.45555	-240.2335	162.7779	1.196217	0.252382	0.401307	0.598693	0.7340091
11052	-75.67085	-235.974	160.3031	0.4284046	0.5364881	0.724359	0.275641	2.729124
11058	-76.42818	-238.2305	161.8023	1.038111	0.5364881	0.626979	0.373021	1.306271
11064	-81.94433	-243.967	162.0227	0.8316316	0.1561438	0.586601	0.413399	1.91693
11070	-79.5459	-241.409	161.8631	0.8316316	0.6291712	0.879069	0.120931	1.312736
11076	-81.2179	-243.4273	162.2094	1.040425	0.4826824	0.553843	0.446157	1.02356
11082	-83.41892	-245.1228	161.7039	0.2900355	0.4205266	0.263667	0.736333	2.055254
11088	-79.37756	-240.6624	161.2848	0.6482736	0.631895	0.381917	0.618083	1.868017
11094	-75.01868	-236.4329	161.4142	0.5683792	0.6973309	0.944846	0.0551542	1.77295
11100	-72.58679	-234.8205	162.2338	0.7481772	0.181136	0.480231	0.519769	1.77295
11106	-67.60081	-230.4061	162.8053	1.05112	0.2398251	0.345864	0.654136	0.9251583
11112	-76.50201	-238.7001	162.1981	0.3799757	0.5475031	0.535824	0.464176	1.497007
11118	-59.50404	-221.9397	162.4356	1.311651	0.354864	0.48064	0.51936	0.7160907
11124	-65.17549	-226.6049	161.4294	1.051823	0.5764397	0.534262	0.465738	1.536332
11130	-76.32987	-237.0231	160.6932	0.5786628	0.7569193	0.547937	0.452063	2.198006
11136	-91.58567	-248.7213	157.1356	1.382366	7.091454	0.644218	0.355782	2.228095
11142	-75.46459	-235.9234	160.4588	0.3070558	0.5716868	0.34911	0.65089	2.674849
11148	-81.04002	-243.0452	162.0052	0.01108015	0.5274722	0.82818	0.17182	1.917371
11154	-85.23957	-247.8752	162.6357	0.001457389	0.2265032	0.801829	0.198171	1.917371
11160	-75.9561	-237.9674	162.0114	0.009773089	0.2885162	0.640035	0.359965	2.218586
11166	-68.42245	-230.4243	162.0018	0.01293601	0.2885162	0.526958	0.473042	2.222694
11172	-72.79978	-234.6612	161.8614	0.01149994	0.1993811	0.892358	0.107642	2.463936
11178	-73.18042	-234.598	161.4175	0.03189697	0.8329655	0.750366	0.249634	2.022529
11184	-67.70586	-229.2174	161.5115	0.07519405	0.3607179	0.573635	0.426365	2.393668
11190	-67.5282	-228.437	160.9088	0.1139254	0.5373887	0.463409	0.536591	2.548574
11196	-68.22165	-231.0789	162.8573	0.04372815	0.2224644	0.613738	0.386262	1.743548
11202	-77.30478	-238.0643	160.7596	0.0139381	0.7468219	0.343267	0.656733	2.52224
11208	-77.47651	-238.0806	160.6041	0.05182151	0.7295656	0.341037	0.658963	2.608674
11214	-79.49089	-240.972	161.4811	0.03493332	0.6388596	0.629721	0.370279	2.139552
11220	-91.75377	-252.7641	161.0103	0.1200288	0.5352525	0.613037	0.386963	2.483523
11226	-85.89163	-246.1432	160.2515	0.7706591	0.6070374	0.744071	0.255929	2.483523
11232	-78.9732	-241.0089	162.0357	0.1993614	0.1921505	0.465532	0.534468	2.247917
11238	-70.93035	-233.3924	162.4621	0.1060399	0.3244382	0.460129	0.539871	1.798959
11244	-72.20684	-233.0962	160.8894	0.1139671	0.3340729	0.567839	0.432161	2.790229
11250	-82.99822	-244.1477	161.1495	0.2985854	0.2963758	0.619432	0.380568	2.569179
11256	-75.60502	-237.2835	161.6785	0.1269808	0.2829264	0.776799	0.223201	2.365105
11262	-81.96257	-242.2371	160.2745	0.1136312	0.6040116	0.356064	0.643936	2.876127
11268	-78.13573	-237.9762	159.8405	0.1511999	0.3752992	0.644907	0.355093	3.343437
11274	-72.21712	-234.2399	162.0228	0.2122511	0.2547314	0.736666	0.263334	2.134179
11280	-66.86001	-228.4437	161.5837	0.6968672	0.226292	0.774633	0.225367	2.154146
11286	-78.00936	-239.3975	161.3882	0.6968672	0.226292	0.829373	0.170627	2.280411
11292	-70.21894	-231.1196	160.9007	0.2451258	0.75535	0.490319	0.509681	2.280411
11298	-82.04895	-243.8252	161.7762	0.02693961	0.342464	0.330096	0.669904	2.280411
11304	-82.45222	-243.0976	160.6454	0.2028011	1.027142	0.479065	0.520935	2.280411
11310	-72.96249	-234.6087	161.6462	0.3828769	0.7461214	0.201184	0.798816	1.696639
11316	-83.1022	-245.7925	162.6903	1.194289	0.3119258	0.965216	0.0347838	0.6306106
11322	-87.57373	-249.4822	161.9084	1.194289	0.6758735	0.142112	0.857888	0.8724865
11328	-93.75284	-255.3607	161.6079	1.458187	0.7747995	0.491478	0.508522	0.7571929
11334	-91.65231	-253.6926	162.0403	0.9715019	0.4897427	0.607607	0.392393	1.227449
11340	-109.6349	-269.4237	159.7888	0.6746943	0.2042561	0.420899	0.579101	3.30886
11346	-79.73067	-241.9275	162.1968	0.7303399	0.1863994	0.786722	0.213278	1.799501
11352	-80.38579	-240.918	160.5323	0.5145772	0.4475988	0.402436	0.597564	2.626786
11358	-77.0507	-239.111	162.0603	0.3347112	0.4273475	0.620026	0.379974	1.775126
11364	-90.36335	-252.9043	162.541	0.9494774	0.3094833	0.374395	0.625605	1.115797
11370	-87.01184	-248.5916	161.5798	0.9494774	0.605963	0.527406	0.472594	1.467844
11376	-79.34681	-240.8244	161.4776	1.246189	0.5178536	0.834026	0.165974	1.421822
11382	-71.24368	-233.1864	161.9427	0.6699273	0.4613161	0.613742	0.386258	1.576479
11388	-72.40853	-234.4827	162.0742	0.9617473	0.4343528	0.430488	0.569512	1.28776
11394	-67.87109	-230.0774	162.2063	0.5968791	0.2708954	0.564111	0.435889	1.722476
11400	-66.93297	-229.3147	162.3818	0.8827822	0.4042937	0.736119	0.263881	1.141012
11406	-74.43657	-236.9667	162.5301	0.7690926	0.5550346	0.637615	0.362385	0.8441708
11412	-80.78711	-241.9434	161.1563	1.004078	1.131558	0.599573	0.400427	1.29025
11418	-73.98901	-236.6768	162.6878	1.004078	0.341652	0.655408	0.344592	0.8339206
11424	-72.39341	-233.1535	160.7601	1.004078	0.6674114	0.524322	0.475678	1.949396
11430	-65.23488	-226.3128	161.0779	1.047681	0.7295276	0.367116	0.632884	1.642592
11436	-59.92599	-222.2667	162.3408	0.7501034	0.3594454	0.876606	0.123394	1.3604
11442	-66.14815	-227.4106	161.2624	0.4667948	0.2113824	0.740934	0.259066	2.531718
11448	-69.57357	-231.5544	161.9808	0.2397599	0.4111777	0.527771	0.472229	1.915492
11454	-72.14675	-234.5358	162.3891	0.4006687	0.2146108	0.615239	0.384761	1.836199
11460	-62.37252	-224.6647	162.2921	0.4972628	0.2146108	0.730324	0.269676	1.836429
11466	-58.91111	-220.1793	161.2682	0.5581725	0.4517189	0.694193	0.305807	2.128077
11472	-78.53325	-239.4216	160.8883	0.9475498	0.2350471	0.647103	0.352897	2.423359
11478	-85.85	-247.0094	161.1594	0.4116965	0.3133393	0.704957	0.295043	2.468
11484	-91.17807	-252.4089	161.2308	0.8256745	1.002573	0.542302	0.457698	1.468307
11490	-76.80056	-238.7589	161.9584	0.9709528	0.3702103	0.692182	0.307818	1.468307
11496	-71.3383	-234.0524	162.7141	0.7655731	0.4136238	0.487878	0.512122	0.9132905
11502	-69.77008	-232.4387	162.6686	0.80868	0.3499484	0.493258	0.506742	1.045443
11508	-67.23303	-229.7026	162.4695	0.6919767	0.1449633	0.399801	0.600199	1.732257
11514	-80.60807	-242.5685	161.9605	1.826412	0.3684215	0.362652	0.637348	0.4496695
11520	-78.13349	-239.404	161.2705	1.053221	1.006917	0.250412	0.749588	1.253358
11526	-67.2152	-228.4704	161.2552	0.602801	0.7595543	0.7624	0.2376	1.804811
11532	-65.77312	-227.0587	161.2856	0.4487708	0.6658933	0.418699	0.581301	1.97077
11538	-74.19531	-235.6407	161.4454	0.2345553	0.3459776	0.535035	0.464965	2.354203
11544	-69.18357	-230.8004	161.6168	0.06308976	0.3459776	0.292684	0.707316	2.354203
11550	-71.1279	-232.8106	161.6827	0.1309503	0.3484686	0.672843	0.327157	2.265479
11556	-73.2418	-234.8874	161.6456	0.03583747	0.3798134	0.317794	0.682206	2.308917
11562	-87.20736	-246.9952	159.7879	0.7616104	1.03132	0.295306	0.704694	2.467071
11568	-95.40065	-255.8255	160.4249	0.7787987	1.176539	0.642896	0.357104	1.956588
11574	-93.795	-254.1938	160.3988	0.626305	0.4609193	0.328904	0.671096	2.625674
11580	-81.55994	-241.7856	160.2256	0.8227835	0.8727684	0.846276	0.153724	2.255043
11586	-83.86756	-245.6056	161.7381	0.7021576	0.650764	0.734469	0.265531	1.48746
11592	-85.39749	-248.4552	163.0577	0.7021576	0.1900331	0.556492	0.443508	1.156455
11598	-81.47628	-244.089	162.6127	1.224752	0.1905868	0.636247	0.363753	1.084852
11604	-73.99095	-236.196	162.2051	0.9623347	0.5331882	0.465923	0.534077	1.023306
11610	-81.09821	-242.6419	161.5437	0.9126282	0.5757591	0.673189	0.326811	1.555492
11616	-84.81428	-246.8762	162.062	0.72927	0.3832333	0.722495	0.277505	1.551994
11622	-90.40227	-253.0887	162.6864	0.9371999	0.2685875	0.891318	0.108682	1.083237
11628	-68.1743	-230.7432	162.5689	0.8794552	0.4833194	0.466808	0.533192	0.8014127
11634	-80.5181	-243.494	162.9759	0.5721441	0.3332885	0.681425	0.318575	1.011273
11640	-80.50187	-242.5091	162.0072	0.7375163	0.1584709	0.585395	0.414605	1.985283
11646	-80.2455	-242.6876	162.4421	0.3746701	0.2767833	0.321852	0.678148	1.702635
11652	-82.76846	-243.3286	160.5602	1.07427	1.239282	0.522012	0.477988	1.61947
11658	-84.78583	-246.8147	162.0288	1.155449	0.5932292	0.371696	0.628304	0.9111578
11664	-78.66735	-241.2691	162.6018	1.155449	0.2838794	0.686605	0.313395	0.9111578
11670	-81.0801	-243.5862	162.5061	1.155449	0.3135858	0.624049	0.375951	0.9396604
11676	-82.52291	-243.3848	160.8619	1.155449	1.173925	0.634534	0.365466	1.374308
11682	-79.03412	-240.8325	161.7984	0.9866325	0.429391	0.931631	0.0683688	1.49101
11688	-75.60524	-238.1142	162.509	0.6340878	0.249614	0.906876	0.0931241	1.515723
11694	-82.82577	-245.1321	162.3063	0.7631637	0.3800593	0.585855	0.414145	1.344115
11700	-82.77204	-244.2551	161.4831	0.3513041	0.4817446	0.489172	0.510828	2.088695
11706	-85.53327	-247.2611	161.7279	0.7100148	0.3650235	0.850823	0.149177	1.8292
11712	-78.38882	-239.9683	161.5795	0.1183614	0.2969309	0.468852	0.531148	2.41207
11718	-76.95899	-238.0202	161.0612	0.1056939	0.5318102	0.690965	0.309035	2.46406
11724	-72.6259	-235.735	163.1091	0.02788968	0.2656336	0.610668	0.389332	1.489456
11730	-72.8371	-235.675	162.8379	0.02282669	0.4884239	0.555821	0.444179	1.352673
11736	-75.67353	-238.9752	163.3017	0.1929194	0.1997799	0.909234	0.0907659	1.352673
11742	-78.50813	-239.9432	161.4351	0.09051554	0.6327714	0.612905	0.387095	2.138836
11748	-73.55712	-235.1384	161.5813	0.2666629	0.6327714	0.611451	0.388549	1.92498
11754	-73.38312	-234.708	161.3249	0.2611835	0.3645942	0.920968	0.0790321	2.389043
11760	-68.444	-230.246	161.802	0.3954421	0.3965078	0.308986	0.691014	1.95005
11766	-67.43992	-230.12	162.68	0.72481	0.3750417	0.44552	0.55448	1.065157
11772	-65.35027	-227.9698	162.6195	1.277709	0.3192635	0.73271	0.26729	0.4980753
11778	-75.15064	-235.9292	160.7786	1.315165	0.743941	0.561664	0.438336	1.652481
11784	-67.97687	-228.9289	160.9521	0.7284477	0.9268557	0.821419	0.178581	1.795889
11790	-75.9465	-238.3728	162.4263	1.086954	0.2127997	0.465161	0.534839	1.30708
11796	-70.51944	-232.5949	162.0755	1.086954	0.6985609	0.643572	0.356428	0.7560876
11802	-77.96671	-240.4879	162.5212	1.136659	0.4312341	0.778142	0.221858	0.4230313
11808	-75.78576	-237.4522	161.6665	1.488486	0.7656892	0.228421	0.771579	0.611001
11814	-77.40784	-239.9486	162.5408	1.488486	0.2421574	0.613578	0.386422	0.6863106
11820	-80.50439	-242.3167	161.8123	1.335265	0.5092402	0.502795	0.497205	1.078924
11826	-79.03338	-239.9886	160.9552	1.320472	1.151546	0.682238	0.317762	1.178086
11832	-73.17686	-235.9858	162.809	0.8560749	0.2945923	0.658791	0.341209	0.9817752
11838	-79.36907	-241.5761	162.2071	0.8936086	0.3505674	0.659701	0.340299	1.367284
11844	-87.98142	-250.2469	162.2655	0.9336613	0.3341818	0.761139	0.238861	1.316737
11850	-94.21205	-255.4457	161.2337	0.9659507	0.2962665	0.755967	0.244033	2.090393
11856	-84.19484	-244.5089	160.3141	1.587159	1.600215	0.52347	0.47653	1.195615
11862	-81.10793	-242.2143	161.1064	1.587159	1.081736	0.774676	0.225324	0.8202818
11868	-74.57853	-236.6437	162.0652	1.587159	0.4322723	0.764739	0.235261	0.4137402
11874	-73.44288	-236.2679	162.825	1.274096	0.2369591	0.12637	0.87363	0.5040285
11880	-76.29948	-237.0126	160.7131	1.431237	1.779784	0.587021	0.412979	0.8335531
11886	-73.22958	-233.4966	160.267	1.556711	2.081801	0.365227	0.634773	0.9873058
11892	-73.41686	-235.0756	161.6588	1.556711	0.7305996	0.609791	0.390209	0.4540454
11898	-79.79819	-241.0617	161.2635	1.713208	0.9303185	0.372829	0.627171	0.4229985
11904	-75.70546	-236.6079	160.9024	0.3999724	0.4756178	0.609809	0.390191	2.437025
11910	-70.02422	-230.6577	160.6335	0.6689161	0.4756178	0.450501	0.549499	2.437025
11916	-68.05463	-229.3199	161.2653	0.5271594	0.304266	0.714453	0.285547	2.341354
11922	-69.36443	-231.6182	162.2538	0.6304875	0.3181625	0.675616	0.324384	1.584366
11928	-68.09215	-228.9058	160.8136	0.0653689	0.6515168	0.836839	0.163161	2.533915
11934	-70.53165	-232.1857	161.654	0.02710605	0.3572265	0.496203	0.503797	2.338415
11940	-71.51415	-232.939	161.4249	0.03602683	0.3572265	0.436327	0.563673	2.477404
11946	-77.43733	-238.3082	160.8708	0.1086401	0.6670067	0.344741	0.655259	2.45792
11952	-77.09378	-238.4532	161.3595	0.2192988	0.4148806	0.365248	0.634752	2.331075
11958	-87.65329	-248.7382	161.0849	0.3462586	0.808775	0.635541	0.364459	2.053184
11964	-82.06188	-242.882	160.8201	1.481975	1.215422	0.557391	0.442609	1.104482
11970	-67.65412	-230.3105	162.6563	1.105389	0.2041244	0.718948	0.281052	1.116888
11976	-60.98599	-223.0571	162.0711	1.105389	0.467466	0.435581	0.564419	1.116888
11982	-91.61286	-253.6552	162.0423	0.7998195	0.5214925	0.501472	0.498528	1.324095
11988	-88.33273	-248.3483	160.0156	0.2762154	0.4675242	0.640888	0.359112	3.063724
11994	-75.92456	-238.637	162.7125	1.082741	0.2755503	0.744431	0.255569	0.8912802
12000	-69.46674	-231.6638	162.1971	0.8905055	0.4488516	0.569143	0.430857	1.223119
12006	-65.4856	-227.3408	161.8552	0.5969831	0.4219551	0.763998	0.236002	1.742138
12012	-66.78426	-229.1557	162.3714	0.7200975	0.3849798	0.682396	0.317604	1.318643
12018	-67.59303	-229.8557	162.2627	0.7848404	0.4076784	0.257471	0.742529	1.318643
12024	-63.58829	-224.6114	161.0231	0.246557	0.4254494	0.495096	0.504904	2.513441
12030	-67.96302	-230.266	162.303	0.7170652	0.2747568	0.547375	0.452625	1.559566
12036	-72.02838	-234.8065	162.7781	0.7818443	0.2758516	0.314188	0.685812	1.124955
12042	-80.81025	-242.2229	161.4127	0.07618023	0.5162372	0.646624	0.353376	2.275795
12048	-77.02332	-238.1087	161.0853	0.01707141	0.3355386	0.841534	0.158466	2.727797
12054	-72.36859	-234.4207	162.0521	0.06892927	0.4039814	0.499695	0.500305	1.991553
12060	-65.47062	-227.0602	161.5895	0.2393422	0.5774022	0.614387	0.385613	1.991553
12066	-68.84173	-230.9438	162.1021	0.6926404	0.3753803	0.544913	0.455087	1.56099
12072	-68.18367	-230.7414	162.5577	0.8624627	0.2212602	0.371668	0.628332	1.362273
12078	-69.92526	-231.6806	161.7553	0.8624627	0.5848358	0.535041	0.464959	1.423744
12084	-72.18111	-233.289	161.1079	0.7322515	0.5848358	0.634938	0.365062	1.976606
12090	-93.75316	-254.5553	160.8021	0.5268615	0.7971497	0.671272	0.328728	2.129355
12096	-88.56625	-248.3303	159.764	0.4590107	0.9377743	0.373636	0.626364	2.727874
12102	-79.62969	-241.624	161.9943	1.042281	0.5145318	0.727643	0.272357	1.171148
12108	-73.5545	-235.179	161.6245	1.042281	0.9655631	0.559987	0.440013	0.9794318
12114	-79.13361	-240.8605	161.7269	1.018576	0.9173272	0.476908	0.523092	0.9501464
12120	-85.19522	-245.8136	160.6184	1.472049	1.410968	0.583408	0.416592	1.151554
12126	-79.37397	-239.7906	160.4166	2.242442	0.6702021	0.750713	0.249287	0.1244678
12132	-77.09725	-237.2837	160.1865	2.296576	0.6702021	0.584396	0.415604	0.09924658
12138	-79.74938	-240.899	161.1496	2.296576	0.2323326	0.792735	0.207265	0.1202569
12144	-84.42242	-244.9226	160.5002	2.296576	0.904302	0.85751	0.14249	0.236801
12150	-78.77965	-238.5794	159.7997	2.296576	1.753629	0.71787	0.28213	0.236801
12156	-80.37523	-240.8905	160.5153	2.296576	0.7994688	0.554696	0.445304	0.1974329
12162	-78.98538	-239.7724	160.787	2.296576	0.4126247	0.37094	0.62906	0.1273956
12168	-74.10286	-234.7815	160.6787	2.404908	0.4126247	0.757695	0.242305	0.1273956
12174	-80.26688	-240.3093	160.0425	2.257687	1.384828	0.696529	0.303471	0.2129599
12180	-71.7551	-233.06	161.3049	2.224234	0.3535351	0.57114	0.42886	0.2077147
12186	-73.30333	-234.5797	161.2763	2.081792	0.322471	0.597436	0.402564	0.1441786
12192	-68.95655	-230.3905	161.434	2.081792	0.3057788	0.411832	0.588168	0.1717613
12198	-69.32798	-230.8477	161.5197	2.081792	0.3459759	0.73583	0.26417	0.2295902
12204	-81.99583	-243.0351	161.0393	0.256393	0.291845	0.630367	0.369633	2.66993
12210	-78.83848	-240.7252	161.8867	0.3366196	0.291845	0.739978	0.260022	2.081662
12216	-67.77009	-228.6833	160.9132	0.8996522	0.5009919	0.765789	0.234211	2.081662
12222	-78.79402	-240.3838	161.5898	0.1004825	0.48647	0.508244	0.491756	2.177605
12228	-74.24033	-236.2156	161.9753	0.1440309	0.3920911	0.439864	0.560136	2.008066
12234	-74.50173	-234.6237	160.122	0.6047719	0.5101726	0.439864	0.560136	2.757813
12240	-74.24409	-235.0852	160.8411	0.6047719	1.038886	0.62918	0.37082	1.879059
12246	-80.56063	-239.4081	158.8475	0.9127093	2.155177	0.300788	0.699212	2.453673
12252	-71.20505	-232.1049	160.8998	0.08894428	0.4185535	0.619802	0.380198	2.695197
12258	-74.31782	-235.2776	160.9598	1.004685	1.028611	0.364967	0.635033	1.518151
12264	-79.04124	-240.8824	161.8411	1.004685	0.8455851	0.383667	0.616333	0.9271526
12270	-70.71481	-232.7786	162.0637	0.7133208	0.6872925	0.63976	0.36024	1.177766
12276	-72.56727	-233.4352	160.8679	0.6375821	0.4433248	0.668436	0.331564	2.344437
12282	-72.42538	-233.8933	161.4679	0.416051	0.4091427	0.584897	0.415103	2.14145
12288	-77.73033	-238.4258	160.6954	0.3898508	0.656871	0.863197	0.136803	2.399945
12294	-90.84258	-251.155	160.3124	0.4629953	0.8639971	0.8106	0.1894	2.434752
12300	-76.50682	-239.6519	163.1451	0.3222887	0.1474797	0.721149	0.278851	1.504323
12306	-76.83981	-238.9373	162.0975	0.6700273	0.1944128	0.698963	0.301037	1.89209
12312	-75.57778	-237.6871	162.1093	0.86255	0.4805753	0.501839	0.498161	1.27358
12318	-81.25259	-242.9523	161.6997	0.3880559	0.4176636	0.507661	0.492339	1.996462
12324	-75.51861	-236.8975	161.3789	0.3441926	0.4125651	0.350216	0.649784	2.241468
12330	-79.71835	-241.7257	162.0073	0.4412699	0.4751001	0.0952203	0.90478	1.677685
12336	-69.7825	-231.7169	161.9343	1.341408	0.5973728	0.366261	0.633739	0.7928617
12342	-81.62125	-243.6663	162.0451	1.904896	0.2558118	0.58877	0.41123	0.3088815
12348	-79.26296	-241.6588	162.3958	1.448528	0.3432262	0.670506	0.329494	0.4849405
12354	-76.00894	-237.9291	161.9202	1.226824	0.6953576	0.647997	0.352003	0.7840637
12360	-73.30634	-235.6429	162.3365	1.31883	0.3776786	0.573877	0.426123	0.7840637
12366	-71.15924	-233.833	162.6737	1.31883	0.2326588	0.503817	0.496183	0.7840637
12372	-79.65606	-241.588	161.9319	1.31883	0.5323923	0.445767	0.554233	0.9396144
12378	-70.81195	-232.5114	161.6995	1.29548	0.9121009	0.372464	0.627536	0.5897322
12384	-72.40993	-231.1347	158.7248	1.377594	4.875367	0.351366	0.648634	1.512529
12390	-80.19261	-240.7213	160.5287	1.377594	2.317938	0.605096	0.394904	0.7323728
12396	-84.94797	-245.8583	160.9104	0.9229948	1.236161	0.330905	0.669095	1.474411
12402	-85.45593	-246.5005	161.0446	1.060669	0.9467967	0.499595	0.500405	1.474411
12408	-77.69373	-239.8614	162.1676	0.458204	0.3556133	0.823137	0.176863	1.711758
12414	-82.22829	-243.031	160.8027	0.1477687	0.6196329	0.490065	0.509935	2.517074
12420	-69.05809	-230.7516	161.6935	0.137839	0.3754386	0.608126	0.391874	2.218304
12426	-73.26126	-235.3338	162.0725	0.1074702	0.227869	0.553733	0.446267	2.216525
12432	-78.27079	-239.8746	161.6039	0.2144992	0.3833388	0.521295	0.478705	2.216525
12438	-74.22066	-236.0624	161.8417	0.301477	0.2414073	0.706721	0.293279	2.216525
12444	-82.47975	-243.1185	160.6387	0.5000061	0.3358363	0.590825	0.409175	2.705152
12450	-94.49847	-254.6022	160.1037	0.276928	0.7889899	0.432273	0.567727	2.733167
12456	-75.9403	-237.6786	161.7383	0.3910797	0.4791366	0.672094	0.327906	1.894629
12462	-79.45905	-241.3398	161.8807	0.2486724	0.4791366	0.482179	0.517821	1.894629
12468	-82.8537	-244.9164	162.0627	0.2659043	0.2423294	0.356234	0.643766	2.094238
12474	-80.4637	-242.4616	161.9979	0.2424704	0.2475261	0.860163	0.139837	2.142986
12480	-81.22547	-241.6611	160.4356	0.4852269	0.4644171	0.736373	0.263627	2.686151
12486	-69.75496	-230.3086	160.5537	0.4434807	0.5475545	0.579865	0.420135	2.554618
12492	-80.45122	-242.2513	161.8001	0.2336576	0.2843949	0.799506	0.200494	2.216806
12498	-77.08638	-238.2047	161.1183	0.3833976	0.6229896	0.244355	0.755645	2.163368
12504	-77.06747	-238.303	161.2355	1.035726	1.492903	0.750804	0.249196	0.9157192
12510	-81.97154	-243.3597	161.3882	1.052412	0.7880995	0.707877	0.292123	1.351677
12516	-81.02181	-242.32	161.2981	0.6838899	0.6450156	0.499124	0.500876	1.821935
12522	-75.86799	-237.7192	161.8512	0.7231889	0.4428859	0.370857	0.629143	1.62802
12528	-79.50916	-240.8655	161.3563	0.7194643	0.5099297	0.575052	0.424948	1.896214
12534	-83.98915	-245.4712	161.4821	0.8876332	0.7321754	0.429643	0.570357	1.459919
12540	-77.30626	-240.0307	162.7245	0.6749315	0.2017118	0.674749	0.325251	1.422605
12546	-66.92649	-228.982	162.0555	0.549506	0.2851818	0.714058	0.285942	1.835993
12552	-77.13202	-239.6281	162.4961	1.208226	0.1869088	0.825999	0.174001	1.212861
12558	-72.83727	-235.4267	162.5894	0.57632	0.2861783	0.742763	0.257237	1.429178
12564	-77.59255	-239.8458	162.2533	0.9204869	0.4934211	0.592674	0.407326	1.078876
12570	-72.93484	-234.9876	162.0527	0.6813785	0.4769644	0.850355	0.149645	1.465831
12576	-74.56116	-236.428	161.8668	0.9418255	0.4769644	0.564684	0.435316	1.408681
12582	-83.00063	-244.5305	161.5299	1.524862	0.8623753	0.620941	0.379059	0.4358245
12588	-66.92411	-229.3184	162.3943	1.524862	0.3047434	0.609519	0.390481	0.4292601
12594	-80.97569	-243.2496	162.2739	1.524862	0.3417718	0.777781	0.222219	0.6736938
12600	-74.83119	-236.7525	161.9213	1.524862	0.5665909	0.621986	0.378014	0.504796
12606	-77.61074	-240.0069	162.3962	1.395975	0.3228794	0.594288	0.405712	0.7536704
12612	-76.09457	-236.9754	160.8809	1.320197	1.122165	0.175334	0.824666	1.263885
12618	-81.95213	-243.1761	161.2239	0.8658583	0.6723889	0.503203	0.496797	1.720925
12624	-70.56629	-232.1781	161.6118	0.4441326	0.3061685	0.796982	0.203018	2.169263
12630	-74.52582	-237.2833	162.7575	0.4441326	0.2279266	0.846325	0.153675	1.515536
12636	-76.50356	-237.9605	161.4569	0.7811237	0.1917259	0.692707	0.307293	2.246863
12642	-80.42905	-241.7558	161.3268	0.3237688	0.5259218	0.769234	0.230766	2.161357
12648	-78.18462	-239.7371	161.5525	0.09680441	0.5267275	0.340627	0.659373	2.161357
12654	-77.92341	-240.5116	162.5882	0.136138	0.262176	0.428088	0.571912	1.792889
12660	-83.80577	-246.0121	162.2063	0.9595149	0.3392594	0.37592	0.62408	1.334659
12666	-81.17367	-242.5162	161.3425	1.134092	1.227027	0.627092	0.372908	0.9218856
12672	-83.93339	-245.9607	162.0273	1.134092	0.1267468	0.792096	0.207904	1.779304
12678	-75.01878	-237.3947	162.3759	1.328353	0.2285765	0.35894	0.64106	1.105657
12684	-72.9675	-235.4031	162.4356	1.328353	0.3640086	0.271624	0.728376	0.6494018
12690	-74.88737	-237.5052	162.6178	1.307052	0.2002878	0.316476	0.683524	0.9710851
12696	-79.13445	-240.7938	161.6593	1.052025	0.330093	0.710625	0.289375	1.689812
12702	-90.4947	-250.3312	159.8365	0.8587011	2.20854	0.304744	0.695256	1.823029
12708	-77.21321	-238.5157	161.3025	0.8583664	1.018954	0.696523	0.303477	1.375256
12714	-74.8352	-237.3584	162.5232	0.9455897	0.2888705	0.397516	0.602484	1.177631
12720	-72.68279	-234.9638	162.281	0.8328079	0.3591449	0.349473	0.650527	1.342645
12726	-75.0316	-236.3646	161.333	0.1385016	0.35764	0.831781	0.168219	2.47023
12732	-81.74909	-243.0396	161.2905	0.09107787	0.4026978	0.360065	0.639935	2.47023
12738	-76.03565	-237.9172	161.8816	0.4107633	0.3231316	0.458594	0.541406	1.988331
12744	-84.91006	-245.3881	160.478	0.3225073	0.5209888	0.675884	0.324116	2.701958
12750	-88.17522	-249.3233	161.148	0.4075439	0.5209888	0.518596	0.481404	2.227971
12756	-91.05952	-251.3637	160.3042	0.1887887	0.7179876	0.713364	0.286636	2.71805
12762	-83.5284	-245.3721	161.8437	0.1578039	0.3828322	0.468854	0.531146	2.097998
12768	-74.25626	-236.0283	161.772	0.1578039	0.3209659	0.738662	0.261338	2.229177
12774	-83.35474	-244.0659	160.7112	0.09016901	0.8435751	0.244586	0.755414	2.432897
12780	-79.53727	-240.7466	161.2093	0.4179929	0.3038212	0.769537	0.230463	2.446373
12786	-76.63543	-238.0447	161.4093	0.09142995	0.4017526	0.450133	0.549867	2.396403
12792	-79.27635	-239.4639	160.1876	0.09655763	0.4017526	0.691296	0.308704	3.139784
12798	-86.31957	-246.5989	160.2794	0.4655041	0.3465991	0.700924	0.299076	2.930554
12804	-68.98841	-230.8767	161.8883	1.238574	0.5616162	0.315519	0.684481	1.019861
12810	-66.4858	-229.2043	162.7185	0.9954816	0.3398004	0.303658	0.696342	0.8108048
12816	-79.73215	-241.2586	161.5265	0.9954816	1.013642	0.755689	0.244311	1.073466
12822	-71.18815	-233.3902	162.202	1.105567	0.4527204	0.463646	0.536354	1.017762
12828	-74.66439	-235.8168	161.1524	0.7259113	1.417367	0.438526	0.561474	1.32549
12834	-76.16547	-236.4988	160.3333	1.530201	1.783615	0.707024	0.292976	1.120792
12840	-77.36292	-239.2478	161.8848	1.530201	0.5763187	0.539594	0.460406	0.5963845
12846	-76.54107	-238.3079	161.7668	1.530201	0.6701528	0.360837	0.639163	0.5288848
12852	-74.01124	-236.5118	162.5005	1.281271	0.3643264	0.527537	0.472463	0.6035578
12858	-68.56329	-230.3555	161.7922	1.222532	0.4981771	0.465477	0.534523	1.212991
12864	-75.62539	-238.1116	162.4862	1.222532	0.0677285	0.740838	0.259162	1.570084
12870	-66.63516	-229.1313	162.4961	0.2931623	0.1579016	0.52926	0.47074	1.956743
12876	-71.99423	-234.357	162.3627	0.1565148	0.2485385	0.688488	0.311512	1.956743
12882	-77.71394	-238.5806	160.8666	0.1381899	0.330586	0.723208	0.276792	2.793956
12888	-75.62486	-237.5297	161.9049	0.7462206	0.2588784	0.683902	0.316098	1.849163
12894	-78.03116	-240.1878	162.1566	0.8955338	0.3276157	0.441598	0.558402	1.44331
12900	-84.56195	-245.036	160.4741	0.3141871	0.464203	0.654078	0.345922	2.76754
12906	-90.65102	-251.9705	161.3195	0.3007328	0.3651901	0.76949	0.23051	2.366658
12912	-85.4968	-246.6247	161.1279	0.7299875	0.594463	0.345503	0.654497	1.955261
12918	-90.05698	-251.2567	161.1997	0.6740644	0.4860397	0.710068	0.289932	2.05792
12924	-82.32038	-244.7234	162.403	0.8131329	0.4424412	0.305105	0.694895	1.120941
12930	-80.44471	-242.9812	162.5364	1.005266	0.2883772	0.451496	0.548504	1.114001
12936	-71.335	-233.9215	162.5865	0.7501537	0.3827404	0.74645	0.25355	1.114001
12942	-76.41282	-238.7092	162.2964	1.215655	0.3575537	0.763609	0.236391	0.9957293
12948	-81.77423	-244.1937	162.4195	1.215655	0.3966896	0.542865	0.457135	0.7595624
12954	-76.46607	-239.1375	162.6714	1.118979	0.2564805	0.729425	0.270575	0.9490732
12960	-76.20226	-238.6884	162.4861	1.001612	0.4159047	0.87555	0.12445	0.8995238
12966	-75.20585	-236.3628	161.1569	0.6553008	0.4124227	0.920745	0.0792548	2.184074
12972	-84.71049	-246.078	161.3675	0.2560393	0.3619716	0.316679	0.683321	2.368728
12978	-81.15443	-241.5719	160.4175	0.3261951	0.6810623	0.518358	0.481642	2.59321
12984	-67.44774	-228.9883	161.5406	0.1922464	0.4975957	0.42788	0.57212	2.137768
12990	-75.29853	-235.9081	160.6096	0.4148723	0.4008145	0.65702	0.34298	2.693934
12996	-67.30017	-228.8988	161.5986	0.5978914	0.4008145	0.320497	0.679503	1.945058
13002	-63.634	-225.6774	162.0434	0.1531042	0.4008145	0.781176	0.218824	1.945058
13008	-67.30479	-227.746	160.4412	0.07359377	0.4878179	0.858735	0.141265	2.908961
13014	-75.47371	-238.1176	162.6439	0.1746987	0.2305238	0.396637	0.603363	1.78546
13020	-78.14674	-240.0146	161.8678	0.2654021	0.566685	0.254239	0.745761	1.795666
13026	-65.2954	-227.868	162.5726	0.6140416	0.3212757	0.351048	0.648952	1.349493
13032	-82.40954	-244.4704	162.0608	0.8932893	0.4191145	0.460173	0.539827	1.375768
13038	-93.22968	-254.7425	161.5129	0.8338067	0.7719608	0.637987	0.362013	1.439977
13044	-74.63255	-235.7329	161.1004	0.1471671	0.4591085	0.887261	0.112739	2.489396
13050	-75.89349	-235.8038	159.9103	0.5834218	1.052046	0.704057	0.295943	2.489396
13056	-79.13536	-240.4706	161.3352	0.5186714	0.6398263	0.778807	0.221193	1.914326
13062	-74.16858	-235.3628	161.1942	1.050437	0.8479777	0.296863	0.703137	1.449994
13068	-83.2679	-244.7348	161.4669	1.369371	0.8841236	0.648499	0.351501	0.8900332
13074	-73.16094	-234.2521	161.0912	1.301237	1.204675	0.590708	0.409292	1.028197
13080	-81.61675	-244.1862	162.5695	1.228741	0.274249	0.644497	0.355503	0.8914962
13086	-90.44341	-251.7074	161.264	0.895095	0.7593186	0.610591	0.389409	1.591478
13092	-82.04758	-243.0272	160.9796	0.9406581	0.9632341	0.547166	0.452834	1.598969
13098	-73.29786	-235.5189	162.221	0.8605312	0.537932	0.53489	0.46511	1.097523
13104	-82.1036	-243.2726	161.169	0.8650553	1.178763	0.555215	0.444785	1.357752
13110	-73.56774	-234.3505	160.7827	0.7719217	0.3875342	0.807707	0.192293	2.379754
13116	-77.75145	-239.8219	162.0704	0.4231252	0.3261498	0.451373	0.548627	1.847732
13122	-83.57059	-244.2102	160.6396	0.5211474	0.6714274	0.30529	0.69471	2.339636
13128	-100.0178	-259.9871	159.9693	0.445048	0.5584138	0.724977	0.275023	2.90127
13134	-89.36829	-250.4397	161.0714	0.139045	0.6015894	0.694607	0.305393	2.369947
13140	-86.68077	-249.1113	162.4306	0.1086403	0.3376502	0.957476	0.0425235	1.798984
13146	-82.43392	-244.9206	162.4867	0.4742277	0.2053453	0.957476	0.0425235	1.736027
13152	-74.83625	-236.1408	161.3046	0.1389165	0.8553961	0.902773	0.0972268	2.009553
13158	-78.63458	-240.5072	161.8726	1.053095	0.7194603	0.511188	0.488812	1.001571
13164	-77.70542	-240.2688	162.5634	1.109959	0.2829124	0.293318	0.706682	1.001571
13170	-78.85198	-241.8018	162.9498	1.088599	0.2087379	0.66616	0.33384	0.8130042
13176	-77.5489	-238.9838	161.4349	0.7891039	1.066892	0.74371	0.25629	1.287451
13182	-75.40452	-237.8817	162.4771	1.344674	0.3189632	0.482643	0.517357	0.7211502
13188	-79.60628	-240.899	161.2927	1.485558	1.065671	0.603995	0.396005	0.7211502
13194	-78.2686	-240.8674	162.5988	1.554732	0.2063585	0.436528	0.563472	0.6366379
13200	-82.16847	-242.9756	160.8071	1.597206	1.610271	0.543022	0.456978	0.5712714
13206	-75.71425	-237.1494	161.4352	1.01629	1.040983	0.704088	0.295912	1.113727
13212	-76.07405	-238.5499	162.4759	0.4190973	0.2631027	0.785676	0.214324	1.671262
13218	-84.82401	-247.3735	162.5495	0.4190973	0.2350006	0.310033	0.689967	1.671262
13224	-93.41445	-254.7995	161.385	0.9840544	0.8387034	0.314827	0.685173	1.361587
13230	-76.33118	-237.6624	161.3312	0.9840544	1.131228	0.570641	0.429359	1.159545
13236	-76.56183	-238.2946	161.7328	0.9840544	0.9718278	0.295853	0.704147	0.919779
13242	-84.67057	-246.8364	162.1658	1.091039	0.49128	0.630561	0.369439	1.002278
13248	-84.03814	-246.5278	162.4896	0.6885224	0.5399151	0.64357	0.35643	1.002278
13254	-66.59172	-229.0603	162.4686	1.356637	0.3524747	0.34193	0.65807	0.4970547
13260	-73.35647	-235.876	162.5195	1.356637	0.2812813	0.755998	0.244002	0.7719204
13266	-65.45011	-227.1431	161.6929	0.9119641	0.5775972	0.873043	0.126957	1.44192
13272	-68.67736	-230.2974	161.6201	0.5397226	0.5775972	0.406479	0.593521	1.765798
13278	-78.72802	-240.6258	161.8978	0.5397226	0.3247813	0.687507	0.312493	1.888071
13284	-64.68689	-226.9217	162.2348	0.5571577	0.2157399	0.824719	0.175281	1.83247
13290	-68.68556	-230.9755	162.2899	0.3693871	0.4873371	0.889181	0.110819	1.508938
13296	-67.76859	-228.8474	161.0788	0.6084188	0.5656444	0.680456	0.319544	2.097028
13302	-70.98501	-232.3053	161.3203	0.7574654	0.6064083	0.50342	0.49658	1.793406
13308	-67.3569	-228.8544	161.4975	0.8364575	0.4464874	0.83623	0.16377	1.793406
13314	-79.0887	-241.1637	162.075	1.022596	0.4133359	0.348818	0.651182	1.269124
13320	-71.88762	-233.5106	161.623	1.022596	0.6353696	0.490096	0.509904	1.345137
13326	-74.09523	-235.9803	161.8851	1.378778	0.5414684	0.453825	0.546175	0.9098021
13332	-72.91337	-233.8484	160.935	1.051918	0.4887934	0.303855	0.696145	1.979633
13338	-64.21944	-226.0702	161.8507	1.051918	0.340755	0.48346	0.51654	1.534374
13344	-77.24246	-239.0484	161.8059	1.070005	0.2659242	0.45145	0.54855	1.679743
13350	-70.63722	-232.9679	162.3307	1.692798	0.2659242	0.290649	0.709351	0.4921345
13356	-78.92226	-241.9022	162.98	1.692798	0.07429546	0.487702	0.512298	0.5163235
13362	-80.21885	-242.7356	162.5168	0.5045427	0.2971676	0.643299	0.356701	1.518752
13368	-80.75656	-242.2283	161.4717	0.09822875	0.2654411	0.736492	0.263508	2.540145
13374	-73.3892	-235.7185	162.3293	1.558118	0.3057223	0.597716	0.402284	0.3707865
13380	-70.74495	-232.7079	161.963	1.558118	0.4752404	0.544613	0.455387	0.3333763
13386	-70.7533	-233.3013	162.548	1.558118	0.2285854	0.474908	0.525092	0.594287
13392	-72.06127	-234.3164	162.2551	1.558118	0.3573564	0.729373	0.270627	0.530903
13398	-74.07356	-236.387	162.3135	1.615995	0.3043084	0.668838	0.331162	0.529819
13404	-71.0527	-232.683	161.6303	1.615995	0.7016402	0.740641	0.259359	0.4302218
13410	-75.66465	-235.6892	160.0245	1.615995	2.083044	0.620624	0.379376	1.158496
13416	-79.52311	-239.5533	160.0301	1.838962	2.083044	0.620624	0.379376	0.939386
13422	-74.04073	-237.0543	163.0135	1.449699	0.1226757	0.648671	0.351329	0.5402273
13428	-70.72013	-233.2856	162.5655	1.337309	0.2884147	0.629844	0.370156	0.7037962
13434	-66.63217	-228.7852	162.1531	1.637211	0.3395981	0.309884	0.690116	0.343614
13440	-68.86656	-230.1876	161.3211	1.637211	0.9494907	0.448857	0.551143	0.5801892
13446	-67.31586	-228.9616	161.6458	1.29162	0.6590485	0.653166	0.346834	1.067233
13452	-72.01438	-234.1382	162.1238	1.29162	0.5002949	0.899844	0.100156	0.8073389
13458	-71.3887	-233.1427	161.754	1.048518	0.5257889	0.631269	0.368731	1.35028
13464	-74.99714	-236.7165	161.7194	1.071576	0.3672105	0.461168	0.538832	1.575882
13470	-74.80561	-237.0687	162.2631	1.340505	0.2556089	0.902595	0.0974049	1.131484
13476	-76.57262	-238.1942	161.6216	0.7195613	0.6289584	0.35757	0.64243	1.583388
13482	-74.8766	-236.326	161.4494	0.7195613	0.8213549	0.556032	0.443968	1.529837
13488	-77.57962	-238.9844	161.4048	0.7737226	0.4741515	0.781436	0.218564	1.867021
13494	-93.0283	-254.6556	161.6273	0.9890696	0.7104818	0.854165	0.145835	1.287537
13500	-82.20103	-243.5996	161.3986	0.7203133	0.644202	0.412931	0.587069	1.727425
13506	-80.4402	-242.3001	161.8599	0.6547504	0.6485303	0.597967	0.402033	1.433202
13512	-77.70725	-240.1502	162.443	0.5028457	0.3037866	0.31102	0.68898	1.563244
13518	-72.09979	-233.295	161.1952	0.7487263	0.7945475	0.421501	0.578499	1.715289
13524	-69.6986	-231.9539	162.2553	0.7337304	0.6027185	0.475471	0.524529	1.092768
13530	-71.06105	-232.9854	161.9243	0.8569145	0.3986294	0.659878	0.340122	1.537091
13536	-58.6842	-221.4808	162.7966	0.6471014	0.2091802	0.223873	0.776127	1.370988
13542	-76.77498	-239.033	162.2581	1.616331	0.3085352	0.354509	0.645491	0.6695356
13548	-81.42733	-242.9211	161.4937	1.616331	0.8215066	0.754233	0.245767	0.4919119
13554	-68.14024	-230.4461	162.3059	1.056752	0.276569	0.352218	0.647782	1.291904
13560	-75.60986	-237.2262	161.6163	1.056752	0.626658	0.656607	0.343393	1.332954
13566	-71.05212	-232.7794	161.7273	0.9760253	0.3029494	0.287264	0.712736	1.738645
13572	-71.29058	-233.2178	161.9273	0.8755204	0.2619045	0.858597	0.141403	1.738645
13578	-68.00251	-230.203	162.2005	0.6185702	0.3425741	0.205042	0.794958	1.592946
13584	-81.46778	-241.652	160.1842	0.4845531	1.088589	0.410078	0.589922	2.357261
13590	-71.64095	-232.5067	160.8658	0.477807	0.74939	0.246703	0.753297	2.157513
13596	-76.57599	-238.7103	162.1343	0.1097685	0.3777139	0.297049	0.702951	1.943558
13602	-67.26866	-229.1857	161.9171	0.2319698	0.5416717	0.533938	0.466062	1.811355
13608	-63.36274	-225.2898	161.927	0.1033312	0.2787602	0.284155	0.715845	2.227825
13614	-73.30058	-234.6046	161.304	0.2071654	0.5492971	0.448748	0.551252	2.227825
13620	-78.22557	-239.3587	161.1331	0.3366834	0.5148063	0.292057	0.707943	2.289452
13626	-79.96682	-241.9016	161.9348	0.8151643	0.3049783	0.582287	0.417713	1.70244
13632	-70.36112	-232.9166	162.5555	0.800228	0.3049783	0.588652	0.411348	1.241823
13638	-79.49022	-240.4238	160.9336	1.142538	0.6943224	0.447347	0.552653	1.710045
13644	-71.33275	-232.917	161.5842	0.6977362	0.6943224	0.530384	0.469616	1.561821
13650	-70.06939	-231.8538	161.7844	1.268317	0.5009378	0.805108	0.194892	1.176443
13656	-84.08526	-246.0298	161.9446	1.576788	0.5009378	0.750394	0.249606	0.389743
13662	-86.42591	-247.5777	161.1518	1.364232	0.5399978	0.592959	0.407041	1.551881
13668	-77.69821	-238.5215	160.8233	0.9726867	1.49292	0.784562	0.215438	1.345893
13674	-87.87836	-247.6223	159.7439	1.059311	2.170351	0.608254	0.391746	1.762579
13680	-71.49452	-234.1643	162.6698	0.7893867	0.1941571	0.391567	0.608433	1.393871
13686	-77.53842	-240.4895	162.951	1.115549	0.1908999	0.663038	0.336962	0.8447056
13692	-68.93358	-231.5175	162.5839	1.115549	0.3487805	0.742038	0.257962	0.8047724
13698	-73.93323	-236.1176	162.1844	1.180625	0.1990105	0.579082	0.420918	1.455131
13704	-72.43389	-234.1191	161.6852	1.0642	0.825238	0.798861	0.201139	1.048512
13710	-76.41531	-239.3358	162.9205	0.6076678	0.2508116	0.603829	0.396171	1.208289
13716	-71.63632	-233.2799	161.6435	0.4030574	0.2121177	0.573014	0.426986	2.330568
13722	-83.30169	-244.8016	161.4999	0.5627447	0.3329513	0.403172	0.596828	2.125836
13728	-68.61441	-230.3194	161.705	0.7597765	0.3329513	0.478712	0.521288	1.857191
13734	-81.22522	-243.3296	162.1043	1.3672	0.5498459	0.830044	0.169956	0.5114689
13740	-76.55955	-238.0992	161.5396	1.086811	1.032756	0.507833	0.492167	0.9515278
13746	-71.23374	-233.6421	162.4084	0.8947852	0.3902783	0.590228	0.409772	1.130745
13752	-71.78384	-234.543	162.7592	0.9517826	0.1598984	0.795804	0.204196	1.280465
13758	-65.26108	-228.5043	163.2432	0.9517826	0.1241354	0.273021	0.726979	0.9578793
13764	-70.97668	-233.3913	162.4146	0.5475503	0.3345228	0.273021	0.726979	1.500028
13770	-74.9446	-236.5295	161.5849	0.4295351	0.2424534	0.717765	0.282235	2.297435
13776	-77.02122	-239.1333	162.1121	0.4432884	0.3793927	0.71462	0.28538	1.727208
13782	-77.11298	-238.53	161.417	0.5571081	0.4484157	0.665673	0.334327	2.034702
13788	-81.19566	-240.7072	159.5115	0.1820673	0.7584439	0.424236	0.575764	3.169171
13794	-91.69243	-253.5553	161.8629	0.2374058	0.4929809	0.216424	0.783576	1.898576
13800	-83.82569	-247.1292	163.3035	0.04422471	0.2644004	0.422262	0.577738	1.328438
13806	-78.48921	-240.6572	162.168	0.5847308	0.2107	0.362521	0.637479	1.869244
13812	-76.97101	-239.236	162.265	0.5847308	0.446395	0.431368	0.568632	1.418248
13818	-70.89879	-232.7246	161.8258	0.2013192	0.3294862	0.473453	0.526547	2.153942
13824	-73.79322	-235.2019	161.4086	0.1247469	0.4966043	0.473453	0.526547	2.267861
13830	-84.8906	-246.4035	161.5129	0.02049523	0.4966043	0.821657	0.178343	2.267861
13836	-78.82783	-240.3168	161.489	0.06308497	0.3538983	0.649168	0.350832	2.424477
13842	-73.09487	-235.6233	162.5284	0.210882	0.3368907	0.355813	0.644187	1.659374
13848	-79.23871	-241.7235	162.4848	0.2714527	0.3290869	0.720964	0.279036	1.659374
13854	-87.04012	-249.6435	162.6034	0.3258729	0.3156099	0.428723	0.571277	1.555576
13860	-70.63274	-233.3464	162.7137	0.497004	0.1826004	0.55005	0.44995	1.60718
13866	-66.54623	-229.1089	162.5627	0.2523212	0.2846472	0.756756	0.243244	1.690313
13872	-71.12022	-231.6367	160.5164	0.5260181	0.5379889	0.601897	0.398103	2.535731
13878	-66.79778	-228.5178	161.72	0.7188293	0.2917491	0.743896	0.256104	1.938374
13884	-67.51665	-229.8321	162.3154	0.3838607	0.3704278	0.676416	0.323584	1.637695
13890	-74.53592	-236.7071	162.1712	0.346817	0.2911201	0.795332	0.204668	1.885785
13896	-76.56511	-236.5657	160.0006	0.4456306	0.7409216	0.115017	0.884983	2.728953
13902	-78.05614	-238.3817	160.3255	0.5333239	0.3985332	0.558797	0.441203	2.797872
13908	-73.73007	-235.5703	161.8402	0.6038602	0.7633005	0.574072	0.425928	1.372586
13914	-76.75247	-238.2418	161.4894	0.4255865	0.8677492	0.642323	0.357677	1.676245
13920	-82.15368	-243.6682	161.5145	0.8022902	0.7351656	0.311797	0.688203	1.497011
13926	-85.56834	-246.3432	160.7748	0.6568917	1.059712	0.600384	0.399616	1.87502
13932	-76.94197	-237.5869	160.6449	0.1551597	1.04882	0.653233	0.346767	2.297723
13938	-70.2884	-230.6861	160.3977	0.7256255	0.6217993	0.536651	0.463349	2.406678
13944	-74.33424	-235.6135	161.2792	1.36547	1.151767	0.789039	0.210961	0.7998678
13950	-73.02678	-235.2295	162.2027	1.36547	0.4743669	0.655746	0.344254	0.6241271
13956	-78.59671	-241.3451	162.7484	1.36547	0.2219817	0.582534	0.417466	0.6241271
13962	-78.36565	-240.4105	162.0449	0.9702722	0.6861711	0.479208	0.520792	0.9542315
13968	-74.24395	-235.6619	161.418	0.9702722	0.6785052	0.286842	0.713158	1.498373
13974	-74.12318	-235.9714	161.8482	0.6149976	0.6057682	0.691066	0.308934	1.517669
13980	-65.83273	-228.2631	162.4304	0.7021332	0.371418	0.531577	0.468423	1.307493
13986	-67.7494	-229.6346	161.8852	0.5565582	0.3471568	0.531577	0.468423	1.852118
13992	-75.82125	-237.4375	161.6163	0.3687872	0.3471568	0.338562	0.661438	2.156509
13998	-76.44428	-238.1283	161.6841	0.6301736	0.287666	0.245034	0.754966	2.028179
14004	-77.47503	-238.9935	161.5185	0.1985385	0.3963805	0.86166	0.13834	2.265297
14010	-91.14338	-253.0909	161.9475	0.1525602	0.3592389	0.538552	0.461448	2.064581
14016	-86.15428	-247.6996	161.5453	0.7331039	0.4754998	0.438939	0.561061	1.796707
14022	-82.58717	-242.5102	159.923	0.7331039	0.6002632	0.604517	0.395483	2.716242
14028	-79.35326	-239.647	160.2937	0.1252954	0.7709939	0.820502	0.179498	2.722948
14034	-77.97859	-238.783	160.8045	0.1639436	0.510052	0.795134	0.204866	2.609434
14040	-83.19774	-243.9569	160.7592	0.3076846	0.3099308	0.677498	0.322502	2.784277
14046	-72.95388	-234.9395	161.9856	0.5541547	0.5438873	0.629188	0.370812	1.529783
14052	-71.57768	-234.3643	162.7866	0.8597338	0.2959567	0.527966	0.472034	0.9974865
14058	-60.88589	-223.2455	162.3596	1.000319	0.3653308	0.775061	0.224939	1.124644
14064	-58.38541	-220.5994	162.214	0.5136157	0.4658679	0.58099	0.41901	1.485204
14070	-61.16093	-222.9857	161.8248	0.4133589	0.4995636	0.571209	0.428791	1.796539
14076	-64.56241	-226.6403	162.0779	0.1898975	0.4818839	0.571209	0.428791	1.796539
14082	-76.22714	-236.9137	160.6865	0.5287315	0.8915559	0.736259	0.263741	2.133619
14088	-57.7533	-219.8801	162.1268	0.363775	0.3209968	0.533807	0.466193	1.857606
14094	-65.29664	-226.5781	161.2815	0.9713817	0.4397272	0.722044	0.277956	1.857606
14100	-62.01813	-224.8588	162.8407	0.9041871	0.2932469	0.932065	0.067935	0.8999509
14106	-76.86045	-238.9274	162.0669	0.9041871	0.3405598	0.722457	0.277543	1.483501
14112	-97.54646	-258.7007	161.1542	1.414738	1.303658	0.740837	0.259163	0.7202139
14118	-84.04735	-244.6944	160.6471	0.5614405	1.098719	0.270502	0.729498	2.000616
14124	-69.36531	-230.8257	161.4604	0.5619593	0.5863439	0.484159	0.515841	1.851763
14130	-67.44165	-229.8245	162.3828	0.7051463	0.5863439	0.709788	0.290212	1.021596
14136	-79.41942	-239.484	160.0646	0.6369353	1.052525	0.466988	0.533012	2.358222
14142	-78.6203	-239.8041	161.1838	0.7467441	1.164455	0.413915	0.586085	1.448037
14148	-75.11565	-236.8962	161.7805	0.7467441	0.2672647	0.702747	0.297253	1.918978
14154	-63.0379	-224.7701	161.7322	0.821283	0.646305	0.290367	0.709633	1.405577
14160	-74.75958	-235.3843	160.6248	0.2081484	0.3921286	0.82698	0.17302	2.821219
14166	-71.56651	-231.8401	160.2736	0.3701596	0.4590544	0.492284	0.507716	2.86085
14172	-71.15469	-233.2866	162.1319	0.825949	0.2069294	0.719243	0.280757	1.734892
14178	-75.59286	-237.915	162.3222	0.8971143	0.4453229	0.837767	0.162233	1.113445
14184	-75.60327	-236.0761	160.4728	1.340294	1.89228	0.417574	0.582426	1.104663
14190	-78.75201	-240.1604	161.4084	0.5394367	0.4380623	0.740304	0.259696	2.064401
14196	-75.23834	-236.6735	161.4352	0.4189542	0.7984385	0.460747	0.539253	1.774976
14202	-67.97478	-229.5067	161.5319	0.05444301	0.4593263	0.717687	0.282313	2.274668
14208	-78.8127	-239.6885	160.8758	0.05002215	0.5023062	0.544918	0.455082	2.643594
14214	-73.40739	-233.8607	160.4533	0.1777401	0.5023062	0.309431	0.690569	2.823982
14220	-81.54634	-243.435	161.8886	0.739187	0.6253916	0.319527	0.680473	1.3703
14226	-80.9892	-240.4092	159.42	0.739187	1.24361	0.894385	0.105615	2.590023
14232	-78.3984	-241.1326	162.7342	0.7501373	0.375014	0.349589	0.650411	0.9877125
14238	-72.72766	-234.7241	161.9964	0.7501373	0.2849349	0.577418	0.422582	1.738146
14244	-83.69194	-245.8251	162.1331	0.7116503	0.3360601	0.787026	0.212974	1.584413
14250	-80.77465	-242.6875	161.9129	0.8027017	0.3060987	0.816095	0.183905	1.724888
14256	-79.29035	-241.1544	161.864	0.4335525	0.665362	0.886733	0.113267	1.578575
14262	-72.5527	-233.2262	160.6735	0.150207	0.9030778	0.321422	0.678578	2.377228
14268	-71.05606	-232.1635	161.1075	0.3571675	0.6120395	0.608138	0.391862	2.197529
14274	-79.73453	-241.8908	162.1563	0.5064806	0.2370263	0.719868	0.280132	1.880382
14280	-77.32623	-238.8986	161.5724	0.2391041	0.3901373	0.64509	0.35491	2.212299
14286	-81.71911	-244.4732	162.7541	0.1243603	0.3057588	0.390846	0.609154	1.609117
14292	-67.17674	-229.2182	162.0415	0.1316806	0.7285536	0.430975	0.569025	1.609117
14298	-61.4006	-223.0639	161.6633	0.2051378	0.344107	0.939526	0.0604739	2.236219
14304	-62.32559	-222.7204	160.3948	0.7319172	0.3809867	0.420297	0.579703	2.654922
14310	-69.90071	-231.7597	161.859	0.4876985	0.2856946	0.943896	0.056104	2.009745
14316	-79.71449	-241.4467	161.7322	0.4361221	0.1977268	0.513939	0.486061	2.27991
14322	-69.42741	-231.3717	161.9443	0.8063564	0.311309	0.391688	0.608312	1.691703
14328	-81.58842	-243.6466	162.0582	0.8063564	0.2945386	0.737405	0.262595	1.638045
14334	-66.21345	-227.2516	161.0381	0.7368708	0.5622983	0.651269	0.348731	2.0425
14340	-76.77699	-238.3415	161.5645	0.464255	0.2231458	0.215962	0.784038	2.321974
14346	-75.04484	-236.8793	161.8344	0.4027978	0.1229826	0.55404	0.44596	2.397788
14352	-81.81047	-245.4605	163.65	0.277095	0.1478802	0.520758	0.479242	1.131242
14358	-69.36433	-230.9375	161.5731	0.6805878	0.5046019	0.757335	0.242665	1.779978
14364	-70.97479	-233.7	162.7253	0.4666469	0.2484134	0.308821	0.691179	1.481451
14370	-71.04802	-233.64	162.592	1.071831	0.3231922	0.944302	0.0556979	0.9138192
14376	-67.69521	-227.1475	159.4523	0.6251843	0.601491	0.49374	0.50626	3.065102
14382	-81.03649	-243.0046	161.9682	0.2959091	0.2644015	0.540109	0.459891	2.099019
14388	-88.98928	-250.5384	161.5491	0.5683612	0.3266078	0.609277	0.390723	2.099019
14394	-88.13153	-249.2609	161.1294	1.160311	0.3239034	0.129096	0.870904	1.988948
14400	-77.58912	-239.8162	162.2271	1.093984	0.2216631	0.500123	0.499877	1.438487
14406	-80.5501	-242.4126	161.8625	0.8741438	0.5478902	0.744385	0.255615	1.374804
14412	-75.3731	-237.154	161.7809	1.030709	0.5010428	0.421437	0.578563	1.374804
14418	-82.12053	-244.388	162.2675	0.8736123	0.22228	0.512062	0.487938	1.571971
14424	-85.3895	-247.7339	162.3444	0.5622998	0.22228	0.858404	0.141596	1.739896
14430	-83.2757	-244.3811	161.1054	1.121427	1.371614	0.513236	0.486764	1.054762
14436	-68.91943	-230.2452	161.3257	1.121427	1.167668	0.601394	0.398606	1.006351
14442	-70.64015	-232.6652	162.025	1.121427	0.4280532	0.6507	0.3493	1.2051
14448	-72.73086	-235.1111	162.3802	1.121427	0.2650265	0.443391	0.556609	1.199766
14454	-74.29483	-235.422	161.1271	0.4266435	0.5299805	0.232843	0.767157	2.219881
14460	-77.84777	-239.1225	161.2747	0.325152	0.5014893	0.479383	0.520617	2.219881
14466	-79.43145	-241.0807	161.6493	0.2978956	0.501876	0.700737	0.299263	1.991691
14472	-80.43933	-241.7557	161.3163	0.6427967	0.6574007	0.780705	0.219295	1.826023
14478	-70.48156	-231.9315	161.4499	0.2519095	0.397555	0.680131	0.319869	2.273561
14484	-79.91034	-241.9579	162.0476	0.9294568	0.2690853	0.371894	0.628106	1.601347
14490	-79.95914	-240.8528	160.8937	0.6739585	0.8668371	0.706593	0.293407	1.917691
14496	-73.64664	-235.669	162.0224	0.6116248	0.2061342	0.208999	0.791001	1.958628
14502	-70.83262	-231.5166	160.684	0.1812582	0.433026	0.827217	0.172783	2.754468
14508	-67.73161	-228.7751	161.0435	0.2519603	0.5485327	0.581885	0.418115	2.36645
14514	-66.88537	-229.0477	162.1624	0.2381177	0.169569	0.368525	0.631475	2.187325
14520	-85.81925	-246.9102	161.091	0.9561405	0.7420745	0.439926	0.560074	1.687422
14526	-77.47694	-239.0093	161.5324	0.813371	0.6469579	0.779999	0.220001	1.561677
14532	-73.71452	-235.8701	162.1555	0.7614426	0.3173788	0.391473	0.608527	1.561677
14538	-86.14441	-248.0132	161.8687	0.3392863	0.1126912	0.313131	0.686869	2.441811
14544	-72.25193	-232.7298	160.4779	0.3236743	0.4966434	0.608565	0.391435	2.72567
14550	-71.31849	-232.3667	161.0482	0.2475578	0.3875012	0.481141	0.518859	2.542279
14556	-69.59144	-232.0179	162.4264	0.05896775	0.3875012	0.507439	0.492561	1.764991
14562	-80.55293	-242.7456	162.1927	0.2788656	0.4707183	0.569617	0.430383	1.666686
14568	-81.36893	-244.3058	162.9369	0.8309499	0.1656683	0.783731	0.216269	1.216914
14574	-71.87524	-234.6479	162.7726	0.914666	0.1656683	0.859046	0.140954	1.284011
14580	-78.22418	-240.607	162.3828	0.6436068	0.1625468	0.195963	0.804037	1.784139
14586	-69.08697	-230.7096	161.6226	0.3858263	0.4550568	0.595237	0.404763	2.004049
14592	-80.40037	-242.3329	161.9325	0.5121088	0.4542208	0.595237	0.404763	1.706304
14598	-73.67076	-235.5382	161.8675	0.6176644	0.1582716	0.601248	0.398752	2.156877
14604	-73.19824	-234.7257	161.5275	0.813865	0.5687612	0.522831	0.477169	1.64674
14610	-77.03578	-238.7031	161.6673	0.9012634	0.6307018	0.457325	0.542675	1.410701
14616	-82.58121	-245.1215	162.5403	1.074649	0.08032561	0.565664	0.434336	1.595217
14622	-70.76171	-231.9035	161.1418	0.9076812	0.6296815	0.565664	0.434336	1.790035
14628	-78.58398	-238.6931	160.1092	1.070967	1.123382	0.414372	0.585628	2.004363
14634	-86.57817	-245.7358	159.1576	1.336968	2.087282	0.436969	0.563031	2.004363
14640	-73.2906	-235.0486	161.7579	0.6706658	0.2560157	0.563233	0.436767	2.004363
14646	-66.61488	-228.1844	161.5695	0.6706658	0.4362336	0.476349	0.523651	1.870619
14652	-70.13152	-231.4835	161.3519	0.4321885	0.348585	0.355385	0.644615	2.284256
14658	-75.01947	-236.4886	161.4691	0.2533002	0.348585	0.464786	0.535214	2.323685
14664	-74.16791	-235.4495	161.2816	0.3252645	0.4556331	0.882769	0.117231	2.265727
14670	-69.25157	-230.9925	161.741	0.7389737	0.4317538	0.515564	0.484436	1.709871
14676	-77.41095	-237.9204	160.5095	0.6773959	1.365774	0.670312	0.329688	1.860943
14682	-74.10024	-234.9206	160.8203	0.6515982	1.177175	0.612705	0.387295	1.772902
14688	-67.97521	-230.1422	162.167	1.301378	0.5056481	0.394888	0.605112	0.7175425
14694	-62.52726	-224.9246	162.3973	1.301378	0.389553	0.549261	0.450739	0.6778523
14700	-73.84026	-236.0514	162.2111	1.301378	0.4334474	0.619509	0.380491	0.8316939
14706	-70.27115	-232.9051	162.634	1.301378	0.2403924	0.597125	0.402875	0.8316939
14712	-77.06254	-238.689	161.6264	1.189458	0.7265225	0.529401	0.470599	1.097891
14718	-84.90257	-246.492	161.5894	0.9522397	1.049198	0.21324	0.78676	1.021345
14724	-82.72564	-245.1613	162.4357	0.9522397	0.302156	0.545952	0.454048	1.220217
14730	-76.28462	-237.7342	161.4496	0.8860418	0.1983034	0.294353	0.705647	2.170922
14736	-76.3213	-238.7798	162.4586	0.517547	0.2067605	0.774619	0.225381	1.722414
14742	-70.04845	-231.3332	161.2848	0.4953032	0.6575275	0.704926	0.295074	1.947713
14748	-76.83114	-238.1534	161.3223	0.8481199	0.9477982	0.524392	0.475608	1.423891
14754	-78.70023	-241.0371	162.3369	0.7802213	0.2980324	0.34538	0.65462	1.44494
14760	-76.38558	-238.8556	162.4701	0.7742315	0.432602	0.586019	0.413981	1.111636
14766	-86.31508	-248.1075	161.7924	0.7742315	0.2877888	0.85772	0.14228	1.858022
14772	-76.98441	-238.0853	161.1009	0.3646703	0.2880068	0.616133	0.383867	2.57059
14778	-77.12132	-239.8524	162.7311	0.5723498	0.06648	0.629809	0.370191	1.860633
14784	-66.87798	-229.7821	162.9041	0.783186	0.1485897	0.750623	0.249377	1.331312
14790	-75.69368	-236.9204	161.2268	0.4626906	0.4159658	0.48164	0.51836	2.258996
14796	-77.4238	-239.7282	162.3044	0.7225041	0.2723978	0.652619	0.347381	1.558803
14802	-78.0041	-239.9404	161.9363	1.275787	0.6817645	0.892839	0.107161	0.7129076
14808	-79.27448	-241.7038	162.4293	1.375675	0.3287847	0.683416	0.316584	0.7129076
14814	-67.15806	-228.8582	161.7001	1.342737	0.680665	0.787417	0.212583	0.9324764
14820	-73.04433	-235.9483	162.904	1.342737	0.1450159	0.582652	0.417348	0.8086401
14826	-74.02439	-235.4478	161.4234	1.429896	0.9084075	0.342015	0.657985	0.8384962
14832	-68.55253	-231.0748	162.5223	1.220582	0.3495608	0.580076	0.419924	0.7409181
14838	-73.71834	-235.1502	161.4318	1.27939	0.8839249	0.609584	0.390416	1.021602
14844	-84.53945	-246.7483	162.2089	1.600104	0.3431001	0.540294	0.459706	0.37739
14850	-86.38167	-248.8169	162.4352	1.600104	0.2006445	0.825491	0.174509	0.8468886
14856	-72.55537	-235.1712	162.6158	1.600104	0.1920692	0.293864	0.706136	0.426119
14862	-80.34084	-242.4316	162.0908	1.600104	0.4193547	0.493954	0.506046	0.5336336
14868	-76.10385	-238.9926	162.8887	1.545805	0.1078245	0.353071	0.646929	0.7447185
14874	-74.52609	-237.5638	163.0377	1.639918	0.0662646	0.305618	0.694382	0.3806087
14880	-79.39333	-241.3127	161.9193	1.791292	0.2846685	0.478252	0.521748	0.2177069
14886	-83.11939	-244.9862	161.8668	1.791292	0.4323542	0.396984	0.603016	0.4296611
14892	-71.92244	-234.1763	162.2538	0.6836737	0.501157	0.614794	0.385206	1.273491
14898	-83.54279	-243.6079	160.0651	1.454492	2.766972	0.539657	0.460343	0.9430538
14904	-83.04294	-242.9779	159.935	1.454492	2.992092	0.531842	0.468158	0.9756812
14910	-78.2167	-238.9589	160.7422	1.611773	1.286729	0.718966	0.281034	0.9975016
14916	-75.36608	-237.7339	162.3678	1.119725	0.3327006	0.755536	0.244464	1.070786
14922	-78.34762	-240.8856	162.538	0.4644276	0.3310811	0.374	0.626	1.475365
14928	-67.19742	-227.9592	160.7618	0.3762948	0.7579522	0.411245	0.588755	2.283315
14934	-59.72558	-221.7844	162.0588	0.1493467	0.3113871	0.780914	0.219086	2.061779
14940	-66.85773	-228.4721	161.6143	0.07073336	0.4086488	0.60725	0.39275	2.270681
14946	-73.72088	-234.4569	160.7361	0.1526902	0.6896751	0.421155	0.578845	2.495854
14952	-72.53115	-233.2718	160.7406	0.08495907	0.4526609	0.460901	0.539099	2.757119
14958	-71.00164	-231.6954	160.6937	0.07406211	0.6785093	0.847966	0.152034	2.580382
14964	-73.95965	-235.8242	161.8645	0.0890486	0.4082236	0.633948	0.366052	2.097073
14970	-75.00709	-236.8365	161.8294	0.9268931	0.4082236	0.579521	0.420479	1.541926
14976	-87.06829	-248.1093	161.041	1.018418	1.466625	0.407957	0.592043	1.141661
14982	-80.71108	-242.8225	162.1114	1.018418	0.3595421	0.661076	0.338924	1.329239
14988	-75.91168	-237.9073	161.9957	1.018418	0.418412	0.357021	0.642979	1.329239
14994	-82.43108	-244.4791	162.048	1.018418	0.2331955	0.703259	0.296741	1.604399
15000	-79.1282	-241.1953	162.0671	0.74377	0.2715403	0.853621	0.146379	1.715931
15006	-89.38814	-251.2763	161.8881	1.289989	0.7551189	0.197901	0.802099	0.57893
15012	-84.15853	-246.798	162.6395	1.289989	0.3049534	0.410402	0.589598	0.5102166
15018	-84.77518	-244.867	160.0918	2.007177	2.017627	0.504002	0.495998	0.350862
15024	-81.74037	-242.5117	160.7713	1.787825	1.405953	0.513884	0.486116	0.5463055
15030	-76.38245	-236.6353	160.2529	1.787825	2.213818	0.731435	0.268565	0.5463055
15036	-70.114	-230.1178	160.0038	1.787825	2.707685	0.731435	0.268565	0.5601334
15042	-67.08149	-229.319	162.2375	1.464054	0.4103473	0.644221	0.355779	0.5678715
15048	-68.39081	-230.917	162.5262	1.464054	0.2772698	0.650981	0.349019	0.5529565
15054	-70.9221	-233.4644	162.5423	0.9464504	0.3163861	0.536654	0.463346	1.103072
15060	-75.77726	-238.2422	162.465	0.9464504	0.3519775	0.153386	0.846614	1.103072
15066	-73.15631	-235.6424	162.4861	0.9464504	0.218798	0.935317	0.0646829	1.358016
15072	-70.06455	-231.7727	161.7082	0.9464504	0.8087524	0.748309	0.251691	1.152955
15078	-66.7809	-228.6798	161.8989	0.4604892	0.3485566	0.433702	0.566298	1.90616
15084	-74.83037	-236.5898	161.7595	0.461464	0.3599603	0.502093	0.497907	1.983331
15090	-69.8369	-231.1179	161.281	0.4400563	0.315913	0.502093	0.497907	2.369782
15096	-76.79043	-239.0482	162.2578	0.6714982	0.5019636	0.364498	0.635502	1.279165
15102	-76.48292	-238.3479	161.865	1.093707	0.7121213	0.698964	0.301036	0.9777309
15108	-69.21046	-231.7903	162.5798	1.093707	0.3036601	0.689902	0.310098	0.9510922
15114	-72.8304	-233.7125	160.8821	0.5916451	0.6555297	0.689902	0.310098	2.152172
15120	-68.4538	-231.0924	162.6386	0.08526784	0.1704508	0.675057	0.324943	1.97251
15126	-66.34976	-228.0903	161.7405	0.03078456	0.3465559	0.476659	0.523341	2.295201
15132	-60.78741	-222.9579	162.1705	0.01763777	0.1566891	0.188112	0.811888	2.351234
15138	-59.35699	-221.2176	161.8606	0.01568527	0.3581757	0.590487	0.409513	2.212059
15144	-62.13091	-223.602	161.4711	0.1558942	0.2402926	0.485144	0.514856	2.545276
15150	-68.72306	-229.2165	160.4934	0.2478543	1.129379	0.475411	0.524589	2.28699
15156	-75.31564	-236.1525	160.8368	0.4484574	0.3820333	0.69676	0.30324	2.55552
15162	-79.81778	-241.0237	161.2059	0.3024871	0.767698	0.366537	0.633463	2.034522
15168	-79.68003	-240.9468	161.2668	0.9191696	0.7139022	0.468781	0.531219	1.613389
15174	-68.48325	-230.7549	162.2716	0.9191696	0.4399015	0.500884	0.499116	1.147712
15180	-72.56558	-233.9353	161.3697	1.317892	0.7383779	0.844773	0.155227	1.198317
15186	-67.78231	-229.9696	162.1872	1.095567	0.3493246	0.5325	0.4675	1.220911
15192	-70.14363	-231.961	161.8174	0.6054096	0.6306325	0.837094	0.162906	1.521428
15198	-73.61416	-235.4614	161.8473	0.6397492	0.2900691	0.360783	0.639217	1.908506
15204	-76.25144	-238.0172	161.7658	0.5051637	0.2900691	0.525054	0.474946	2.053032
15210	-76.47202	-238.5868	162.1147	0.805665	0.6286429	0.612539	0.387461	1.12156
15216	-78.71908	-240.4515	161.7325	0.789354	0.4081541	0.697792	0.302208	1.711383
15222	-71.62052	-233.6642	162.0437	0.7956766	0.8524488	0.540497	0.459503	0.9257472
15228	-73.34961	-234.2639	160.9143	0.5801069	0.8524488	0.763002	0.236998	1.977774
15234	-69.75254	-230.8482	161.0957	0.6916311	0.8321407	0.424973	0.575027	1.794175
15240	-72.55596	-234.5558	161.9998	0.6253804	0.4981749	0.424973	0.575027	1.520885
15246	-73.38212	-235.6717	162.2896	0.3126826	0.4130348	0.605593	0.394407	1.647515
15252	-81.01413	-242.9614	161.9472	1.591957	0.5066255	0.68827	0.31173	0.5268611
15258	-89.66754	-251.982	162.3144	1.104325	0.5004571	0.643809	0.356191	0.8026508
15264	-87.18323	-247.5484	160.3652	1.104325	1.220139	0.739544	0.260456	1.748437
15270	-79.39877	-240.3721	160.9733	0.3316415	0.6452329	0.434514	0.565486	2.270352
15276	-70.64667	-232.6141	161.9675	0.09060831	0.379275	0.701173	0.298827	2.065405
15282	-85.69124	-246.6585	160.9672	1.063117	1.169168	0.532387	0.467613	1.367382
15288	-80.31818	-241.7381	161.4199	0.8599395	1.11692	0.735216	0.264784	1.201658
15294	-91.23749	-252.7863	161.5488	0.9810674	0.6318559	0.664247	0.335753	1.439297
15300	-84.33845	-245.7733	161.4348	0.3459753	0.3790202	0.798859	0.201141	2.24628
15306	-74.52826	-235.9318	161.4036	0.9870257	0.7948631	0.644868	0.355132	1.384743
15312	-79.8845	-241.2264	161.3419	1.236655	1.021298	0.698786	0.301214	1.011754
15318	-73.73336	-235.6437	161.9104	1.197753	0.6357148	0.748466	0.251534	0.9280786
15324	-82.72243	-243.2439	160.5214	0.825083	0.6181858	0.475887	0.524113	2.267983
15330	-86.00207	-245.0817	159.0796	0.8430986	1.781698	0.75632	0.24368	2.491172
15336	-84.92232	-244.2932	159.3708	0.8872539	1.781698	0.84048	0.15952	2.27896
15342	-90.16639	-249.8997	159.7333	0.7982163	1.762117	0.635158	0.364842	2.110073
15348	-88.67327	-249.453	160.7798	0.622629	0.6117502	0.502143	0.497857	2.237998
15354	-77.01205	-239.6245	162.6124	0.9269913	0.2128045	0.505503	0.494497	1.285805
15360	-70.08783	-230.3888	160.3009	1.416045	2.368625	0.458169	0.541831	0.9372547
15366	-72.78421	-235.1995	162.4153	1.201535	0.4510859	0.873309	0.126691	0.6023654
15372	-79.05776	-240.4702	161.4124	1.844023	0.6636543	0.46033	0.53967	0.3569415
15378	-84.04674	-245.7291	161.6824	1.844023	0.4834049	0.360882	0.639118	0.3545188
15384	-87.67995	-248.6399	160.96	1.844023	1.075678	0.558387	0.441613	0.3704665
15390	-82.3092	-244.0326	161.7234	0.6145702	0.3265416	0.682535	0.317465	1.952698
15396	-88.85919	-249.1994	160.3402	0.2853937	0.4736588	0.510014	0.489986	2.8565
15402	-70.72385	-232.6929	161.969	0.3197029	0.3717218	0.387645	0.612355	1.92159
15408	-75.79591	-237.8873	162.0914	0.1028633	0.3118177	0.50043	0.49957	2.070269
15414	-78.92429	-239.9867	161.0624	0.06570866	0.1529044	0.725823	0.274177	3.01149
15420	-74.26566	-236.844	162.5783	0.2042748	0.1555035	0.378862	0.621138	1.966721
15426	-68.38842	-230.4351	162.0467	0.1178408	0.1251111	0.66554	0.33446	2.438444
15432	-69.36931	-232.6616	163.2923	0.05910609	0.1251111	0.677457	0.322543	1.649594
15438	-71.95922	-233.8529	161.8937	0.01376668	0.3315439	0.692224	0.307776	2.228543
15444	-75.23372	-237.3433	162.1096	0.01105032	0.271492	0.666339	0.333661	2.181032
15450	-79.86216	-241.2113	161.3491	0.05195902	0.3307759	0.0556703	0.94433	2.549939
15456	-62.27537	-224.5987	162.3233	0.1023543	0.4364917	0.530892	0.469108	1.741993
15462	-63.20663	-225.5321	162.3255	0.6727658	0.2591427	0.581143	0.418857	1.604186
15468	-71.02297	-232.9431	161.9201	0.7540833	0.4862446	0.829125	0.170875	1.49915
15474	-79.79427	-241.3313	161.537	0.5117089	0.4761903	0.752585	0.247415	1.95257
15480	-72.09895	-233.4847	161.3857	0.4107955	0.6403117	0.686971	0.313029	1.95257
15486	-78.12706	-239.8917	161.7647	0.2393033	0.5021259	0.578469	0.421531	1.95335
15492	-75.86128	-236.9771	161.1158	0.15005	0.5825862	0.339065	0.660935	2.352456
15498	-72.4236	-234.2946	161.871	0.1625476	0.5965179	0.559941	0.440059	1.833878
15504	-77.34433	-238.3246	160.9803	0.8434607	0.9230026	0.520975	0.479025	1.698402
15510	-76.86046	-237.5919	160.7314	0.07315454	0.4526493	0.72089	0.27911	2.769956
15516	-84.23667	-244.738	160.5013	0.3001631	0.4544064	0.719101	0.280899	2.769956
15522	-95.31376	-254.829	159.5152	1.019648	1.030689	0.563282	0.436718	2.476619
15528	-80.82496	-243.193	162.368	0.7349362	0.3260797	0.318156	0.681844	1.406764
15534	-92.54747	-254.9921	162.4446	1.353316	0.258535	0.289878	0.710122	0.9354015
15540	-71.97988	-234.6555	162.6756	1.387392	0.2166858	0.782099	0.217901	0.7467882
15546	-90.44963	-253.3922	162.9425	1.351414	0.1004367	0.517493	0.482507	0.9545432
15552	-72.15243	-234.8186	162.6662	1.24606	0.3124524	0.483564	0.516436	0.5128974
15558	-72.52677	-234.7066	162.1798	1.339624	0.5194613	0.226878	0.773122	0.5128974
15564	-79.03775	-240.2227	161.1849	0.9518572	0.4366121	0.240732	0.759268	1.940228
15570	-65.15794	-227.354	162.196	0.5920977	0.3463547	0.706901	0.293099	1.609585
15576	-76.72133	-237.8494	161.128	0.6404413	0.3240859	0.664833	0.335167	2.328083
15582	-76.67009	-238.6354	161.9654	0.5322191	0.6648586	0.886365	0.113635	1.429237
15588	-75.8552	-236.4429	160.5877	0.1093168	0.5337388	0.648751	0.351249	2.75286
15594	-84.76315	-245.8904	161.1273	0.1093168	1.121903	0.345998	0.654002	1.967546
15600	-81.4311	-242.9088	161.4777	0.2554729	0.9779967	0.573708	0.426292	1.722067
15606	-77.29823	-239.4963	162.1981	0.06574228	0.4223361	0.449724	0.550276	1.871864
15612	-77.60758	-238.9214	161.3138	0.5806883	0.3587737	0.47577	0.52423	2.199489
15618	-70.70542	-232.0304	161.325	0.5827069	0.8922274	0.443366	0.556634	1.662199
15624	-74.7162	-236.2112	161.495	0.2985779	0.70439	0.488093	0.511907	1.896509
15630	-83.44275	-244.8722	161.4294	0.7327261	0.7635215	0.49104	0.50896	1.585527
15636	-74.09437	-236.6154	162.521	0.321734	0.2563992	0.507132	0.492868	1.720419
15642	-69.12587	-231.3109	162.185	0.3218496	0.355498	0.472362	0.527638	1.795149
15648	-80.38118	-241.4668	161.0856	0.4155092	0.8242062	0.713363	0.286637	1.994811
15654	-72.3424	-233.7266	161.3842	0.3424693	0.3851818	0.568781	0.431219	2.273134
15660	-74.56273	-236.4952	161.9325	0.4321402	0.3851818	0.453758	0.546242	1.851625
15666	-82.81387	-243.4761	160.6622	0.3052992	0.8012947	0.891598	0.108402	2.358775
15672	-76.88745	-239.1491	162.2616	0.08543853	0.3971405	0.58396	0.41604	1.847629
15678	-67.96565	-230.5674	162.6017	0.05681979	0.3387697	0.364896	0.635104	1.713872
15684	-71.19803	-233.7669	162.5688	0.06193744	0.3518337	0.909789	0.0902108	1.713872
15690	-66.54196	-227.9966	161.4547	0.4604732	0.2769453	0.624884	0.375116	2.304594
15696	-73.05884	-234.2008	161.142	0.5381464	0.9086869	0.530803	0.469197	1.80954
15702	-75.21019	-235.0923	159.8821	0.5063667	1.609605	0.187134	0.812866	2.269061
15708	-83.94947	-246.7989	162.8494	0.1808306	0.2196335	0.747857	0.252143	1.657673
15714	-80.30172	-240.4849	160.1831	0.1758536	0.5610697	0.787907	0.212093	2.932248
15720	-74.6375	-236.7085	162.071	0.04958194	0.343699	0.218946	0.781054	2.072602
15726	-77.56546	-237.471	159.9055	0.1251728	0.4719699	0.209358	0.790642	3.214431
15732	-76.18347	-237.1122	160.9287	0.05052511	0.3636163	0.926556	0.0734439	2.766897
15738	-85.44929	-245.3804	159.9311	0.4045261	0.8300969	0.60374	0.39626	2.731301
15744	-100.3031	-258.5546	158.2515	2.025807	7.061435	0.728665	0.271335	0.8962537
15750	-84.24835	-245.9523	161.704	0.399151	0.4442874	0.400675	0.599325	1.953549
15756	-80.75729	-240.1299	159.3726	0.3486645	0.4268948	0.620122	0.379878	3.443763
15762	-76.58484	-237.731	161.1462	1.500054	1.036431	0.536151	0.463849	0.9265383
15768	-83.34578	-245.1282	161.7824	1.500054	0.6713836	0.313673	0.686327	0.5902285
15774	-80.08302	-242.0579	161.9748	0.8359977	0.3859936	0.579073	0.420927	1.533451
15780	-71.29284	-233.3046	162.0117	0.8098754	0.3805587	0.521222	0.478778	1.533451
15786	-80.74954	-243.2792	162.5297	0.8322844	0.249224	0.626485	0.373515	1.348264
15792	-74.65559	-236.3692	161.7136	0.5607123	0.637245	0.604594	0.395406	1.623509
15798	-73.41236	-234.171	160.7586	0.5025551	0.5486563	0.789395	0.210605	2.388036
15804	-71.6935	-233.9901	162.2966	0.5250007	0.2576441	0.539583	0.460417	1.733029
15810	-71.31262	-232.3293	161.0166	0.3806215	0.4669263	0.356645	0.643355	2.386626
15816	-77.13506	-238.7347	161.5996	0.2479285	0.294993	0.535941	0.464059	2.32005
15822	-78.83999	-240.1923	161.3523	0.1523207	0.294993	0.369159	0.630841	2.53602
15828	-86.56	-249.2925	162.7324	0.2199633	0.2146868	0.579432	0.420568	1.722917
15834	-90.38772	-251.8569	161.4692	0.4624916	0.6580487	0.898469	0.101531	1.844288
15840	-73.22115	-235.0348	161.8136	0.1424193	0.4765582	0.703677	0.296323	2.014084
15846	-78.99677	-240.6568	161.66	0.1747955	0.2348349	0.298798	0.701202	2.424388
15852	-77.95893	-238.9518	160.9929	0.3692253	0.4528271	0.712675	0.287325	2.424388
15858	-87.81614	-248.7516	160.9355	0.5278785	0.5942972	0.360734	0.639266	2.215001
15864	-72.95725	-233.7045	160.7472	0.2246754	1.004932	0.664074	0.335926	2.215001
15870	-76.78931	-236.4956	159.7063	0.3362562	1.013141	0.475105	0.524895	2.791196
15876	-77.49431	-239.0476	161.5533	0.2351262	0.3664946	0.371675	0.628325	2.25765
15882	-77.19896	-238.2782	161.0792	0.07524689	0.2442005	0.749568	0.250432	2.829231
15888	-78.54164	-239.942	161.4003	0.01324242	0.2442005	0.557312	0.442688	2.670852
15894	-77.12005	-239.1327	162.0126	0.02048617	0.7051476	0.295195	0.704805	1.73047
15900	-73.38501	-235.1955	161.8104	0.09673923	0.4940239	0.462624	0.537376	2.026957
15906	-75.58676	-236.7138	161.127	0.07722915	0.4231633	0.733849	0.266151	2.556795
15912	-59.55132	-222.4241	162.8728	0.02133075	0.2234953	0.895079	0.104921	1.74634
15918	-75.37557	-236.7938	161.4182	0.1546184	0.2416034	0.41003	0.58997	2.576765
15924	-71.59389	-234.0472	162.4533	0.3735936	0.3089882	0.731085	0.268915	1.641007
15930	-66.30537	-228.8091	162.5037	0.3430625	0.3003729	0.668167	0.331833	1.641007
15936	-68.28534	-229.6947	161.4094	0.5654475	0.2348127	0.367622	0.632378	2.33582
15942	-71.32764	-232.0313	160.7036	0.56917	0.452337	0.40772	0.59228	2.481044
15948	-78.63173	-239.8419	161.2102	0.2949174	0.5813113	0.651204	0.348796	2.2004
15954	-88.34328	-249.45	161.1067	0.6906392	0.3247583	0.651523	0.348477	2.308736
15960	-73.39718	-235.3565	161.9593	0.309745	0.2731323	0.888529	0.111471	2.081415
15966	-64.50419	-226.8896	162.3854	0.1437419	0.2057991	0.696434	0.303566	2.029282
15972	-66.99158	-228.268	161.2764	0.03431645	0.4003946	0.625012	0.374988	2.517315
15978	-82.74726	-243.6891	160.9418	0.62953	0.4003946	0.522166	0.477834	2.353304
15984	-73.7815	-235.1002	161.3187	0.06826	0.5597312	0.612065	0.387935	2.297241
15990	-75.22501	-237.101	161.876	0.100751	0.2080483	0.604353	0.395647	2.382424
15996	-79.66918	-241.1207	161.4516	0.06682063	0.2728668	0.429603	0.570397	2.560685
16002	-71.72466	-232.9588	161.2342	0.1421479	0.2728668	0.390717	0.609283	2.648605
16008	-77.01176	-238.662	161.6503	0.08270736	0.2536923	0.557627	0.442373	2.456987
16014	-78.88332	-239.9277	161.0443	0.2946031	0.3610134	0.727416	0.272584	2.548621
16020	-76.27163	-237.7756	161.504	0.416359	0.2694709	0.350456	0.649544	2.313085
16026	-71.85642	-233.0176	161.1612	0.2181251	0.5485948	0.444512	0.555488	2.313085
16032	-80.13549	-241.3003	161.1648	0.2222619	0.3662677	0.582669	0.417331	2.511886
16038	-80.03917	-242.0189	161.9797	0.06686042	0.5138574	0.774957	0.225043	1.911678
16044	-73.11909	-234.1554	161.0363	0.1014489	0.4362339	0.837159	0.162841	2.583164
16050	-86.08939	-245.3843	159.2949	1.496153	3.391828	0.72798	0.27202	1.360148
16056	-85.12139	-245.5206	160.3992	1.27269	1.845696	0.246738	0.753262	1.252532
16062	-80.06503	-241.1404	161.0754	1.553917	1.135462	0.346663	0.653337	0.8385373
16068	-73.6564	-235.3705	161.7141	1.173763	0.8130565	0.467509	0.532491	0.9220987
16074	-74.75178	-237.5415	162.7898	0.6787699	0.2983514	0.381938	0.618062	1.158308
16080	-72.46424	-235.1898	162.7256	0.9728399	0.335053	0.613202	0.386798	0.8433953
16086	-77.54007	-239.2284	161.6883	1.229154	0.8466492	0.624284	0.375716	0.8433953
16092	-78.14151	-240.1568	162.0153	1.229154	0.5022045	0.897693	0.102307	0.9965218
16098	-85.17236	-245.0815	159.9091	1.179642	2.340947	0.5178	0.4822	1.490419
16104	-87.32625	-247.069	159.7427	0.6350599	1.401127	0.608958	0.391042	2.373259
16110	-84.49605	-245.8292	161.3331	0.8295467	0.8252964	0.783065	0.216935	1.531166
16116	-86.92419	-247.3579	160.4337	0.795305	1.13688	0.730594	0.269406	1.963458
16122	-76.81664	-238.4826	161.666	1.04467	0.6354756	0.27349	0.72651	1.292634
16128	-76.76585	-238.5262	161.7603	1.093886	0.6354756	0.643552	0.356448	1.171773
16134	-70.18165	-231.4	161.2184	1.093886	0.4858362	0.565839	0.434161	1.760955
16140	-77.49906	-239.5562	162.0571	0.7370538	0.2993407	0.304069	0.695931	1.680328
16146	-83.30039	-243.9921	160.6917	0.6924809	0.9339494	0.661236	0.338764	1.992172
16152	-87.90509	-249.4413	161.5362	0.2356843	0.4343063	0.773142	0.226858	2.183918
16158	-75.0168	-236.4675	161.4507	0.3221428	0.4725608	0.6734	0.3266	2.139288
16164	-66.44385	-227.8126	161.3687	0.5981895	0.7725676	0.6734	0.3266	1.717645
16170	-65.76809	-227.0079	161.2398	0.4712532	0.3577346	0.483878	0.516122	2.318671
16176	-66.65955	-229.6432	162.9837	0.8915162	0.2764189	0.621392	0.378608	0.7897661
16182	-71.68876	-233.2984	161.6097	1.484811	0.7270366	0.832546	0.167454	0.7999838
16188	-74.53201	-236.7993	162.2673	1.484811	0.334609	0.467589	0.532411	0.7743679
16194	-72.15516	-234.5574	162.4022	0.9296543	0.334609	0.695935	0.304065	1.205983
16200	-76.50705	-239.1675	162.6605	0.2552408	0.236077	0.676669	0.323331	1.706765
16206	-72.88486	-235.0648	162.18	0.5342986	0.236077	0.636147	0.363853	1.846964
16212	-78.28397	-239.3229	161.039	0.2257087	0.5781328	0.798951	0.201049	2.35744
16218	-69.24355	-230.256	161.0125	0.4147676	0.3562708	0.51323	0.48677	2.499699
16224	-67.82859	-228.1213	160.2927	0.3707181	0.4833211	0.790381	0.209619	2.823568
16230	-69.28703	-231.5609	162.2739	0.2011233	0.2822221	0.323536	0.676464	1.929362
16236	-77.39644	-236.1895	158.7931	0.5074487	0.2822221	0.450038	0.549962	3.86385
16242	-65.65504	-228.2405	162.5855	0.7131747	0.3083234	0.500474	0.499526	1.282732
16248	-72.46043	-234.6858	162.2254	0.9389448	0.5587613	0.32449	0.67551	0.9868537
16254	-81.32402	-243.2066	161.8826	0.9829301	0.4994039	0.467187	0.532813	1.334259
16260	-78.19208	-240.5696	162.3775	0.2942484	0.4277575	0.406893	0.593107	1.577287
16266	-72.71242	-235.1731	162.4607	0.3543764	0.3501552	0.281715	0.718285	1.584118
16272	-71.02332	-232.2237	161.2004	0.521708	1.144075	0.346899	0.653101	1.616394
16278	-78.54342	-239.7213	161.1779	0.9067602	0.2839211	0.873941	0.126059	2.184615
16284	-76.04645	-237.268	161.2215	1.135168	0.3059932	0.57891	0.42109	1.971214
16290	-72.90205	-234.9571	162.055	1.438405	0.2518998	0.55461	0.44539	1.235263
16296	-72.12626	-232.7343	160.608	0.8062177	0.3895511	0.596999	0.403001	2.465725
16302	-78.79508	-239.3676	160.5725	0.4371417	0.3671775	0.272622	0.727378	2.743846
16308	-66.07615	-227.1236	161.0475	0.09284625	0.306772	0.550406	0.449594	2.743846
16314	-75.02446	-235.3157	160.2913	0.4792005	1.012421	0.787501	0.212499	2.33929
16320	-75.42149	-235.1148	159.6934	0.4951729	1.127403	0.374424	0.625576	2.635123
16326	-75.35227	-235.5122	160.1599	0.5431024	0.4388647	0.199631	0.800369	2.846747
16332	-89.29927	-249.2368	159.9376	0.3321645	0.7274945	0.696419	0.303581	2.846747
16338	-79.63629	-241.1943	161.558	0.4660642	0.2027593	0.583833	0.416167	2.362247
16344	-80.2868	-241.7636	161.4768	0.4660642	0.9025318	0.700512	0.299488	1.628891
16350	-90.59493	-252.932	162.3371	0.1771908	0.3045018	0.627264	0.372736	1.866964
16356	-83.62829	-244.5916	160.9633	0.3058876	0.5557037	0.884296	0.115704	2.376068
16362	-76.34927	-238.329	161.9797	0.3066688	0.2661274	0.651983	0.348017	2.081491
16368	-75.41034	-236.8536	161.4433	0.5370645	0.2313098	0.380762	0.619238	2.338371
16374	-70.53578	-231.831	161.2952	0.4846395	0.53603	0.455342	0.544658	2.066177
16380	-74.79767	-236.5327	161.735	0.3098528	0.53603	0.487847	0.512153	1.888788
16386	-80.13028	-242.4603	162.33	0.2281991	0.4051758	0.816141	0.183859	1.689606
16392	-97.91617	-259.6528	161.7366	0.4680366	0.4051758	0.962983	0.0370173	1.933924
16398	-79.47882	-240.8555	161.3767	0.5105686	0.403841	0.44745	0.55255	2.145933
16404	-92.47811	-254.4668	161.9887	0.3907968	0.4805351	0.575919	0.424081	1.720075
16410	-74.48162	-236.2145	161.7329	0.3267753	0.2833557	0.335093	0.664907	2.201672
16416	-70.86967	-232.1636	161.2939	0.2533473	0.2865874	0.297843	0.702157	2.521888
16422	-72.80638	-233.6814	160.875	0.7789813	1.086541	0.299472	0.700528	1.703086
16428	-69.60042	-230.5646	160.9642	0.3361896	0.919998	0.430792	0.569208	2.057592
16434	-84.28447	-243.2887	159.0043	0.9165197	1.846186	0.587919	0.412081	2.466784
16440	-75.8096	-237.497	161.6874	1.239371	0.5650698	0.639389	0.360611	1.197542
16446	-68.79733	-230.6952	161.8979	0.9078472	0.6489639	0.424992	0.575008	1.197542
16452	-73.84171	-235.3528	161.511	0.3726473	0.5403473	0.640205	0.359795	1.992793
16458	-70.6472	-232.6832	162.036	0.1596879	0.3558782	0.837048	0.162952	2.005828
16464	-84.13127	-245.4795	161.3483	0.7532296	0.3641115	0.41738	0.58262	2.057001
16470	-72.65739	-235.1495	162.4922	0.4047509	0.138983	0.314035	0.685965	1.92918
16476	-73.93009	-235.8742	161.9441	0.1021983	0.138983	0.851179	0.148821	2.480059
16482	-70.16736	-233.0716	162.9043	0.1195726	0.2947433	0.731908	0.268092	1.521121
16488	-74.85927	-237.5953	162.736	0.03035525	0.3362073	0.40038	0.59962	1.640981
16494	-76.68419	-237.3085	160.6243	0.02965368	0.6176585	0.362968	0.637032	2.702229
16500	-75.56932	-237.9007	162.3314	0.05834839	0.2562306	0.672474	0.327526	2.029855
16506	-73.91767	-236.762	162.8443	0.03405418	0.4083853	0.455831	0.544169	1.450008
16512	-70.9757	-232.2829	161.3071	0.01902262	0.2960964	0.364481	0.635519	2.644981
16518	-64.96358	-226.8276	161.8641	0.005781045	0.2512652	0.351057	0.648943	2.374667
16524	-64.40867	-225.4442	161.0355	0.006734334	0.4135324	0.590639	0.409361	2.668137
16530	-68.38834	-229.7499	161.3616	0.00310287	0.6576252	0.246372	0.753628	2.220974
16536	-64.53125	-225.9796	161.4484	0.001507417	0.2787071	0.677066	0.322934	2.594278
16542	-64.88633	-225.0128	160.1265	0.001966261	0.5525214	0.547315	0.452685	3.078405
16548	-66.39671	-228.046	161.6493	0.001984488	0.513584	0.747958	0.252042	2.173784
16554	-73.18807	-233.4947	160.3066	0.001167978	0.513584	0.50793	0.49207	3.00792
16560	-76.96519	-236.3779	159.4127	0.003270435	1.161955	0.899292	0.100708	3.084502
16566	-70.12631	-232.3794	162.2531	0.01161706	0.3998104	0.398853	0.601147	1.900246
16572	-72.9108	-233.403	160.4922	0.02713234	0.3777656	0.772237	0.227763	3.027506
16578	-74.95158	-234.9783	160.0268	0.06037262	0.638945	0.585683	0.414317	3.027506
16584	-71.53589	-231.2021	159.6662	0.2640956	0.8782745	0.756884	0.243116	2.944422
16590	-64.70317	-226.3583	161.6551	0.7735901	0.2237824	0.756884	0.243116	2.06165
16596	-76.15457	-238.2194	162.0648	0.1296696	0.2237824	0.555017	0.444983	2.214536
16602	-67.20113	-228.3876	161.1865	0.7085989	1.162007	0.643996	0.356004	1.476639
16608	-74.50576	-236.0075	161.5017	0.7085989	0.4963358	0.356886	0.643114	1.819463
16614	-69.2792	-230.6821	161.4029	0.7138649	0.3064048	0.72399	0.27601	2.129259
16620	-76.0586	-236.7569	160.6983	0.816244	0.7529205	0.787562	0.212438	2.042473
16626	-88.87608	-251.0437	162.1676	1.188935	0.5874182	0.360014	0.639986	0.6910389
16632	-68.11682	-230.8461	162.7293	0.8854921	0.3295219	0.47267	0.52733	0.9516533
16638	-81.03215	-242.7691	161.7369	1.10934	0.6381705	0.82803	0.17197	1.175414
16644	-83.07282	-244.8847	161.8118	1.008431	0.3675296	0.573274	0.426726	1.553874
16650	-75.21637	-237.3014	162.0851	0.7950473	0.2589621	0.605581	0.394419	1.689328
16656	-89.27375	-251.8642	162.5904	1.04489	0.3104133	0.262541	0.737459	0.9747136
16662	-91.19089	-253.0962	161.9054	1.562474	0.4851531	0.238421	0.761579	0.7703735
16668	-77.32422	-238.8271	161.5028	1.562474	0.7808199	0.331233	0.668767	0.7474828
16674	-86.09401	-248.6389	162.5449	1.309788	0.2898879	0.590757	0.409243	0.7729378
16680	-86.89773	-248.8061	161.9083	0.009716134	0.4047133	0.80642	0.19358	2.124725
16686	-65.2327	-226.2064	160.9737	0.01641773	0.5048696	0.654795	0.345205	2.601225
16692	-71.0117	-232.5948	161.5831	0.0500807	0.5268107	0.718956	0.281044	2.171736
16698	-80.99467	-242.576	161.5813	0.05188211	0.5268107	0.481581	0.518419	2.171736
16704	-77.79751	-239.318	161.5205	0.0612147	0.3567274	0.475161	0.524839	2.402076
16710	-73.96938	-235.3506	161.3812	0.2004667	0.3567274	0.684514	0.315486	2.402076
16716	-74.20234	-235.2968	161.0944	0.2430709	0.2368036	0.259263	0.740737	2.729692
16722	-67.75369	-229.59	161.8363	0.5215008	0.1943035	0.507071	0.492929	2.164355
16728	-70.97477	-231.8579	160.8831	0.6682479	0.5875983	0.82048	0.17952	2.164355
16734	-70.76614	-233.4787	162.7125	0.7770465	0.1338144	0.53139	0.46861	1.524699
16740	-71.77178	-234.8531	163.0814	0.3444829	0.1515288	0.934497	0.0655031	1.524699
16746	-68.15538	-230.0686	161.9132	0.706603	0.4983487	0.957746	0.0422541	1.524699
16752	-77.22683	-237.8972	160.6703	0.8472859	0.6426894	0.781749	0.218251	2.135037
16758	-82.56331	-243.9063	161.343	1.084457	1.068842	0.629458	0.370542	1.11117
16764	-76.81057	-238.8201	162.0095	1.330039	0.5140422	0.876621	0.123379	0.8733397
16770	-78.79213	-241.3851	162.593	0.8231282	0.3174821	0.948118	0.0518821	1.165838
16776	-74.67664	-236.3476	161.671	0.7979319	0.6788313	0.608213	0.391787	1.436885
16782	-79.06078	-240.6163	161.5555	1.031197	0.9311716	0.572937	0.427063	1.091584
16788	-77.91098	-240.2254	162.3144	0.7477368	0.3376217	0.666396	0.333604	1.418862
16794	-80.19634	-241.6297	161.4334	0.8320243	0.5340695	0.600136	0.399864	1.738667
16800	-82.34789	-244.8487	162.5008	1.146579	0.2408292	0.650014	0.349986	1.127055
16806	-77.06759	-239.2822	162.2147	1.110907	0.3958109	0.926768	0.0732316	1.100686
16812	-76.03228	-238.0405	162.0082	0.8277929	0.5201123	0.741676	0.258324	1.330802
16818	-77.8164	-239.6878	161.8714	0.8277929	0.2383462	0.771013	0.228987	1.853113
16824	-69.46365	-231.2442	161.7806	0.8112738	0.571335	0.230984	0.769016	1.459035
16830	-73.6961	-236.3932	162.6971	1.73351	0.08858008	0.643487	0.356513	0.8595053
16836	-79.2871	-240.6611	161.374	1.73351	0.7981082	0.933896	0.0661042	0.3872421
16842	-73.05763	-235.2828	162.2251	1.664723	0.3092239	0.357561	0.642439	0.3872421
16848	-68.52957	-230.7805	162.251	1.589378	0.3398069	0.667393	0.332607	0.4270177
16854	-84.49664	-245.175	160.6784	0.3487417	0.7325867	0.380296	0.619704	2.374053
16860	-78.41418	-239.6618	161.2476	1.998583	0.7045534	0.572908	0.427092	0.4429697
16866	-72.05991	-233.7065	161.6466	1.858062	0.522193	0.112292	0.887708	0.4304605
16872	-82.02551	-242.4362	160.4107	1.979286	1.592964	0.534502	0.465498	0.3779342
16878	-77.92359	-239.6419	161.7183	1.391063	0.7627288	0.279238	0.720762	0.7123032
16884	-74.03507	-235.7166	161.6816	0.8849652	0.9904492	0.705485	0.294515	1.053236
16890	-76.06657	-238.0134	161.9468	0.2824577	0.3524805	0.226929	0.773071	1.988169
16896	-88.14247	-250.8564	162.7139	0.6624959	0.3704516	0.49091	0.50909	1.100212
16902	-69.37939	-230.4702	161.0908	0.9560773	0.7454522	0.497288	0.502712	1.684615
16908	-70.90062	-232.4573	161.5567	0.9560773	0.6785614	0.493409	0.506591	1.403313
16914	-66.93859	-228.923	161.9844	0.8904003	0.1504334	0.749408	0.250592	1.916472
16920	-78.17711	-239.8644	161.6873	1.209796	0.8665537	0.480674	0.519326	0.8409338
16926	-89.95179	-252.5848	162.633	1.638536	0.1206892	0.648767	0.351233	0.8889335
16932	-81.26407	-243.3506	162.0865	1.850634	0.2797277	0.444138	0.555862	0.3551955
16938	-76.60703	-237.5991	160.9921	2.019148	0.7897884	0.592441	0.407559	0.2823285
16944	-71.1585	-233.4173	162.2588	1.809182	0.203705	0.631536	0.368464	0.2897421
16950	-74.82571	-236.063	161.2373	1.809182	0.8352441	0.631536	0.368464	0.3607502
16956	-80.22488	-241.7345	161.5096	1.809182	0.5655706	0.399294	0.600706	0.2871296
16962	-99.51765	-261.494	161.9764	1.809182	0.3569613	0.702243	0.297757	0.3867806
16968	-91.46866	-253.7475	162.2789	0.9138743	0.5965548	0.24328	0.75672	0.8962418
16974	-83.23598	-245.7208	162.4849	0.9138743	0.2987106	0.592398	0.407602	1.217847
16980	-69.32688	-231.2624	161.9356	1.03951	0.5189767	0.738162	0.261838	1.217847
16986	-72.55351	-235.0029	162.4494	0.8873098	0.5347026	0.648419	0.351581	0.8369734
16992	-67.49826	-228.8476	161.3493	0.8873098	0.7287176	0.399071	0.600929	1.562597
16998	-74.36617	-235.6417	161.2756	0.9388756	0.7464504	0.488316	0.511684	1.562597
17004	-82.74376	-244.1498	161.406	0.3305537	0.2772131	0.695073	0.304927	2.41747
17010	-75.63333	-237.514	161.8806	0.2590093	0.2749353	0.730917	0.269083	2.163135
17016	-79.68246	-241.3401	161.6576	0.6121968	0.2421668	0.35158	0.64842	2.133023
17022	-87.69684	-248.303	160.6061	0.5244201	0.6110298	0.559707	0.440293	2.411833
17028	-88.19593	-250.0342	161.8383	0.4871131	0.564535	0.614824	0.385176	1.662778
17034	-67.54354	-228.6555	161.1119	0.700735	0.6706423	0.323071	0.676929	1.913775
17040	-69.95217	-232.0553	162.1031	0.7439165	0.2893245	0.869519	0.130481	1.659495
17046	-71.1731	-232.3938	161.2207	0.8114906	0.5393429	0.732197	0.267803	1.893884
17052	-82.99786	-245.387	162.3892	0.6023086	0.2999979	0.412949	0.587051	1.536043
17058	-82.26377	-243.9926	161.7288	0.6382898	0.6871048	0.706466	0.293534	1.505672
17064	-88.72724	-250.7893	162.062	0.8946791	0.6557927	0.425949	0.574051	1.053135
17070	-76.17302	-237.5409	161.3679	0.5912158	0.6908024	0.691229	0.308771	1.7952
17076	-80.93072	-242.249	161.3183	0.4750323	0.7059473	0.424805	0.575195	1.895331
17082	-70.79593	-232.3998	161.6039	0.7334398	0.6319708	0.710929	0.289071	1.583082
17088	-71.72841	-233.645	161.9165	1.01169	0.8679475	0.192793	0.807207	0.7990553
17094	-76.77257	-238.4851	161.7125	1.299313	0.8679475	0.358355	0.641645	0.6668194
17100	-80.42707	-241.7927	161.3656	0.8244053	1.139194	0.566251	0.433749	1.260157
17106	-77.32232	-239.0741	161.7518	0.7088317	0.6614411	0.672811	0.327189	1.460996
17112	-73.23661	-235.5683	162.3317	0.05605335	0.2557134	0.905857	0.0941431	2.03206
17118	-70.04444	-231.9509	161.9065	0.1499763	0.2557134	0.894767	0.105233	2.24825
17124	-72.98705	-234.3501	161.363	0.6456983	0.3096864	0.556391	0.443609	2.194639
17130	-73.37803	-233.4479	160.0699	0.1502356	0.653098	0.535239	0.464761	2.935881
17136	-77.25937	-237.4825	160.2232	0.845705	1.212556	0.427552	0.572448	2.025577
17142	-74.6618	-235.17	160.5082	0.2582168	0.5337796	0.802874	0.197126	2.710368
17148	-81.99574	-243.4544	161.4587	0.2013967	0.5337796	0.582126	0.417874	2.147025
17154	-87.8272	-249.1936	161.3664	0.4485037	0.6513727	0.390915	0.609085	1.929886
17160	-81.03335	-242.4289	161.3956	0.5072456	0.4222138	0.50903	0.49097	2.113101
17166	-83.91316	-245.1164	161.2032	0.444564	0.7854515	0.638658	0.361342	1.926945
17172	-74.91681	-235.9834	161.0666	0.2294977	0.2907012	0.526779	0.473221	2.671381
17178	-82.28008	-244.3688	162.0888	0.4424697	0.6299041	0.361052	0.638948	1.440345
17184	-75.3548	-236.2584	160.9036	0.4688952	0.5262247	0.452838	0.547162	2.339831
17190	-74.11957	-235.2097	161.0902	0.395854	0.7735195	0.612816	0.387184	2.044659
17196	-77.6702	-240.1096	162.4394	0.1169941	0.300787	0.506312	0.493688	1.844061
17202	-81.4963	-243.0928	161.5965	1.441173	0.8512274	0.433621	0.566379	0.6518992
17208	-78.66559	-238.3744	159.7088	1.113396	1.264567	0.473034	0.526966	2.158613
17214	-82.68463	-244.1819	161.4973	1.171869	0.7368818	0.330152	0.669848	1.215677
17220	-83.16801	-245.6901	162.5221	0.9126459	0.4173407	0.720257	0.279743	0.9541143
17226	-95.27958	-257.3399	162.0603	0.786715	0.7082046	0.334397	0.665603	1.090772
17232	-93.88336	-254.4636	160.5802	0.8320836	0.7842116	0.329726	0.670274	2.084796
17238	-84.97235	-247.0653	162.0929	0.7968822	0.4652917	0.598284	0.401716	1.36092
17244	-73.11261	-235.3709	162.2582	0.7711353	0.4721564	0.873461	0.126539	1.237767
17250	-67.82428	-230.165	162.3407	0.6708431	0.482595	0.485731	0.514269	1.237767
17256	-67.19272	-230.0683	162.8755	1.05762	0.1986818	0.464697	0.535303	0.9674577
17262	-77.27055	-237.905	160.6344	1.180976	1.624262	0.705827	0.294173	1.254034
17268	-73.56894	-236.3167	162.7478	1.180976	0.2868056	0.696928	0.303072	0.6626211
17274	-69.17667	-231.971	162.7943	1.180976	0.246409	0.417674	0.582326	0.7561037
17280	-75.99068	-236.6559	160.6653	0.5457955	0.913987	0.682996	0.317004	2.120554
17286	-81.6298	-243.8054	162.1756	0.3853078	0.3080752	0.475768	0.524232	1.829406
17292	-70.80329	-232.4664	161.6631	0.5333463	0.5826393	0.470453	0.529547	1.734854
17298	-65.45555	-226.8061	161.3505	0.7335915	0.4338509	0.745812	0.254188	1.978938
17304	-69.28896	-230.0946	160.8056	0.7335915	1.028547	0.732752	0.267248	1.822041
17310	-72.24041	-234.5786	162.3382	0.4666511	0.3468416	0.737257	0.262743	1.596691
17316	-67.36379	-230.4613	163.0975	0.5124589	0.1125966	0.667597	0.332403	1.496121
17322	-68.08568	-229.8694	161.7837	0.605349	0.2745896	0.60649	0.39351	1.99952
17328	-74.64162	-234.6718	160.0302	1.007442	1.069794	0.329089	0.670911	2.131332
17334	-75.03014	-237.0034	161.9732	0.5229915	0.3752122	0.921964	0.0780355	1.77451
17340	-73.16759	-233.9166	160.749	0.1579601	0.5490156	0.693383	0.306617	2.609142
17346	-73.3573	-233.395	160.0377	0.2441881	0.7996573	0.473492	0.526508	2.785773
17352	-74.9917	-237.2779	162.2862	0.1810568	0.3879564	0.544666	0.455334	1.776997
17358	-78.8025	-241.134	162.3315	0.0456511	0.3471341	0.252088	0.747912	1.896152
17364	-80.04312	-241.0547	161.0116	0.3055137	0.7240605	0.617353	0.382647	2.195317
17370	-80.25968	-241.9867	161.7271	0.149118	0.3126199	0.617353	0.382647	2.275715
17376	-77.54268	-238.9392	161.3965	0.1928965	0.3907532	0.334855	0.665145	2.353723
17382	-80.70149	-242.7596	162.0581	0.3288393	0.3849774	0.493806	0.506194	1.836581
17388	-75.75884	-238.6286	162.8698	0.904238	0.1993332	0.617992	0.382008	1.118644
17394	-67.51551	-229.7096	162.1941	0.8097562	0.476602	0.311517	0.688483	1.25272
17400	-70.63176	-233.0645	162.4327	0.8111512	0.3205617	0.366415	0.633585	1.304802
17406	-70.209	-233.0899	162.8809	0.2354925	0.2284831	0.713849	0.286151	1.577397
17412	-77.28369	-238.6006	161.3169	0.5947938	0.3727447	0.374598	0.625402	2.169829
17418	-78.20021	-240.0223	161.8221	0.7600751	0.5075959	0.456364	0.543636	1.541298
17424	-79.70086	-241.4581	161.7573	1.362505	0.5702926	0.42525	0.57475	1.013867
17430	-72.86188	-233.8123	160.9504	1.271058	1.296571	0.277696	0.722304	1.115679
17436	-78.75152	-239.7589	161.0074	1.482974	1.102538	0.342067	0.657933	1.022115
17442	-84.09427	-245.8534	161.7591	1.362528	0.7797668	0.386323	0.613677	0.6502708
17448	-85.10801	-246.9366	161.8286	0.9738093	0.8166312	0.461541	0.538459	1.00654
17454	-79.85563	-240.9244	161.0687	1.303793	1.331046	0.602706	0.397294	0.941025
17460	-85.39714	-246.0668	160.6697	0.5649706	0.389975	0.723517	0.276483	2.577215
17466	-79.90268	-242.0333	162.1307	0.6851858	0.2891814	0.685012	0.314988	1.681989
17472	-69.05156	-231.6248	162.5733	0.3156226	0.1401606	0.718674	0.281326	1.931695
17478	-63.09634	-225.583	162.4866	0.584339	0.2386619	0.493423	0.506577	1.590329
17484	-64.31528	-225.0945	160.7793	0.6642006	0.8436053	0.514608	0.485392	2.01844
17490	-58.82727	-219.9713	161.1441	0.1966498	0.4327143	0.527082	0.472918	2.4606
17496	-67.87315	-230.4111	162.538	0.4900215	0.2672717	0.613088	0.386912	1.567434
17502	-90.3213	-251.9564	161.6351	0.7774139	0.5415547	0.671096	0.328904	1.625625
17508	-75.20252	-236.3438	161.1412	0.7774139	1.178314	0.417479	0.582521	1.44772
17514	-75.53058	-235.8465	160.316	0.6706796	0.7216155	0.497788	0.502212	2.408416
17520	-67.79808	-227.4989	159.7008	0.5384872	0.8545355	0.419725	0.580275	2.773185
17526	-69.95087	-231.3971	161.4462	0.3036894	0.8230413	0.500614	0.499386	1.827234
17532	-65.23191	-227.2352	162.0033	0.3318118	0.4663294	0.757222	0.242778	1.768307
17538	-75.15117	-236.3417	161.1905	0.07439881	0.4663294	0.335176	0.664824	2.47061
17544	-72.07884	-232.5472	160.4683	0.04067957	0.4663294	0.501291	0.498709	2.93462
17550	-63.82791	-226.2496	162.4216	0.03425795	0.4861277	0.643533	0.356467	1.659088
17556	-66.13264	-227.8765	161.7439	0.010656	1.051515	0.552797	0.447203	1.655185
17562	-64.70951	-227.3716	162.6621	0.1991806	0.1970888	0.681336	0.318664	1.82239
17568	-70.17659	-232.7556	162.579	0.4389121	0.1566381	0.447956	0.552044	1.803919
17574	-73.75267	-234.567	160.8143	0.1808794	0.971596	0.266979	0.733021	2.221665
17580	-64.95954	-226.258	161.2985	0.09457458	0.2689862	0.266979	0.733021	2.644211
17586	-76.56883	-237.716	161.1472	0.4842005	0.5340402	0.383634	0.616366	2.165438
17592	-74.06577	-235.7721	161.7064	0.3314115	0.3167348	0.386638	0.613362	2.165438
17598	-68.09863	-230.6636	162.565	1.052621	0.3499772	0.546537	0.453463	0.9008134
17604	-71.78915	-233.6132	161.824	1.017511	0.8707102	0.731774	0.268226	0.9008134
17610	-61.83181	-221.7686	159.9368	1.235585	1.893576	0.5412	0.4588	1.614312
17616	-75.58521	-236.3559	160.7707	1.154963	0.890025	0.740744	0.259256	1.651038
17622	-75.81174	-237.4302	161.6185	1.154963	0.8201521	0.330707	0.669293	1.030991
17628	-73.46386	-235.5039	162.0401	1.316747	0.5716135	0.683861	0.316139	0.7303691
17634	-84.02502	-244.4791	160.4541	1.890366	1.700809	0.472476	0.527524	0.5641483
17640	-79.81199	-239.5732	159.7612	1.890366	3.040977	0.589183	0.410817	0.501877
17646	-72.68215	-233.57	160.8879	1.890366	1.106716	0.904237	0.0957634	0.3752917
17652	-68.63291	-230.3872	161.7543	1.598907	0.5879443	0.381426	0.618574	0.3450329
17658	-72.40809	-234.1053	161.6972	1.598907	0.5324976	0.545406	0.454594	0.2452699
17664	-69.41806	-231.2827	161.8647	1.598907	0.5448654	0.517935	0.482065	0.5947022
17670	-79.16122	-241.7369	162.5756	1.550721	0.2269941	0.853578	0.146422	0.4968537
17676	-62.97396	-224.7781	161.8041	1.550721	0.5908298	0.511779	0.488221	0.35176
17682	-65.96157	-228.3879	162.4263	1.550721	0.2848615	0.608319	0.391681	0.5030447
17688	-65.52892	-227.3339	161.805	1.729457	0.4967633	0.389758	0.610242	0.6135241
17694	-63.84326	-226.0504	162.2071	1.225992	0.5604099	0.929013	0.0709866	0.6135241
17700	-73.09567	-235.6304	162.5347	1.177011	0.3991766	0.562508	0.437492	0.605728
17706	-66.53299	-229.0244	162.4914	1.232919	0.2971667	0.61877	0.38123	0.9125659
17712	-74.15987	-236.9831	162.8232	1.232919	0.2054464	0.694895	0.305105	0.8024164
17718	-69.98637	-232.2098	162.2235	1.151685	0.4495938	0.635255	0.364745	0.9548965
17724	-65.47457	-228.4669	162.9923	0.802221	0.1922658	0.596709	0.403291	1.119452
17730	-70.90393	-233.5788	162.6749	0.8014814	0.1999956	0.581945	0.418055	1.366563
17736	-79.0211	-241.8178	162.7967	1.104851	0.2889095	0.75379	0.24621	0.7038694
17742	-84.26567	-245.8788	161.6132	1.104851	0.4940884	0.778181	0.221819	1.456103
17748	-97.49536	-259.0787	161.5834	0.4450662	0.7773126	0.492717	0.507283	1.669948
17754	-92.46379	-254.1793	161.7155	1.725681	0.5688766	0.593991	0.406009	0.4726692
17760	-79.76563	-241.8087	162.0431	1.725681	0.3793104	0.357467	0.642533	0.4726692
17766	-70.24851	-232.7808	162.5323	1.339192	0.327526	0.600116	0.399884	0.5632359
17772	-62.93004	-224.6395	161.7095	0.8417388	0.5786238	0.612348	0.387652	1.481568
17778	-65.24541	-227.1841	161.9387	0.6048963	0.4320275	0.462798	0.537202	1.664322
17784	-70.3236	-231.9727	161.6491	0.8948106	0.4992371	0.310269	0.689731	1.579569
17790	-67.58781	-229.3571	161.7693	1.155154	0.6406165	0.46821	0.53179	1.102673
17796	-72.32072	-233.5174	161.1967	1.155154	1.315164	0.231906	0.768094	0.9760838
17802	-79.61583	-238.0072	158.3914	0.8399024	2.508945	0.58786	0.41214	2.667986
17808	-78.17471	-240.2028	162.0281	0.6995477	0.4976004	0.58786	0.41214	1.444305
17814	-62.68963	-224.0651	161.3755	0.494094	0.5019203	0.579456	0.420544	2.043228
17820	-70.55469	-231.4281	160.8734	0.6349911	0.7569546	0.596971	0.403029	2.043228
17826	-71.54434	-232.6066	161.0623	0.7091105	0.7569546	0.308813	0.691187	1.866511
17832	-68.79719	-230.5682	161.7711	0.4366957	0.3200881	0.349244	0.650756	2.049069
17838	-65.40224	-226.9201	161.5179	0.428699	0.6750699	0.759082	0.240918	1.818241
17844	-64.5263	-225.7555	161.2292	0.3191183	0.2418529	0.759082	0.240918	2.591538
17850	-74.16684	-235.6635	161.4967	0.1966883	0.5152354	0.199668	0.800332	2.144657
17856	-67.07751	-229.3875	162.31	0.4222275	0.370989	0.275411	0.724589	1.613105
17862	-67.67028	-228.8359	161.1656	0.472022	0.3677429	0.80304	0.19696	2.352284
17868	-70.04212	-231.0547	161.0126	0.26479	0.5750523	0.268318	0.731682	2.352284
17874	-60.64273	-221.8616	161.2189	0.3167866	0.4200496	0.72602	0.27398	2.352284
17880	-74.16183	-236.0754	161.9135	0.4214312	0.6603123	0.70791	0.29209	1.556151
17886	-82.60587	-245.4751	162.8693	0.4905916	0.2711613	0.282033	0.717967	1.30504
17892	-69.29678	-231.9132	162.6164	0.4891564	0.2684177	0.661067	0.338933	1.507826
17898	-68.33113	-229.6084	161.2772	0.6598015	0.2766869	0.568715	0.431285	2.291004
17904	-69.91274	-233.2462	163.3335	0.5311425	0.08950455	0.772447	0.227553	1.375577
17910	-81.03783	-243.6684	162.6305	0.6656793	0.2613045	0.857268	0.142732	1.375577
17916	-83.27193	-245.2396	161.9677	1.181717	0.4352664	0.554469	0.445531	1.191192
17922	-72.84383	-235.9791	163.1353	1.124967	0.1734796	0.34065	0.65935	0.6236705
17928	-72.44864	-233.8439	161.3952	1.403191	0.8245827	0.524587	0.475413	1.001376
17934	-68.21271	-229.3387	161.126	1.403191	1.083472	0.558396	0.441604	1.001376
17940	-70.60635	-233.8735	163.2672	0.9438279	0.1540432	0.507882	0.492118	0.8139013
17946	-71.84517	-234.1889	162.3437	0.5990479	0.3584616	0.476953	0.523047	1.476388
17952	-75.24137	-236.9632	161.7219	0.9828814	0.5306224	0.829667	0.170333	1.420738
17958	-75.3427	-238.3408	162.9981	0.8480903	0.1980298	0.802493	0.197507	1.055437
17964	-66.04655	-229.0091	162.9626	0.703395	0.2299837	0.236919	0.763081	1.136751
17970	-67.27506	-228.1698	160.8947	0.5406087	0.3545808	0.631821	0.368179	2.496836
17976	-67.33797	-229.2118	161.8739	0.3737562	0.4497617	0.468054	0.531946	1.848868
17982	-77.53738	-240.0941	162.5567	0.8899304	0.1826633	0.411611	0.588389	1.43106
17988	-71.57999	-234.318	162.738	0.2264212	0.3116212	0.372452	0.627548	1.536261
17994	-80.62028	-242.8641	162.2438	0.6407387	0.1755583	0.493685	0.506315	1.852491
18000	-70.66265	-232.3571	161.6945	0.8618144	0.5071906	0.564853	0.435147	1.560877
18006	-70.66191	-233.3605	162.6986	0.9768639	0.280084	0.525761	0.474239	1.006255
18012	-72.51506	-235.5762	163.0611	0.7359259	0.1268452	0.298754	0.701246	1.307069
18018	-68.32759	-229.3221	160.9945	0.3902254	0.5968127	0.373492	0.626508	2.263253
18024	-75.33586	-236.844	161.5081	0.4719484	0.2768052	0.489874	0.510126	2.263253
18030	-75.03563	-236.321	161.2854	0.3240283	0.5164921	0.499844	0.500156	2.197885
18036	-77.88443	-239.9673	162.0829	0.6004554	0.4638792	0.337622	0.662378	1.520983
18042	-85.19077	-247.2443	162.0535	0.7517697	0.599285	0.526423	0.473577	1.257222
18048	-75.66561	-238.0057	162.3401	0.7679591	0.2697371	0.683585	0.316415	1.503481
18054	-74.63493	-236.3358	161.7008	0.665635	0.5054428	0.650599	0.349401	1.699887
18060	-78.84235	-240.4788	161.6365	1.034984	0.5831092	0.607885	0.392115	1.384055
18066	-78.7191	-239.9271	161.208	1.192648	1.176685	0.73816	0.26184	1.043965
18072	-75.91033	-237.2932	161.3828	1.303234	1.059444	0.653784	0.346216	0.8557891
18078	-78.80572	-240.5223	161.7165	0.6930899	0.6449134	0.768709	0.231291	1.516446
18084	-76.77735	-239.1604	162.3831	0.3072324	0.2253014	0.44817	0.55183	1.883547
18090	-85.51422	-248.448	162.9338	0.8310682	0.1203569	0.628591	0.371409	1.352983
18096	-70.90355	-233.3468	162.4432	0.8608557	0.3101676	0.479408	0.520592	1.27481
18102	-62.0709	-224.9489	162.878	0.8608557	0.27972	0.488334	0.511666	0.9420289
18108	-66.60369	-228.6955	162.0918	0.9776104	0.5287835	0.359796	0.640204	1.121749
18114	-67.95104	-230.8547	162.9036	1.045413	0.2555227	0.500685	0.499315	0.7597371
18120	-67.22459	-228.8287	161.6041	1.293677	0.7064032	0.324039	0.675961	1.045214
18126	-75.54947	-237.3418	161.7924	1.008638	0.7064032	0.52853	0.47147	1.134702
18132	-76.55724	-238.0718	161.5146	0.7196384	0.2547416	0.425037	0.574963	2.134688
18138	-70.87793	-233.5933	162.7154	0.4359499	0.2547416	0.688835	0.311165	1.499564
18144	-67.37076	-229.0086	161.6378	0.1677546	0.5342107	0.511881	0.488119	2.051105
18150	-62.93827	-224.6308	161.6925	0.3882006	0.2783143	0.585779	0.414221	2.19602
18156	-68.105	-229.3688	161.2639	0.8342996	0.7348815	0.630478	0.369522	1.657425
18162	-73.69742	-235.5598	161.8624	0.2288685	0.2118445	0.501722	0.498278	2.302614
18168	-66.06936	-227.5204	161.4511	0.2439851	0.7455113	0.665229	0.334771	1.927928
18174	-72.3438	-234.1731	161.8293	0.6017749	0.3884284	0.792719	0.207281	1.801462
18180	-74.1075	-235.2225	161.115	0.4728748	0.5976922	0.257333	0.742667	2.1309
18186	-71.2574	-233.5969	162.3395	0.7410674	0.2564155	0.366394	0.633606	1.549015
18192	-68.81062	-230.1596	161.3489	0.8267726	0.7935369	0.500406	0.499594	1.549015
18198	-70.62671	-232.8266	162.1999	0.8716759	0.3215277	0.614854	0.385146	1.438761
18204	-73.4215	-235.5996	162.1781	1.32383	0.3250678	0.730467	0.269533	1.072934
18210	-81.243	-243.2095	161.9665	0.318097	0.4835259	0.241377	0.758623	1.782906
18216	-79.64086	-242.1397	162.4989	0.536031	0.4036403	0.662466	0.337534	1.334933
18222	-62.6123	-224.1003	161.488	0.9459112	0.7106842	0.640373	0.359627	1.431747
18228	-66.46232	-228.3219	161.8596	0.8733752	0.780231	0.494738	0.505262	1.113069
18234	-71.56042	-233.441	161.8806	0.8733752	0.780231	0.311095	0.688905	1.093936
18240	-82.55165	-244.5232	161.9715	0.3829728	0.2783943	0.667615	0.332385	2.016317
18246	-83.0845	-244.0977	161.0132	0.6087418	0.3630782	0.434883	0.565117	2.368294
18252	-75.93984	-237.2879	161.348	0.6824854	0.3330953	0.469823	0.530177	2.146578
18258	-75.86791	-237.6963	161.8284	0.9217738	0.3276423	0.231665	0.768335	1.666007
18264	-69.7286	-232.0173	162.2886	0.812009	0.3753914	0.294071	0.705929	1.326684
18270	-68.50325	-230.0594	161.5562	0.4908982	0.2754535	0.582546	0.417454	2.222274
18276	-63.88393	-225.3291	161.4452	0.4154363	0.2889088	0.433039	0.566961	2.320908
18282	-80.96896	-243.0046	162.0356	0.533879	0.4210112	0.414711	0.585289	1.660303
18288	-73.52932	-235.4951	161.9657	0.1799099	0.4210112	0.784404	0.215596	1.95355
18294	-82.28458	-242.6984	160.4138	0.4659368	0.2170987	0.492241	0.507759	3.039654
18300	-78.42986	-238.8643	160.4344	0.5234675	0.4689468	0.654652	0.345348	2.658524
18306	-71.63825	-234.0203	162.3821	0.5234675	0.3649242	0.306018	0.693982	1.494396
18312	-79.37	-240.4896	161.1196	0.2465292	0.4147531	0.416438	0.583562	2.465565
18318	-80.68196	-242.0576	161.3756	0.1260498	0.3467885	0.824975	0.175025	2.465565
18324	-81.90249	-242.4422	160.5397	0.3484351	0.390375	0.595834	0.404166	2.78972
18330	-83.27757	-245.0608	161.7832	0.1051652	0.2481169	0.31617	0.68383	2.368128
18336	-72.28476	-233.6496	161.3648	0.1051652	0.587272	0.56923	0.43077	2.217369
18342	-78.35053	-240.271	161.9205	0.1732205	0.5788985	0.704499	0.295501	1.810329
18348	-88.69185	-250.6293	161.9374	0.1715515	0.5922195	0.440239	0.559761	1.786104
18354	-84.23391	-246.0833	161.8494	0.6714494	0.5922195	0.712937	0.287063	1.489309
18360	-77.91494	-240.5714	162.6565	0.5050246	0.2931676	0.593718	0.406282	1.419629
18366	-78.57528	-240.6042	162.029	0.3819036	0.2931676	0.559	0.441	1.954931
18372	-78.36912	-239.2838	160.9147	0.8067482	0.6595775	0.438223	0.561777	1.985186
18378	-76.60488	-238.3493	161.7444	0.2057531	0.4350347	0.58463	0.41537	2.066473
18384	-72.00753	-234.3691	162.3616	0.2603955	0.2358712	0.503698	0.496302	1.910233
18390	-74.23336	-235.3453	161.112	0.9150833	0.5273172	0.582662	0.417338	1.910233
18396	-79.62031	-241.0116	161.3913	0.8682011	0.5048031	0.741113	0.258887	1.775722
18402	-69.67916	-231.6175	161.9384	0.86721	0.377658	0.786564	0.213436	1.549603
18408	-72.58283	-235.2911	162.7083	1.015423	0.3200436	0.565538	0.434462	0.8528854
18414	-72.49737	-233.5824	161.085	1.492233	1.077901	0.511706	0.488294	0.957664
18420	-74.02464	-235.5362	161.5115	0.7607698	0.5146141	0.586427	0.413573	1.755615
18426	-64.75947	-224.5029	159.7434	0.5482458	0.7518906	0.92244	0.0775603	2.814897
18432	-69.75778	-231.4716	161.7138	0.9408002	0.3160042	0.35188	0.64812	1.751891
18438	-68.88934	-230.1913	161.3019	0.6755998	0.4689297	0.74037	0.25963	2.008508
18444	-70.25397	-232.372	162.118	0.3775226	0.228582	0.718129	0.281871	2.008508
18450	-75.18416	-236.1489	160.9647	0.2669882	0.4650636	0.714274	0.285726	2.492764
18456	-71.14237	-231.5289	160.3865	0.3568029	0.7429047	0.795387	0.204613	2.54407
18462	-75.90302	-237.9889	162.0859	0.6686365	0.2685279	0.479693	0.520307	1.760716
18468	-75.43236	-236.01	160.5776	0.7975509	1.180336	0.838666	0.161334	1.837893
18474	-72.23509	-234.7435	162.5085	1.339116	0.3403814	0.72878	0.27122	0.5420371
18480	-81.67458	-242.3477	160.6731	1.668343	1.650087	0.356073	0.643927	0.6649031
18486	-81.76692	-242.8419	161.075	1.409398	1.437018	0.495804	0.504196	0.6847504
18492	-84.1858	-245.0514	160.8656	0.6506816	0.6702026	0.700366	0.299634	2.11138
18498	-74.51297	-236.1786	161.6656	0.5687051	0.2520071	0.562046	0.437954	2.139276
18504	-74.72829	-236.2076	161.4793	0.9952071	0.6660323	0.800279	0.199721	1.445699
18510	-75.96142	-237.719	161.7575	0.04678509	0.3095992	0.499472	0.500528	2.326009
18516	-75.07232	-235.3348	160.2625	0.07315386	0.3742814	0.499472	0.500528	3.141273
18522	-78.15623	-239.3679	161.2116	0.02990509	0.4667959	0.423074	0.576926	2.484743
18528	-69.44637	-230.8095	161.3631	0.09693881	0.7366833	0.555349	0.444651	2.091696
18534	-64.94712	-226.4189	161.4718	0.143969	0.3001419	0.410764	0.589236	2.459011
18540	-68.66741	-229.7552	161.0878	0.1695662	0.5591108	0.840355	0.159645	2.380266
18546	-71.00457	-232.3473	161.3427	0.5843788	0.6988365	0.621223	0.378777	1.810062
18552	-73.67998	-235.2933	161.6134	0.09130674	0.2568876	0.790651	0.209349	2.469573
18558	-70.51586	-231.4522	160.9363	0.4190526	0.6577708	0.372674	0.627326	2.226877
18564	-66.81275	-228.0328	161.2201	0.3358954	0.2634235	0.34433	0.65567	2.551995
18570	-74.41702	-235.731	161.314	0.1678014	0.7808784	0.779371	0.220629	2.041599
18576	-71.9333	-233.4265	161.4932	0.2288033	0.5697477	0.822063	0.177937	2.07006
18582	-76.07362	-236.1775	160.1039	1.377378	2.087285	0.796787	0.203213	1.291133
18588	-67.10379	-229.4357	162.3319	0.5383259	0.3682399	0.554419	0.445581	1.51574
18594	-75.77737	-236.2718	160.4944	1.007574	1.594825	0.628597	0.371403	1.51574
18600	-77.06959	-238.5017	161.4321	1.007574	0.9131601	0.542299	0.457701	1.237281
18606	-87.35824	-248.3729	161.0146	1.738681	1.159302	0.64175	0.35825	0.5902385
18612	-76.23096	-238.09	161.859	1.138801	0.8913578	0.809303	0.190697	0.6418181
18618	-69.45398	-231.3021	161.8482	1.366328	0.7312299	0.411137	0.588863	0.5500849
18624	-74.47817	-236.3187	161.8405	1.366328	0.6688949	0.726149	0.273851	0.7484294
18630	-70.16627	-232.8533	162.687	1.097407	0.3093327	0.801384	0.198616	0.80693
18636	-73.56612	-235.9244	162.3583	1.322692	0.2860113	0.649474	0.350526	0.9863054
18642	-71.4434	-232.6728	161.2294	0.9499687	0.785531	0.643372	0.356628	1.55336
18648	-82.03418	-243.0216	160.9874	0.4624582	0.6079952	0.643372	0.356628	2.210843
18654	-78.11335	-240.8541	162.7408	0.5489645	0.2480509	0.190887	0.809113	1.40733
18660	-83.81948	-246.4366	162.6171	1.317758	0.2547897	0.712113	0.287887	0.7825261
18666	-79.00062	-241.0963	162.0957	1.210136	0.49557	0.764269	0.235731	0.9445543
18672	-85.67691	-247.528	161.851	1.283838	0.7213479	0.541718	0.458282	0.7534167
18678	-80.32814	-242.2793	161.9512	0.7810066	0.7309921	0.649722	0.350278	1.167761
18684	-78.54637	-240.6158	162.0694	0.7344344	0.459013	0.60182	0.39818	1.436332
18690	-76.34321	-237.7954	161.4522	0.4261577	0.4703113	0.26901	0.73099	2.072624
18696	-77.28015	-239.3321	162.052	0.6442411	0.2989943	0.505873	0.494127	1.750068
18702	-75.72745	-238.0489	162.3214	0.7431615	0.4004515	0.368021	0.631979	1.316039
18708	-73.81469	-235.6337	161.819	0.5344299	0.3249661	0.763421	0.236579	1.944665
18714	-72.93487	-235.4066	162.4717	0.2546187	0.1975784	0.598617	0.401383	1.913525
18720	-83.77307	-246.0724	162.2993	0.6652747	0.2372994	0.853841	0.146159	1.669708
18726	-82.45344	-244.9071	162.4536	0.7822652	0.2972419	0.708776	0.291224	1.353945
18732	-83.75326	-246.1541	162.4009	0.5479487	0.574081	0.902425	0.0975747	1.166709
18738	-73.04462	-234.9921	161.9474	0.5455319	0.7205893	0.387084	0.612916	1.376025
18744	-72.71816	-234.992	162.2739	0.9351096	0.2106474	0.608685	0.391315	1.546413
18750	-84.62869	-246.2913	161.6626	0.9351096	0.7921787	0.714732	0.285268	1.219075
18756	-80.59417	-243.5123	162.9181	0.9160205	0.3154977	0.666485	0.333515	0.7136364
18762	-86.6492	-248.2719	161.6227	1.206646	0.9935708	0.524747	0.475253	0.7514948
18768	-82.11944	-243.1501	161.0306	1.424193	1.122665	0.389692	0.610308	1.038639
18774	-82.32381	-243.8734	161.5496	1.434386	0.8513327	0.562973	0.437027	0.7463506
18780	-79.07766	-239.0511	159.9734	1.674419	2.613314	0.422584	0.577416	0.8799169
18786	-70.78737	-232.7763	161.9889	1.589996	0.4794898	0.33999	0.66001	0.5614653
18792	-76.35405	-238.482	162.128	1.564749	0.4174576	0.642089	0.357911	0.457442
18798	-74.34322	-236.3512	162.008	1.564749	0.4870753	0.437983	0.562017	0.4874342
18804	-82.81863	-244.337	161.5183	1.142188	0.9497312	0.681573	0.318427	1.002288
18810	-75.26415	-237.2262	161.962	0.927263	0.594255	0.413984	0.586016	1.192428
18816	-76.05863	-237.7894	161.7308	0.610666	0.248329	0.385629	0.614371	2.075323
18822	-85.58221	-247.7549	162.1727	0.5148191	0.248329	0.35028	0.64972	1.842917
18828	-69.70555	-230.8216	161.1161	0.3756959	0.6854806	0.50326	0.49674	2.114122
18834	-66.79675	-227.9132	161.1165	0.5160054	0.2572613	0.807781	0.192219	2.514125
18840	-87.81676	-249.4204	161.6036	0.08288363	0.408162	0.691335	0.308665	2.270349
18846	-71.70515	-233.2704	161.5652	0.01951957	0.2021511	0.465975	0.534025	2.638044
18852	-70.60262	-233.3859	162.7833	0.02375671	0.2021511	0.352302	0.647698	1.849261
18858	-60.78882	-222.57	161.7812	0.02548474	0.3036072	0.32571	0.67429	2.333276
18864	-64.69372	-225.8143	161.1206	0.07573366	0.9688412	0.464665	0.535335	2.092567
18870	-61.79857	-223.7164	161.9178	0.1988627	0.3931731	0.720857	0.279143	2.008373
18876	-74.84113	-236.8709	162.0298	0.07728746	0.5223331	0.720857	0.279143	1.861237
18882	-70.33222	-232.6859	162.3537	0.1456231	0.2741724	0.606488	0.393512	1.926258
18888	-74.15625	-234.7664	160.6101	0.3197227	0.5456188	0.337221	0.662779	2.598244
18894	-66.63274	-228.8135	162.1808	0.2027018	0.2946218	0.76081	0.23919	1.970981
18900	-63.23223	-225.5552	162.323	0.2723139	0.3456294	0.631501	0.368499	1.748042
18906	-65.6401	-227.3304	161.6903	0.2739943	0.2796328	0.40229	0.59771	2.268922
18912	-70.17835	-232.0297	161.8514	1.199732	0.7867425	0.594926	0.405074	0.7580444
18918	-79.07629	-241.3914	162.3152	1.719913	0.2564044	0.270024	0.729976	0.5843151
18924	-80.14628	-241.7566	161.6103	1.296785	0.8108569	0.332044	0.667956	0.9036738
18930	-77.19196	-238.9377	161.7457	1.179709	0.7474721	0.496177	0.503823	0.9660256
18936	-71.10079	-233.7911	162.6903	0.9842595	0.2642274	0.642382	0.357618	1.04549
18942	-71.26656	-233.121	161.8544	0.9842595	0.3819997	0.780756	0.219244	1.518644
18948	-72.15766	-234.2454	162.0877	0.9842595	0.5966148	0.522546	0.477454	1.022466
18954	-62.41234	-225.0417	162.6294	0.9842595	0.1849383	0.673851	0.326149	1.293462
18960	-70.71337	-233.3618	162.6484	0.8328147	0.4160315	0.891858	0.108142	0.9065549
18966	-75.05524	-237.2189	162.1637	1.073436	0.4382248	0.766788	0.233212	1.108837
18972	-72.19651	-234.9519	162.7554	1.073436	0.2634549	0.500344	0.499656	0.8873238
18978	-77.83231	-239.2148	161.3825	0.9038536	0.5412085	0.506114	0.493886	1.716044
18984	-68.16211	-230.3862	162.2241	1.172006	0.2608596	0.641328	0.358672	1.296635
18990	-78.037	-239.5896	161.5526	1.172006	0.7925349	0.628975	0.371025	1.10737
18996	-80.83074	-242.0575	161.2268	0.3697706	0.3505813	0.643789	0.356211	2.400815
19002	-77.80358	-239.4653	161.6617	0.2433922	0.3505813	0.707308	0.292692	2.203696
19008	-74.44309	-233.8849	159.4418	0.08991636	0.4186271	0.82958	0.17042	3.563242
19014	-69.61833	-231.2148	161.5964	0.6016799	0.2377148	0.68628	0.31372	2.187414
19020	-80.00942	-241.3966	161.3871	0.7846405	0.4789322	0.809582	0.190418	1.866008
19026	-77.6583	-239.9848	162.3265	0.7013523	0.4666516	0.510522	0.489478	1.246968
19032	-77.63894	-238.7692	161.1303	0.2716287	0.317682	0.727245	0.272755	2.567437
19038	-74.05674	-234.7538	160.6971	0.3819574	0.2485378	0.364067	0.635933	2.868029
19044	-71.97345	-234.2376	162.2641	0.06833484	0.2697013	0.683741	0.316259	2.045169
19050	-80.06352	-241.6343	161.5708	0.1097805	0.6239703	0.836066	0.163934	2.045169
19056	-79.65521	-240.9544	161.2992	0.4705362	0.5631097	0.747581	0.252419	2.045169
19062	-71.75167	-234.0312	162.2795	0.4705362	0.1791414	0.579753	0.420247	1.936049
19068	-73.87176	-235.2838	161.412	0.6606944	0.222335	0.370141	0.629859	2.295363
19074	-71.83336	-232.8405	161.0072	0.5628685	0.3145683	0.520986	0.479014	2.466918
19080	-69.74958	-231.8452	162.0956	0.5628685	0.358734	0.69332	0.30668	1.684029
19086	-62.981	-224.3556	161.3746	0.4993889	0.8950621	0.704084	0.295916	1.684029
19092	-72.41158	-234.6553	162.2437	0.6541705	0.299774	0.45946	0.54054	1.605085
19098	-68.28367	-228.7845	160.5008	0.601861	0.7796379	0.850022	0.149978	2.289122
19104	-64.44958	-226.9106	162.461	0.8553662	0.2507123	0.697516	0.302484	1.381175
19110	-70.61126	-232.7532	162.1419	0.8553662	0.4517313	0.604908	0.395092	1.293801
19116	-70.52178	-232.6497	162.1279	0.5708902	0.6134536	0.20775	0.79225	1.327414
19122	-70.40891	-231.6367	161.2278	0.6142928	0.5030483	0.82565	0.17435	2.06016
19128	-67.17247	-229.3409	162.1684	0.2619978	0.2772994	0.877104	0.122896	1.967464
19134	-63.6565	-225.3487	161.6922	0.1759163	0.2826133	0.695746	0.304254	2.325779
19140	-71.12199	-233.3237	162.2017	0.270485	0.5440268	0.6051	0.3949	1.579404
19146	-75.16825	-237.3342	162.1659	0.7411357	0.409839	0.377562	0.622438	1.425912
19152	-80.92163	-240.4528	159.5312	0.9932828	1.788651	0.241084	0.758916	2.103492
19158	-85.61794	-248.2549	162.6369	0.9001605	0.3908729	0.295973	0.704027	0.8979544
19164	-75.12137	-238.0872	162.9658	1.051967	0.1711006	0.27524	0.72476	0.9691292
19170	-77.17557	-238.9919	161.8163	1.051967	0.5736448	0.747642	0.252358	1.236237
19176	-83.66994	-246.9615	163.2916	0.6098529	0.2434028	0.413604	0.586396	0.8632769
19182	-73.51084	-236.7022	163.1914	1.11374	0.1613775	0.234622	0.765378	0.6107346
19188	-70.51668	-234.0044	163.4878	1.126031	0.08187246	0.516577	0.483423	0.618563
19194	-68.99752	-230.9604	161.9629	1.126031	0.5408185	0.462152	0.537848	1.086556
19200	-60.48713	-222.1821	161.695	1.430012	0.776143	0.778294	0.221706	0.6524723
19206	-62.78349	-225.3697	162.5862	1.548848	0.2228865	0.481695	0.518305	0.463686
19212	-66.62508	-229.4247	162.7996	1.074058	0.3100673	0.500009	0.499991	0.6639821
19218	-71.25226	-233.5193	162.2671	1.259271	0.4884959	0.687566	0.312434	0.6639821
19224	-73.19404	-235.4612	162.2671	1.2104	0.4273077	0.603044	0.396956	0.8869963
19230	-80.77013	-243.4127	162.6426	0.6718957	0.4093248	0.878965	0.121035	1.087005
19236	-69.79514	-231.9647	162.1696	0.5924941	0.2574806	0.672088	0.327912	1.774958
19242	-69.43839	-232.3371	162.8987	0.3420306	0.1384686	0.768884	0.231116	1.692892
19248	-68.43769	-230.71	162.2723	0.7800548	0.2843389	0.546818	0.453182	1.518373
19254	-77.42273	-238.1367	160.7139	0.3261723	0.5186695	0.530548	0.469452	2.556307
19260	-68.09316	-229.2678	161.1747	0.2737368	0.2918005	0.3771	0.6229	2.575657
19266	-66.48631	-228.4715	161.9852	0.6370983	0.3656516	0.517983	0.482017	1.699593
19272	-63.35547	-222.6869	159.3314	0.4928449	0.9643466	0.662808	0.337192	2.953154
19278	-59.39076	-221.0313	161.6405	0.46434	0.2287215	0.626693	0.373307	2.263385
19284	-71.38812	-232.1958	160.8077	0.1639949	0.6093152	0.216492	0.783508	2.513076
19290	-76.42268	-237.958	161.5353	0.5061799	0.6093152	0.792594	0.207406	1.815594
19296	-65.47785	-227.9789	162.501	0.4786413	0.1271805	0.577452	0.422548	1.902931
19302	-76.80841	-239.4408	162.6324	0.09621487	0.2020627	0.810504	0.189496	1.902931
19308	-61.89223	-223.9258	162.0336	0.4099807	0.3122964	0.478903	0.521097	1.902931
19314	-63.17725	-225.0333	161.856	0.7185215	0.2086123	0.296384	0.703616	1.993576
19320	-72.59681	-234.1742	161.5774	0.6718322	0.3549707	0.848518	0.151482	1.971357
19326	-61.33456	-223.4326	162.0981	0.7797849	0.1952047	0.533171	0.466829	1.814905
19332	-64.01303	-226.6385	162.6255	0.2820424	0.4427875	0.697392	0.302608	1.378293
19338	-73.33164	-235.1697	161.838	0.8908882	0.2405727	0.786543	0.213457	1.828588
19344	-72.00695	-233.8825	161.8756	0.8728837	0.87237	0.492395	0.507605	0.997299
19350	-74.97446	-236.8729	161.8985	0.8837257	0.4509769	0.74986	0.25014	1.463685
19356	-81.74652	-243.1522	161.4057	0.5199189	0.4805992	0.484464	0.515536	2.029748
19362	-71.26119	-232.2164	160.9552	0.12241	0.3143199	0.621761	0.378239	2.771628
19368	-64.31466	-224.7481	160.4334	0.07573712	0.3892735	0.639023	0.360977	3.019922
19374	-58.97197	-220.5212	161.5493	0.03601554	0.3892735	0.602911	0.397089	2.358185
19380	-66.90164	-227.4877	160.5861	0.0139987	0.5013123	0.645991	0.354009	2.84375
19386	-66.39041	-226.9276	160.5372	0.06179697	0.5019603	0.45383	0.54617	2.84375
19392	-75.62191	-236.9957	161.3737	0.02105874	0.5019603	0.690814	0.309186	2.35065
19398	-67.83433	-228.6816	160.8473	0.001840328	0.3252346	0.548923	0.451077	2.895556
19404	-64.04469	-226.3707	162.326	0.0189243	0.3590005	0.738666	0.261334	1.901188
19410	-70.83795	-232.3967	161.5588	0.01725832	0.2350267	0.465754	0.534246	2.585747
19416	-66.03169	-227.4557	161.424	0.3148298	0.297197	0.452381	0.547619	2.385807
19422	-69.41934	-229.2791	159.8598	0.5640272	0.7672479	0.569153	0.430847	2.722799
19428	-64.8943	-227.2502	162.3559	1.096616	0.4830611	0.585432	0.414568	0.796365
19434	-68.9016	-231.3943	162.4927	1.069797	0.2659035	0.645948	0.354052	1.144824
19440	-57.73928	-220.1243	162.385	1.069797	0.4540783	0.795208	0.204792	0.8569732
19446	-60.98045	-223.3052	162.3247	1.069797	0.2756788	0.796785	0.203215	1.267568
19452	-68.20651	-230.6048	162.3983	0.832391	0.2891248	0.886275	0.113725	1.373219
19458	-70.40414	-232.1327	161.7285	0.4046341	0.1859753	0.38067	0.61933	2.32534
19464	-68.13073	-229.9109	161.7802	0.235824	0.2258032	0.399578	0.600422	2.32534
19470	-64.85799	-226.0132	161.1552	0.1058582	0.2510572	0.518724	0.481276	2.753328
19476	-63.04417	-225.2009	162.1567	0.2387473	0.4633387	0.518724	0.481276	1.729652
19482	-59.44916	-222.465	163.0159	0.6475944	0.2648528	0.717095	0.282905	1.054581
19488	-57.81875	-219.5919	161.7731	1.036119	0.7692581	0.604136	0.395864	1.054581
19494	-67.83824	-228.755	160.9167	0.7367587	0.9084527	0.824227	0.175773	1.828096
19500	-68.35005	-230.933	162.583	1.054669	0.2793805	0.588254	0.411746	1.044851
19506	-66.49696	-228.7403	162.2433	0.9910896	0.4877481	0.333508	0.666492	1.030225
19512	-76.99974	-238.4012	161.4015	1.161592	0.9824544	0.670943	0.329057	1.064145
19518	-81.59364	-244.3673	162.7737	0.8494103	0.2947087	0.588741	0.411259	1.02337
19524	-92.94458	-254.297	161.3524	1.052348	0.6991066	0.650209	0.349791	1.465435
19530	-73.37587	-236.0438	162.6679	1.010447	0.2849917	0.646599	0.353401	0.9914995
19536	-74.61204	-237.1541	162.542	0.9062465	0.2950182	0.473612	0.526388	1.182828
19542	-78.09062	-238.8866	160.796	0.4338854	0.8782615	0.356349	0.643651	2.133592
19548	-87.14207	-248.5292	161.3871	0.4760756	0.4266807	0.676892	0.323108	2.133592
19554	-89.66487	-251.9549	162.29	0.6418165	0.3569626	0.41384	0.58616	1.486995
19560	-84.31574	-247.0727	162.757	1.123024	0.254058	0.676187	0.323813	0.8554748
19566	-69.30535	-231.3862	162.0808	1.057235	0.4500297	0.51012	0.48988	1.178043
19572	-80.86924	-243.2256	162.3564	0.9302581	0.29189	0.891799	0.108201	1.32351
19578	-73.11425	-235.0846	161.9703	0.628977	0.2651158	0.29916	0.70084	1.873726
19584	-93.65223	-254.7775	161.1253	0.4799306	0.4784195	0.660623	0.339377	2.241355
19590	-84.86036	-245.7864	160.9261	0.2337333	0.6629034	0.305213	0.694787	2.347561
19596	-79.30361	-240.0627	160.7591	0.1102351	0.4355844	0.524348	0.475652	2.749128
19602	-82.54443	-244.1853	161.6409	0.3976152	0.4547273	0.739127	0.260873	1.984413
19608	-73.74056	-235.4471	161.7065	0.3216084	0.622263	0.412734	0.587266	1.812096
19614	-68.85853	-230.3926	161.5341	0.4507992	0.622263	0.549935	0.450065	1.84183
19620	-77.69141	-239.0709	161.3795	0.453834	0.5141511	0.475255	0.524745	2.053936
19626	-81.93899	-243.1684	161.2294	0.6039259	0.5141511	0.566422	0.433578	2.053936
19632	-78.81467	-239.2097	160.395	0.177635	0.562297	0.468273	0.531727	2.801721
19638	-69.04173	-230.9045	161.8627	0.2810238	0.4537675	0.708675	0.291325	1.914751
19644	-75.00195	-237.0002	161.9982	0.589509	0.2775278	0.225972	0.774028	1.860593
19650	-77.02836	-239.3864	162.358	0.6077377	0.1841061	0.317996	0.682004	1.777691
19656	-73.15296	-233.7944	160.6414	0.4916849	0.6125538	0.621879	0.378121	2.408853
19662	-77.50813	-239.7308	162.2227	0.06201744	0.5620823	0.522476	0.477524	1.694394
19668	-73.47238	-235.0764	161.604	0.05986644	0.1473151	0.548614	0.451386	2.698517
19674	-73.47536	-234.3601	160.8847	0.512289	1.017987	0.715368	0.284632	1.926105
19680	-81.05798	-242.654	161.596	1.087678	1.017987	0.21955	0.78045	0.9052223
19686	-74.04862	-235.9661	161.9175	1.087678	0.6106009	0.818466	0.181534	1.067142
19692	-67.20482	-228.486	161.2812	0.5260312	0.5102106	0.520828	0.479172	2.075406
19698	-78.81741	-240.5606	161.7432	0.8414942	0.132792	0.324542	0.675458	2.151152
19704	-80.53425	-242.9404	162.4062	0.8659329	0.3330852	0.294527	0.705473	1.259045
19710	-78.92099	-240.405	161.484	0.7874532	0.2045143	0.750497	0.249503	2.200533
19716	-73.85943	-234.4998	160.6404	1.194889	0.9747051	0.577873	0.422127	1.651862
19722	-79.20614	-239.425	160.2189	0.5053451	0.8769564	0.703349	0.296651	2.457896
19728	-72.57968	-234.4158	161.8361	0.9700679	0.7130807	0.666469	0.333531	1.122341
19734	-68.11856	-231.0803	162.9617	0.9191611	0.2092357	0.677093	0.322907	0.9890142
19740	-64.56523	-225.8842	161.319	0.9191611	0.9565206	0.612439	0.387561	1.364027
19746	-68.43212	-229.6704	161.2383	1.158195	1.180538	0.636529	0.363471	1.044707
19752	-75.95963	-237.8015	161.8419	1.099387	0.4315962	0.488521	0.511479	1.367697
19758	-74.37331	-236.1368	161.7635	1.607575	0.6059987	0.665522	0.334478	0.4137813
19764	-73.37876	-235.5956	162.2168	1.443751	0.4053131	0.418433	0.581567	0.347305
19770	-72.25737	-234.5517	162.2943	0.8799085	0.6495637	0.6164	0.3836	0.8289724
19776	-75.78949	-235.9641	160.1746	1.225453	1.818432	0.610919	0.389081	1.480661
19782	-65.82408	-227.4446	161.6205	1.004835	1.20075	0.539041	0.460959	0.7667282
19788	-69.70048	-230.9307	161.2302	1.400734	0.8886509	0.7374	0.2626	1.092873
19794	-70.16608	-230.7977	160.6316	1.400734	1.986088	0.777023	0.222977	0.8145006
19800	-74.12479	-236.929	162.8042	1.400734	0.1859713	0.739489	0.260511	0.6589966
19806	-77.0776	-238.7328	161.6552	1.230517	0.7917343	0.57953	0.42047	0.9512786
19812	-72.98365	-235.5309	162.5473	1.081508	0.3233377	0.502744	0.497256	0.9512786
19818	-73.84867	-236.5099	162.6612	1.205647	0.1747947	0.466083	0.533917	1.103571
19824	-75.75904	-238.4356	162.6766	0.721851	0.3502959	0.33613	0.66387	1.118067
19830	-88.35898	-250.4488	162.0898	0.9076768	0.2455725	0.568142	0.431858	1.630255
19836	-81.68522	-244.3906	162.7054	0.7480181	0.2455725	0.78154	0.21846	1.282221
19842	-80.59564	-242.11	161.5144	0.3182386	0.4346998	0.443817	0.556183	2.143955
19848	-81.47816	-241.8867	160.4085	0.4918202	0.7771477	0.739568	0.260432	2.419483
19854	-80.4907	-241.979	161.4883	0.2838704	0.7771477	0.857853	0.142147	1.849112
19860	-80.62182	-242.2827	161.6609	0.8706493	0.5293404	0.566271	0.433729	1.552798
19866	-79.02041	-241.0463	162.0259	0.4580835	0.2637413	0.341704	0.658296	1.954127
19872	-77.33962	-237.663	160.3234	0.4365846	0.7598557	0.633375	0.366625	2.520666
19878	-84.73999	-245.8759	161.1359	0.4356666	0.4844438	0.633375	0.366625	2.256452
19884	-93.98361	-254.9855	161.0019	0.5599843	0.5429657	0.404033	0.595967	2.201419
19890	-75.55643	-237.0712	161.5148	0.05166158	0.379794	0.610651	0.389349	2.382001
19896	-75.23449	-236.8788	161.6443	0.5962285	0.2959351	0.610651	0.389349	2.063975
19902	-74.12919	-236.1108	161.9816	1.137669	0.6483203	0.359437	0.640563	0.896376
19908	-86.09395	-247.7011	161.6071	1.137669	0.9933926	0.445592	0.554408	0.8630703
19914	-80.56447	-240.5428	159.9783	1.671623	2.898233	0.385335	0.614665	0.6987987
19920	-84.22334	-243.4431	159.2198	1.671623	4.177559	0.470563	0.529437	1.034345
19926	-87.52822	-247.6604	160.1322	1.577231	2.758203	0.469325	0.530675	0.7037954
19932	-83.43009	-245.6272	162.1971	1.577231	0.3772634	0.469325	0.530675	0.4940387
19938	-69.54418	-231.2832	161.739	1.577231	0.6419813	0.384032	0.615968	0.4048314
19944	-68.53606	-230.5694	162.0334	1.320879	0.5789601	0.673832	0.326168	0.7166701
19950	-81.6473	-243.7278	162.0805	1.17461	0.5354154	0.667451	0.332549	0.9298159
19956	-74.28441	-235.7353	161.4509	1.153155	0.999259	0.743495	0.256505	1.008169
19962	-80.05681	-242.2519	162.195	1.252913	0.5305177	0.934415	0.0655854	0.6830168
19968	-75.67087	-238.2165	162.5456	0.7077669	0.5305177	0.565602	0.434398	0.9399378
19974	-71.73419	-233.6678	161.9336	1.074065	0.7206977	0.565602	0.434398	0.9140462
19980	-72.60032	-233.9933	161.393	0.7467087	0.3730951	0.468232	0.531768	2.019561
19986	-75.26424	-236.9958	161.7315	0.3517702	0.4017426	0.608767	0.391233	2.019561
19992	-83.73847	-244.5801	160.8416	0.4585448	1.349942	0.527955	0.472045	1.791591
19998	-77.96261	-240.3389	162.3762	0.2968493	0.2836243	0.935464	0.0645356	1.791591
20004	-82.15968	-242.3977	160.238	0.7255644	0.6720972	0.558681	0.441319	2.463625
20010	-83.32809	-243.5226	160.1945	0.130875	0.7633935	0.676006	0.323994	2.785812
20016	-85.30956	-246.9696	161.66	0.03850979	0.4941668	0.276529	0.723471	2.163842
20022	-81.97241	-242.7628	160.7904	0.03415934	0.8331372	0.731873	0.268127	2.425798
20028	-79.25233	-241.27	162.0177	0.2974602	0.5406902	0.712857	0.287143	1.696212
20034	-78.41586	-240.0733	161.6575	0.9054064	0.3948587	0.497111	0.502889	1.700439
20040	-75.20448	-236.8808	161.6763	0.4727376	0.8679923	0.48597	0.51403	1.505262
20046	-69.27353	-230.5356	161.262	0.4285825	0.5605919	0.758575	0.241425	2.099846
20052	-65.364	-226.6468	161.2828	0.3569903	0.3691751	0.692164	0.307836	2.349055
20058	-61.74188	-223.7589	162.0171	0.854187	0.6267296	0.758425	0.241575	1.167604
20064	-66.86836	-229.2716	162.4033	0.9499582	0.1732403	0.22385	0.77615	1.524427
20070	-66.6373	-228.0841	161.4468	0.9034596	0.9941878	0.518601	0.481399	1.241871
20076	-71.34786	-234.7203	163.3725	0.05822182	0.2745621	0.789949	0.210051	1.239765
20082	-72.57451	-233.857	161.2825	0.2768592	0.2745621	0.573881	0.426119	2.532565
20088	-67.46931	-229.3098	161.8405	0.7837499	0.2796755	0.482777	0.517223	1.83193
20094	-74.82521	-236.8593	162.0341	0.5643265	0.7189432	0.801897	0.198103	1.293355
20100	-78.75131	-240.7351	161.9838	0.564792	0.5500778	0.405221	0.594779	1.516086
20106	-74.88814	-236.4729	161.5848	0.3643399	0.2935393	0.473622	0.526378	2.257276
20112	-80.70071	-242.1838	161.4831	0.2033122	0.5152924	0.603285	0.396715	2.149161
20118	-73.78939	-235.3911	161.6017	0.07859322	0.5190435	0.649486	0.350514	2.149161
20124	-88.09243	-248.7864	160.694	0.04244368	0.6550688	0.377148	0.622852	2.619339
20130	-83.66841	-245.5727	161.9043	0.03652967	0.4166604	0.746439	0.253561	2.094975
20136	-75.94917	-237.997	162.0478	0.07909733	0.4166604	0.61551	0.38449	1.971594
20142	-78.46597	-240.3685	161.9026	0.03665656	0.358382	0.224091	0.775909	2.171037
20148	-87.27158	-247.989	160.7174	0.1355287	0.5079592	0.321749	0.678251	2.682739
20154	-91.25659	-252.34	161.0834	0.8015064	0.5203234	0.908373	0.0916271	2.013158
20160	-84.75124	-245.1863	160.435	0.4557632	0.5566012	0.365785	0.634215	2.611922
20166	-83.7299	-243.4293	159.6994	0.4674817	0.6806483	0.175658	0.824342	2.945623
20172	-79.41708	-240.5642	161.1471	1.172115	1.169404	0.399744	0.600256	1.125505
20178	-79.586	-241.6868	162.1008	0.7608012	0.4777543	0.916302	0.0836977	1.366249
20184	-86.49989	-247.5108	161.0109	0.7594253	0.8587087	0.310443	0.689557	1.785078
20190	-82.95813	-243.9444	160.9863	0.7075698	0.3717722	0.890589	0.109411	2.311315
20196	-73.73036	-235.9017	162.1713	1.086573	0.2779739	0.595168	0.404832	1.373025
20202	-85.0936	-247.5956	162.502	1.373168	0.2731198	0.910312	0.0896878	0.8007131
20208	-88.40392	-249.4721	161.0682	1.428645	1.450995	0.660885	0.339115	0.6374088
20214	-88.55414	-248.3285	159.7744	1.621729	2.879822	0.787201	0.212799	1.017701
20220	-91.75438	-252.3964	160.6421	1.621729	1.373443	0.62035	0.37965	1.017701
20226	-79.56111	-240.9272	161.3661	1.668163	0.8791711	0.591939	0.408061	0.5771513
20232	-91.23698	-253.1263	161.8893	1.800866	0.4199486	0.573393	0.426607	0.471176
20238	-85.82257	-247.2612	161.4386	1.866779	0.624118	0.502629	0.497371	0.3500139
20244	-86.98667	-249.0203	162.0336	1.866779	0.3079207	0.801473	0.198527	0.4013454
20250	-88.01863	-249.4996	161.481	1.866779	0.6295418	0.257429	0.742571	0.5597701
20256	-76.45692	-237.6762	161.2192	1.783497	0.8432095	0.785954	0.214046	0.7315976
20262	-79.6701	-240.4438	160.7737	1.88776	1.161199	0.567642	0.432358	0.7649449
20268	-73.17913	-235.3622	162.183	1.195338	0.5734737	0.455607	0.544393	0.6891383
20274	-72.30468	-234.6179	162.3133	1.195338	0.4880416	0.600194	0.399806	0.698796
20280	-82.44099	-244.0121	161.5711	1.086129	0.6627405	0.525085	0.474915	1.305572
20286	-71.84376	-234.4346	162.5908	1.086129	0.3613211	0.538187	0.461813	0.7998957
20292	-72.77146	-235.4958	162.7244	0.9260023	0.3176812	0.415066	0.584934	0.9417601
20298	-72.02735	-234.0937	162.0663	1.308367	0.4960545	0.745179	0.254821	0.8667517
20304	-72.89212	-235.4909	162.5988	1.231297	0.293022	0.68257	0.31743	0.7965871
20310	-71.40613	-233.9092	162.503	1.066273	0.3612729	0.288263	0.711737	0.9280766
20316	-67.87467	-230.2225	162.3478	1.253273	0.3546879	0.723459	0.276541	0.9082042
20322	-60.68487	-223.7017	163.0169	0.9067218	0.1771428	0.370926	0.629074	1.043407
20328	-63.0196	-225.448	162.4284	0.9955786	0.3957283	0.893674	0.106326	1.0072
20334	-80.0061	-242.2256	162.2195	1.152408	0.3683895	0.710338	0.289662	1.108121
20340	-82.94852	-244.6593	161.7108	1.293405	0.8485666	0.653109	0.346891	0.7195371
20346	-85.78541	-247.1958	161.4104	1.293405	0.6598501	0.431559	0.568441	1.270759
20352	-80.54569	-243.5057	162.96	1.341547	0.1466721	0.543344	0.456656	0.7207211
20358	-78.02242	-240.2999	162.2775	1.152864	0.3742201	0.68493	0.31507	1.04246
20364	-79.53023	-241.6228	162.0926	1.41651	0.4810196	0.432771	0.567229	0.7180614
20370	-78.84668	-241.5915	162.7449	1.284302	0.2513272	0.755327	0.244673	0.6370451
20376	-81.57597	-244.003	162.427	1.238924	0.3251416	0.523321	0.476679	0.9066483
20382	-78.27514	-241.0048	162.7296	0.5877309	0.2224198	0.265567	0.734433	1.439674
20388	-72.08498	-233.8932	161.8082	0.1507682	0.320558	0.370859	0.629141	2.210971
20394	-81.70359	-242.0188	160.3153	0.2607377	1.263675	0.706875	0.293125	2.317617
20400	-69.1756	-232.0771	162.9016	0.6601138	0.311035	0.387073	0.612927	1.046216
20406	-71.48437	-233.501	162.0166	0.4623114	0.5687315	0.434056	0.565944	1.546622
20412	-80.53376	-240.4609	159.9272	0.4588272	1.511223	0.495176	0.504824	2.315468
20418	-72.71575	-234.5395	161.8238	0.6934263	0.6715162	0.670269	0.329731	1.407168
20424	-75.98177	-238.7122	162.7304	0.676952	0.2455532	0.635324	0.364676	1.319648
20430	-76.24586	-238.433	162.1872	0.8010043	0.5208724	0.371877	0.628123	1.204074
20436	-86.33219	-248.3212	161.989	1.319131	0.6458638	0.581935	0.418065	0.6166036
20442	-87.07159	-249.5697	162.4981	1.676462	0.1502264	0.559094	0.440906	0.8748734
20448	-95.64259	-257.8231	162.1805	0.3736067	0.3733616	0.851848	0.148152	1.736624
20454	-83.73085	-245.3839	161.653	0.1351891	0.6052484	0.552819	0.447181	1.991399
20460	-80.07371	-241.7981	161.7244	0.2763131	0.4703862	0.456128	0.543872	1.991399
20466	-92.4086	-251.4443	159.0357	0.431316	0.8430543	0.777129	0.222871	3.244272
20472	-80.98063	-242.2387	161.2581	0.1192364	0.5082524	0.0851968	0.914803	2.355193
20478	-74.63987	-235.4748	160.8349	0.1227146	0.5922396	0.753754	0.246246	2.53729
20484	-70.02286	-230.5138	160.4909	0.707096	0.4344688	0.38092	0.61908	2.547742
20490	-73.47623	-235.5106	162.0344	0.2872736	0.4344688	0.756309	0.243691	1.816898
20496	-66.83029	-229.3818	162.5516	0.5017917	0.283285	0.700711	0.299289	1.51952
20502	-68.25283	-230.0952	161.8424	0.7660947	0.3788759	0.842025	0.157975	1.690419
20508	-73.4213	-235.5228	162.1015	0.5356141	0.2140197	0.536875	0.463125	1.941169
20514	-76.37175	-236.9482	160.5764	0.2235378	0.5760523	0.536643	0.463357	2.649807
20520	-74.34738	-234.5682	160.2208	0.5571335	0.2687858	0.454767	0.545233	3.018166
20526	-77.31558	-238.0185	160.7029	0.5768479	0.3527704	0.454767	0.545233	2.596002
20532	-81.92833	-243.7924	161.8641	0.2288097	0.2026202	0.820403	0.179597	2.318773
20538	-76.32808	-237.4294	161.1013	0.1340939	0.1370666	0.748035	0.251965	2.981031
20544	-82.1917	-243.0059	160.8142	0.2336478	0.5178046	0.597856	0.402144	2.552365
20550	-72.06144	-234.8009	162.7395	0.4775895	0.20665	0.443419	0.556581	1.549038
20556	-70.32215	-232.4934	162.1713	0.3655264	0.2096094	0.66825	0.33175	2.016788
20562	-80.57276	-241.5797	161.0069	0.7967718	0.5689306	0.992345	0.00765497	2.016788
20568	-77.79329	-239.897	162.1037	1.043829	0.5329964	0.349382	0.650618	1.042836
20574	-89.09401	-251.5218	162.4278	1.115633	0.4649477	0.353279	0.646721	0.7068671
20580	-88.12786	-249.9209	161.7931	0.2859826	0.2959026	0.73512	0.26488	2.169743
20586	-72.64575	-234.2187	161.5729	0.2453536	0.4209787	0.594855	0.405145	2.169743
20592	-78.51315	-240.0209	161.5078	0.3286013	0.5128247	0.76762	0.23238	2.053363
20598	-74.10772	-234.6668	160.559	0.3728934	0.6769037	0.494653	0.505347	2.479412
20604	-75.47194	-237.3442	161.8722	0.4265566	0.4419728	0.381064	0.618936	1.82328
20610	-71.58566	-233.8332	162.2475	0.3403155	0.1709796	0.871794	0.128206	2.061776
20616	-71.65836	-231.578	159.9197	0.5554732	1.52897	0.417156	0.582844	2.250145
20622	-76.18048	-238.6705	162.49	1.004352	0.1938119	0.274857	0.725143	1.367084
20628	-77.3266	-239.1113	161.7847	0.949569	0.519562	0.445673	0.554327	1.411602
20634	-72.09572	-232.1167	160.021	0.1448053	0.5120278	0.383391	0.616609	3.094331
20640	-77.96905	-238.3854	160.4163	0.2929568	0.6389089	0.774235	0.225765	2.649853
20646	-65.1023	-226.9597	161.8574	0.1211152	0.7014839	0.632043	0.367957	1.77199
20652	-65.91074	-226.8967	160.9859	0.07197341	0.644776	0.54333	0.45667	2.427684
20658	-59.05383	-220.9887	161.9349	0.6681991	0.3271108	0.406691	0.593309	1.770567
20664	-71.59135	-233.3213	161.7299	0.7838373	0.1813919	0.429298	0.570702	2.088533
20670	-63.25347	-225.2918	162.0383	0.4281362	0.2886347	0.804845	0.195155	1.924745
20676	-69.37914	-231.0796	161.7004	1.391509	0.7837712	0.502972	0.497028	0.6985011
20682	-70.17	-232.2469	162.0769	1.206418	0.56505	0.804731	0.195269	0.8449092
20688	-70.26071	-232.9306	162.6699	1.206418	0.3229429	0.396401	0.603599	0.5840634
20694	-71.43239	-233.4655	162.0331	1.206418	0.6093157	0.407461	0.592539	0.817814
20700	-70.81902	-232.5027	161.6837	0.6396429	0.6093157	0.479043	0.520957	1.616673
20706	-71.06498	-232.857	161.792	0.4139206	0.5932137	0.475709	0.524291	1.717195
20712	-74.77858	-236.3734	161.5948	0.4707719	0.4620903	0.652753	0.347247	1.957573
20718	-80.51837	-242.9553	162.4369	1.036649	0.5425075	0.651444	0.348556	0.5726678
20724	-75.77426	-238.1821	162.4078	1.036649	0.5110912	0.381091	0.618909	0.7413648
20730	-72.98209	-235.6132	162.6312	0.540467	0.4505997	0.586462	0.413538	1.147726
20736	-73.1112	-236.5169	163.4057	0.0884292	0.2925571	0.446083	0.553917	1.147726
20742	-68.41538	-230.1266	161.7112	0.1213569	0.3459941	0.544524	0.455476	2.256712
20748	-92.45267	-254.4441	161.9915	0.3540617	0.4093695	0.120442	0.879558	1.832588
20754	-73.25849	-235.306	162.0475	0.152159	0.2542952	0.555914	0.444086	2.15798
20760	-75.30122	-236.4105	161.1093	0.3930461	0.8298869	0.334491	0.665509	1.989625
20766	-79.46638	-240.9775	161.5111	0.4789749	0.6041642	0.678243	0.321757	1.856055
20772	-81.79707	-244.0939	162.2968	0.06075346	0.5166162	0.445953	0.554047	1.693294
20778	-63.81365	-225.4184	161.6047	0.1108946	0.3193699	0.582818	0.417182	2.368335
20784	-70.2389	-232.2101	161.9712	0.4104795	0.3193699	0.508184	0.491816	1.934028
20790	-74.95559	-237.2098	162.2542	0.5580299	0.4906147	0.197687	0.802313	1.387924
20796	-79.13944	-241.7167	162.5773	0.6347231	0.2314462	0.676577	0.323423	1.500568
20802	-71.42832	-233.8754	162.4471	1.085795	0.1907315	0.694654	0.305346	1.344016
20808	-77.76632	-238.6452	160.8789	0.9051869	0.1248833	0.803426	0.196574	2.675519
20814	-73.4257	-235.3498	161.9241	0.3049464	0.1767497	0.699655	0.300345	2.282762
20820	-81.27327	-242.2879	161.0147	0.1225514	0.4258765	0.331058	0.668942	2.595286
20826	-71.65097	-233.6695	162.0185	0.3856958	0.4258765	0.630254	0.369746	1.770574
20832	-68.24357	-230.1985	161.9549	0.8221689	0.3776263	0.625493	0.374507	1.570619
20838	-69.1938	-231.5986	162.4048	0.2837197	0.2817184	0.712332	0.287668	1.784114
20844	-70.34646	-232.5641	162.2176	0.1890839	0.39042	0.860786	0.139214	1.815636
20850	-69.03857	-231.2025	162.1639	0.8652948	0.3595854	0.680071	0.319929	1.408405
20856	-62.99687	-225.2023	162.2054	0.4902769	0.4532732	0.637431	0.362569	1.525628
20862	-71.91202	-233.8299	161.9178	0.2894658	0.2948797	0.372584	0.627416	2.087495
20868	-75.20433	-236.7941	161.5897	0.5302822	0.2408822	0.264489	0.735511	2.23239
20874	-75.68492	-237.1298	161.4449	0.2232816	0.45028	0.412144	0.587856	2.23239
20880	-69.76221	-230.5669	160.8047	0.3188054	0.2653441	0.78218	0.21782	2.814828
20886	-84.62083	-244.5312	159.9103	0.6512536	0.5554248	0.540731	0.459269	2.814828
20892	-68.77372	-231.0469	162.2731	0.8842707	0.1908283	0.483496	0.516504	1.627233
20898	-75.13908	-237.6487	162.5096	0.9205075	0.2675956	0.324474	0.675526	1.254701
20904	-81.86218	-243.6293	161.7671	0.1657227	0.5075392	0.229611	0.770389	1.995057
20910	-75.29862	-236.0229	160.7243	0.06949596	0.619956	0.766436	0.233564	2.614124
20916	-80.09361	-241.4644	161.3708	0.4429517	0.3771018	0.758066	0.241934	2.227513
20922	-88.2014	-250.5236	162.3222	0.5481813	0.1973405	0.380501	0.619499	1.81564
20928	-79.72782	-240.6282	160.9004	0.7152527	0.2719526	0.663884	0.336116	2.501484
20934	-77.61212	-239.5121	161.9	0.3893383	0.3594565	0.352791	0.647209	1.938109
20940	-94.31462	-256.1992	161.8845	0.267925	0.5902837	0.468142	0.531858	1.757779
20946	-73.37193	-235.8836	162.5117	0.2744364	0.2577143	0.808002	0.191998	1.757779
20952	-67.14885	-228.987	161.8382	0.5545575	0.4422411	0.310582	0.689418	1.757779
20958	-64.41226	-226.6355	162.2233	0.6516837	0.3020451	0.492105	0.507895	1.61787
20964	-72.05692	-233.4791	161.4222	0.2633608	0.1487178	0.712794	0.287206	2.682198
20970	-71.46617	-233.6014	162.1352	0.1771686	0.5244471	0.569999	0.430001	1.716338
20976	-74.77665	-236.2678	161.4911	0.7542416	0.567585	0.464215	0.535785	1.716338
20982	-67.84226	-229.6509	161.8087	0.5893423	0.4420896	0.525968	0.474032	1.754285
20988	-71.40876	-232.8603	161.4516	0.5764683	0.4490633	0.686823	0.313177	1.998088
20994	-74.71458	-236.9594	162.2448	0.6189571	0.2400142	0.801131	0.198869	1.735891
21000	-67.12531	-228.1306	161.0053	0.3967806	0.4518577	0.542723	0.457277	2.40029
21006	-69.25804	-231.174	161.916	0.9692405	0.4797587	0.442679	0.557321	1.344829
21012	-71.09375	-232.357	161.2633	0.6732775	0.6549682	0.650985	0.349015	1.843806
21018	-65.86277	-227.815	161.9522	1.150143	0.738663	0.682769	0.317231	0.7690156
21024	-73.98371	-234.5025	160.5188	0.5761938	0.3629864	0.699421	0.300579	2.696817
21030	-84.46329	-245.7308	161.2675	0.2194682	0.3629864	0.542698	0.457302	2.453569
21036	-82.00216	-242.7484	160.7463	0.169055	0.3814537	0.493368	0.506632	2.783871
21042	-71.65996	-232.1271	160.4672	0.2831327	0.8473883	0.900017	0.0999835	2.462239
21048	-89.6122	-250.8732	161.261	0.114904	0.8473883	0.935457	0.0645429	2.060322
21054	-81.57059	-244.203	162.6324	0.1218594	0.2410637	0.663959	0.336041	1.810236
21060	-71.2105	-233.0928	161.8823	0.5068878	0.2973962	0.613591	0.386409	1.962831
21066	-69.75874	-231.6696	161.9108	0.3653489	0.485261	0.779845	0.220155	1.786732
21072	-78.11317	-239.5024	161.3893	0.9050398	0.2560404	0.429958	0.570042	2.09317
21078	-85.57289	-244.4606	158.8877	0.3994184	0.6859644	0.465625	0.534375	3.462843
21084	-67.39646	-228.9078	161.5113	0.3206356	0.365933	0.550462	0.449538	2.230381
21090	-72.47434	-234.3181	161.8438	0.5446662	0.4897973	0.339368	0.660632	1.702721
21096	-74.58091	-235.828	161.2471	0.4169824	0.4620439	0.559834	0.440166	2.221633
21102	-73.68297	-235.5612	161.8782	0.1923616	0.3639963	0.814443	0.185557	2.077572
21108	-79.29548	-241.1787	161.8833	0.2703972	0.788543	0.501969	0.498031	1.569622
21114	-71.48213	-233.5035	162.0214	0.1510536	0.3009036	0.745708	0.254292	2.101119
21120	-75.62781	-235.5223	159.8945	0.4970475	1.208283	0.898149	0.101851	2.464103
21126	-67.15958	-229.0492	161.8896	0.1595317	0.4225463	0.700439	0.299561	2.01613
21132	-74.72164	-236.0576	161.3359	0.4047769	0.5587759	0.760787	0.239213	2.068728
21138	-65.86502	-226.683	160.818	0.1386408	0.4227359	0.482128	0.517872	2.710148
21144	-70.34956	-232.6793	162.3298	0.255909	0.2329596	0.878797	0.121203	1.940102
21150	-70.79438	-232.988	162.1937	0.2466155	0.2900627	0.62188	0.37812	1.940102
21156	-77.59355	-238.5724	160.9788	0.1464417	0.3456445	0.398194	0.601806	2.700503
21162	-72.85579	-233.6875	160.8317	0.2443668	0.4824781	0.282601	0.717399	2.571135
21168	-76.57903	-237.9528	161.3738	0.6099658	0.2769109	0.693393	0.306607	2.260701
21174	-67.67728	-230.1333	162.456	0.6604789	0.3856762	0.543667	0.456333	1.297345
21180	-79.42945	-241.0701	161.6407	0.5460548	0.7085767	0.329736	0.670264	1.617759
21186	-70.12406	-232.4696	162.3455	0.8769271	0.3094306	0.810503	0.189497	1.342237
21192	-81.58065	-242.2777	160.697	0.9349018	1.433407	0.860286	0.139714	1.506616
21198	-69.95961	-232.1985	162.2389	0.9349018	0.4673729	0.638012	0.361988	1.119484
21204	-63.09497	-224.8221	161.7271	0.7821464	0.3850534	0.654921	0.345079	1.7517
21210	-63.23546	-225.2307	161.9952	0.9461567	0.3850534	0.445119	0.554881	1.436407
21216	-70.86939	-232.1789	161.3095	0.5551506	0.6565841	0.189213	0.810787	1.891395
21222	-61.2767	-222.4584	161.1817	0.4802395	0.6565841	0.568074	0.431926	2.02751
21228	-76.07561	-238.1638	162.0882	0.7634573	0.377818	0.55569	0.44431	1.515192
21234	-74.41108	-235.9616	161.5505	1.071359	0.4548738	0.320994	0.679006	1.578029
21240	-80.94777	-240.1922	159.2445	0.8409859	2.254605	0.446023	0.553977	2.212262
21246	-74.96752	-234.2037	159.2362	0.8409859	1.401516	0.173019	0.826981	2.561625
21252	-72.41445	-233.2176	160.8031	1.232391	0.7129208	0.412233	0.587767	1.721713
21258	-70.16117	-231.2948	161.1337	0.9452273	0.5348793	0.546499	0.453501	1.866833
21264	-69.00166	-231.0421	162.0404	1.015127	0.5394113	0.532687	0.467313	1.11907
21270	-102.1096	-264.0195	161.91	1.182921	0.5004163	0.45142	0.54858	1.141857
21276	-107.9907	-267.9465	159.9558	0.902119	2.01957	0.539601	0.460399	1.783915
21282	-83.30131	-244.1308	160.8295	0.6740062	0.7531127	0.262071	0.737929	2.049583
21288	-74.08416	-235.9741	161.8899	0.5201855	0.4145084	0.262071	0.737929	1.781217
21294	-72.67983	-234.6898	162.01	1.028035	0.400311	0.372165	0.627835	1.337542
21300	-95.53326	-257.1641	161.6309	0.9424404	1.025186	0.756924	0.243076	1.013195
21306	-76.85252	-239.4191	162.5666	0.5013781	0.2279426	0.500623	0.499377	1.613755
21312	-73.26149	-233.3379	160.0764	0.3004576	0.390519	0.394902	0.605098	3.097503
21318	-63.35695	-224.7539	161.397	0.4311668	0.2885685	0.663572	0.336428	2.342098
21324	-69.07599	-229.4836	160.4076	0.7120382	0.5873883	0.797609	0.202391	2.440377
21330	-65.5944	-227.2342	161.6398	0.6723464	0.5284599	0.797609	0.202391	1.711979
21336	-62.82426	-222.6996	159.8753	0.5501734	0.4936545	0.403076	0.596924	2.956907
21342	-76.48917	-236.6288	160.1397	0.7399771	0.3900819	0.463254	0.536746	2.795213
21348	-62.40207	-224.7249	162.3229	0.439939	0.1624976	0.234657	0.765343	1.964069
21354	-58.59614	-220.5254	161.9292	0.3852284	0.3295358	0.902647	0.0973526	1.964069
21360	-72.16195	-233.7832	161.6212	0.7565695	0.2039663	0.515215	0.484785	2.132439
21366	-74.25411	-236.5625	162.3084	0.5342757	0.3749434	0.794584	0.205416	1.526176
21372	-63.61736	-225.6498	162.0324	0.8209918	0.4714038	0.843918	0.156082	1.381238
21378	-78.08257	-240.6675	162.585	0.442773	0.2024686	0.560647	0.439353	1.694861
21384	-82.84595	-244.4746	161.6286	0.8174992	0.4721045	0.326131	0.673869	1.683117
21390	-72.10053	-233.4287	161.3281	0.2745578	0.5515595	0.697787	0.302213	2.166326
21396	-78.22944	-240.0814	161.852	0.2416236	0.3241936	0.567429	0.432571	2.11816
21402	-88.87444	-249.9656	161.0911	0.3477412	0.4324893	0.327316	0.672684	2.399065
21408	-81.04868	-241.1635	160.1149	0.3386844	0.9920606	0.857916	0.142084	2.551288
21414	-66.80747	-229.3819	162.5744	0.04104747	0.2849405	0.633011	0.366989	1.82923
21420	-73.35231	-234.026	160.6737	0.3088252	0.4194239	0.706653	0.293347	2.698023
21426	-76.98005	-238.6121	161.632	0.02941262	0.5703627	0.410859	0.589141	2.109277
21432	-76.58191	-238.1174	161.5355	0.1001269	0.4590497	0.263979	0.736021	2.243361
21438	-78.8124	-240.1395	161.3271	0.2454037	0.4960407	0.792668	0.207332	2.243361
21444	-86.05239	-246.8041	160.7517	0.6214759	1.015639	0.742381	0.257619	1.943684
21450	-79.11152	-241.0342	161.9227	0.3043972	0.1494434	0.525534	0.474466	2.342428
21456	-82.82872	-243.1516	160.3228	0.6227836	0.842473	0.689652	0.310348	2.342428
21462	-83.7385	-244.9161	161.1776	0.4237304	0.3645506	0.308554	0.691446	2.379477
21468	-89.25793	-250.1878	160.9299	0.6395403	0.3645506	0.708206	0.291794	2.399626
21474	-88.69339	-250.2691	161.5757	0.8672838	0.5235238	0.467765	0.532235	1.624179
21480	-82.19222	-243.6288	161.4366	0.8672838	1.081307	0.404327	0.595673	1.209494
21486	-83.93158	-245.7391	161.8075	0.8672838	0.5359779	0.726297	0.273703	1.437301
21492	-78.62375	-240.6248	162.0011	0.4323705	0.493516	0.517991	0.482009	1.666292
21498	-79.82772	-240.8402	161.0125	0.3241321	0.7275357	0.716306	0.283694	2.17981
21504	-75.52697	-236.7189	161.1919	0.2340919	0.2735757	0.67997	0.32003	2.616862
21510	-76.71722	-238.8376	162.1203	0.05188298	0.329733	0.701265	0.298735	2.058443
21516	-69.29425	-230.914	161.6197	0.1407735	0.4225734	0.762025	0.237975	2.205286
21522	-70.99675	-232.2554	161.2587	0.09025307	0.5017735	0.529176	0.470824	2.379917
21528	-67.12911	-228.8106	161.6815	0.4955675	0.7079736	0.828297	0.171703	1.625346
21534	-63.94598	-225.8721	161.9261	0.9162233	0.3865212	0.358525	0.641475	1.509209
21540	-66.47096	-228.9008	162.4299	1.091389	0.3384565	0.400127	0.599873	1.026611
21546	-76.82459	-238.4034	161.5788	1.37224	0.8675838	0.665857	0.334143	0.7680548
21552	-87.45386	-248.4974	161.0435	1.433944	1.507324	0.284334	0.715666	0.5723003
21558	-75.05189	-237.7451	162.6932	1.293553	0.2678581	0.777763	0.222237	0.6374257
21564	-76.47594	-238.9218	162.4458	1.466946	0.2441834	0.776968	0.223032	0.8471252
21570	-78.64828	-241.0607	162.4124	1.621737	0.2555437	0.783334	0.216666	0.4159951
21576	-67.98589	-230.4053	162.4194	1.535221	0.2705097	0.911985	0.0880154	0.3489694
21582	-75.23507	-236.8069	161.5718	1.395045	0.907512	0.35583	0.64417	0.67011
21588	-71.82627	-233.8801	162.0538	1.265708	0.5337133	0.613841	0.386159	0.8598338
21594	-70.66557	-231.7515	161.0859	0.9944765	0.696372	0.613841	0.386159	1.705168
21600	-62.10013	-224.0794	161.9792	0.477523	0.5012953	0.613841	0.386159	1.640315
21606	-68.79515	-230.4595	161.6644	0.162239	0.4032278	0.518119	0.481881	2.186088
21612	-76.83515	-239.2974	162.4623	0.788901	0.2701438	0.918682	0.0813184	1.393411
21618	-75.35136	-236.0916	160.7402	0.788901	0.9208946	0.560931	0.439069	1.903972
21624	-83.31852	-243.7612	160.4426	1.112758	1.629917	0.450159	0.549841	1.457135
21630	-78.93117	-241.1718	162.2407	0.2669788	0.2981928	0.885904	0.114096	1.881495
21636	-70.02767	-231.9781	161.9504	0.6296417	0.2682527	0.392402	0.607598	1.881495
21642	-73.18245	-234.374	161.1915	0.5039047	0.6685052	0.4173	0.5827	1.994465
21648	-80.15985	-242.2788	162.1189	0.4933026	0.3676155	0.205925	0.794075	1.703873
21654	-73.01194	-234.2652	161.2533	0.4933026	0.738707	0.450504	0.549496	1.898775
21660	-73.832	-236.12	162.288	0.5237891	0.3034572	0.672675	0.327325	1.660958
21666	-75.47718	-238.0413	162.5641	0.984127	0.1715219	0.716076	0.283924	1.37994
21672	-74.08866	-236.1024	162.0138	0.984127	0.4543224	0.471851	0.528149	1.289537
21678	-77.03664	-239.1439	162.1073	1.145745	0.4074282	0.444844	0.555156	1.145917
21684	-72.83468	-234.0358	161.2011	0.7932685	0.4923167	0.362508	0.637492	1.970706
21690	-74.22289	-234.9251	160.7023	1.045847	1.212412	0.623872	0.376128	1.553287
21696	-68.3745	-229.361	160.9865	0.8139751	0.8198122	0.308323	0.691677	1.794879
21702	-67.70715	-230.7297	163.0225	0.4184184	0.2263171	0.623714	0.376286	1.334511
21708	-74.05145	-236.1144	162.063	1.608089	0.4051767	0.78789	0.21211	0.6727337
21714	-74.88143	-237.2572	162.3757	1.336329	0.3452623	0.456853	0.543147	0.7978854
21720	-68.61686	-230.3285	161.7117	1.091819	0.7631384	0.786746	0.213254	1.067081
21726	-71.23481	-232.9528	161.718	0.4254765	0.5109993	0.770212	0.229788	1.848847
21732	-72.8835	-234.1971	161.3136	0.3693176	0.8677065	0.252782	0.747218	1.838456
21738	-74.2764	-235.8477	161.5713	1.069196	0.6734495	0.676916	0.323084	1.307524
21744	-74.32396	-236.3087	161.9848	1.286216	0.6587818	0.231536	0.768464	0.6612962
21750	-70.79759	-233.7899	162.9923	0.9438897	0.2413716	0.742657	0.257343	0.8272996
21756	-69.84614	-232.3431	162.497	1.328503	0.3521269	0.691814	0.308186	0.4841133
21762	-75.67506	-237.6563	161.9813	1.487951	0.5307407	0.906816	0.093184	0.6385102
21768	-74.01466	-235.3728	161.3581	1.135613	0.6525955	0.233707	0.766293	1.444987
21774	-68.09725	-231.4354	163.3381	0.7447116	0.1857307	0.449613	0.550387	0.8443925
21780	-72.31619	-234.491	162.1748	1.13391	0.4796617	0.358266	0.641734	0.9695758
21786	-79.21297	-241.1826	161.9696	1.13391	0.6200721	0.530493	0.469507	0.9564122
21792	-88.26274	-250.8858	162.6231	1.626172	0.1775077	0.756911	0.243089	0.6185806
21798	-84.37099	-246.4181	162.0471	1.689873	0.3184741	0.585472	0.414528	0.2666597
21804	-76.98607	-238.6219	161.6358	1.689873	0.5946674	0.506992	0.493008	0.3269399
21810	-86.70384	-248.2626	161.5588	1.689873	0.5946674	0.395651	0.604349	0.2702691
21816	-85.49158	-245.9182	160.4266	2.104614	0.9640971	0.652539	0.347461	0.1687837
21822	-81.86752	-242.9694	161.1018	2.307772	0.3063143	0.472765	0.527235	0.147254
21828	-73.16887	-234.3714	161.2025	2.257545	0.294021	0.532897	0.467103	0.1519029
21834	-79.71243	-240.9865	161.2741	2.257545	0.2164318	0.666966	0.333034	0.1269961
21840	-78.35601	-238.7657	160.4097	2.257545	0.775128	0.632693	0.367307	0.1513385
21846	-85.22318	-246.0146	160.7914	2.257545	0.7809297	0.570459	0.429541	0.3013006
21852	-73.86212	-235.2143	161.3522	2.257545	0.3056977	0.385209	0.614791	0.1993385
21858	-76.78422	-237.3762	160.592	2.257545	0.7385308	0.7503	0.2497	0.1861234
21864	-85.72036	-245.1997	159.4793	2.535766	1.66936	0.837165	0.162835	0.186833
21870	-72.1568	-231.7122	159.5554	2.535766	1.03388	0.694152	0.305848	0.1019832
21876	-76.69546	-237.2912	160.5958	2.535766	0.5267716	0.168264	0.831736	0.1814539
21882	-70.54701	-229.8011	159.2541	2.535766	1.83646	0.831379	0.168621	0.1565016
21888	-71.02111	-231.0566	160.0355	2.535766	0.8785465	0.32581	0.67419	0.1565016
21894	-77.26491	-238.3802	161.1153	0.09672343	0.6518823	0.450992	0.549008	2.323894
21900	-69.28138	-230.82	161.5386	0.2055678	0.2352877	0.344193	0.655807	2.48055
21906	-73.18773	-234.775	161.5872	0.01187952	0.2925957	0.461839	0.538161	2.48055
21912	-74.67863	-236.8686	162.1899	0.1728453	0.3993091	0.523029	0.476971	1.833968
21918	-73.22544	-235.0884	161.863	0.3864993	0.1317477	0.429668	0.570332	2.368917
21924	-81.68014	-240.5425	158.8623	0.4555669	0.5879929	0.429668	0.570332	3.524604
21930	-65.78986	-228.0007	162.2108	0.2538949	0.4252223	0.453906	0.546094	1.729061
21936	-70.94044	-232.0712	161.1307	0.07237022	0.3882959	0.851006	0.148994	2.598811
21942	-71.37975	-234.1447	162.765	0.3385006	0.3882959	0.533424	0.466576	1.303718
21948	-72.92092	-234.7133	161.7924	0.8555262	0.4463487	0.672461	0.327539	1.570032
21954	-66.23797	-228.1148	161.8768	0.9964199	0.1401085	0.556095	0.443905	1.942386
21960	-65.36334	-227.7365	162.3731	0.6880309	0.160488	0.598034	0.401966	1.764769
21966	-63.51182	-224.398	160.8861	0.4217997	0.489085	0.711465	0.288535	2.419154
21972	-65.09357	-226.5338	161.4402	0.4885487	0.4738452	0.0746283	0.925372	2.035298
21978	-62.59459	-224.3302	161.7356	0.5404252	0.6198443	0.701204	0.298796	1.63994
21984	-77.55713	-238.3116	160.7544	0.7797472	1.026002	0.836953	0.163047	1.827208
21990	-79.39423	-241.136	161.7418	0.3841842	0.5417245	0.750067	0.249933	1.827208
21996	-77.05485	-239.3978	162.3429	0.3924892	0.3435486	0.564609	0.435391	1.651911
22002	-70.53369	-232.1375	161.6038	0.6601802	0.6165907	0.704944	0.295056	1.651911
22008	-73.99511	-235.7249	161.7298	0.5905045	0.556967	0.350471	0.649529	1.674659
22014	-74.95148	-235.4263	160.4749	0.2257179	0.2884225	0.541047	0.458953	3.035761
22020	-78.79434	-240.5698	161.7755	0.4867722	0.4179615	0.393863	0.606137	1.878499
22026	-73.5417	-234.3031	160.7614	0.4669346	0.2002597	0.264808	0.735192	2.859369
22032	-78.37829	-239.9678	161.5895	0.1358583	0.3139904	0.618227	0.381773	2.369856
22038	-70.97351	-233.0056	162.0321	0.302462	0.2463972	0.548637	0.451363	2.083192
22044	-75.94756	-237.8545	161.907	0.3478545	0.5282203	0.785237	0.214763	1.752571
22050	-95.02245	-255.199	160.1766	0.3532834	0.6433816	0.439994	0.560006	2.756112
22056	-77.76845	-240.6018	162.8334	0.2610953	0.3664258	0.545242	0.454758	1.346138
22062	-73.27576	-235.0903	161.8145	0.1030696	0.363718	0.502242	0.497758	2.177928
22068	-64.08067	-225.4923	161.4116	0.180153	0.3137804	0.467616	0.532384	2.454386
22074	-75.53827	-237.2701	161.7318	0.08527164	0.2006509	0.703605	0.296395	2.496546
22080	-73.49252	-234.9571	161.4646	0.04152963	0.4823911	0.702814	0.297186	2.300574
22086	-74.2963	-235.4303	161.134	0.07566957	0.604425	0.761627	0.238373	2.367824
22092	-75.04365	-237.6599	162.6163	0.1441929	0.3306239	0.420378	0.579622	1.653957
22098	-82.32966	-243.5122	161.1825	0.04704148	0.376277	0.538887	0.461113	2.597212
22104	-86.91442	-248.9498	162.0353	0.05391064	0.274581	0.549611	0.450389	2.196403
22110	-81.29332	-242.1717	160.8784	0.05391064	0.3450446	0.809823	0.190177	2.819123
22116	-86.01435	-246.4671	160.4527	1.010171	0.5334845	0.478937	0.521063	2.274741
22122	-84.38274	-246.1873	161.8046	0.6176096	0.5207169	0.421488	0.578512	1.64245
22128	-84.61709	-245.2234	160.6063	0.4330943	0.5207169	0.560634	0.439366	2.554732
22134	-88.42278	-249.021	160.5982	0.796694	1.093505	0.19035	0.80965	1.878324
22140	-73.51906	-232.6172	159.0981	0.3490939	0.4151211	0.297431	0.702569	3.616169
22146	-80.18383	-241.0837	160.8999	0.4174518	0.4151211	0.24199	0.75801	2.495678
22152	-83.40469	-245.1012	161.6965	0.3571332	0.1797406	0.438707	0.561293	2.388284
22158	-79.93644	-241.4419	161.5055	0.4729533	0.3112017	0.482049	0.517951	2.212013
22164	-75.53577	-237.9731	162.4374	0.7674218	0.2731069	0.560157	0.439843	1.423669
22170	-87.15743	-248.7021	161.5446	0.2526491	0.4813206	0.531495	0.468505	2.113503
22176	-83.64076	-246.0152	162.3744	0.4844077	0.3158279	0.391509	0.608491	1.606711
22182	-86.2842	-245.7392	159.455	1.392347	1.784619	0.548484	0.451516	1.889745
22188	-73.11909	-235.1768	162.0577	1.178746	0.509849	0.436307	0.563693	0.9920179
22194	-91.33083	-252.3538	161.023	0.1418471	0.5069471	0.344929	0.655071	2.490428
22200	-83.51204	-245.9582	162.4461	0.352757	0.5069471	0.824568	0.175432	1.377185
22206	-75.68188	-236.5059	160.824	0.2184018	0.5069471	0.299258	0.700742	2.566701
22212	-76.90654	-237.9391	161.0326	0.4665451	0.7516566	0.441947	0.558053	2.05366
22218	-77.60804	-239.9176	162.3095	0.7932768	0.2998547	0.702263	0.297737	1.452606
22224	-77.65909	-240.0208	162.3618	0.6468198	0.496795	0.69496	0.30504	1.220195
22230	-71.97282	-234.3747	162.4019	1.044534	0.2884864	0.702994	0.297006	1.197753
22236	-76.55046	-238.8185	162.2681	0.7373215	0.5943756	0.518132	0.481868	1.088849
22242	-72.63072	-233.3306	160.6999	0.08523659	0.3952384	0.697519	0.302481	2.846525
22248	-61.63223	-223.5157	161.8834	0.1012112	0.38782	0.426517	0.573483	2.10257
22254	-72.07177	-232.7934	160.7216	0.7044951	0.631916	0.570274	0.429726	2.204238
22260	-75.17981	-237.4392	162.2594	0.8405844	0.5304869	0.640521	0.359479	1.091338
22266	-75.49242	-237.4102	161.9178	0.8420191	0.6068281	0.721728	0.278272	1.285685
22272	-78.08462	-240.4555	162.3709	0.4913859	0.3788253	0.297969	0.702031	1.505741
22278	-62.62156	-224.1476	161.526	0.2577489	0.2612651	0.627871	0.372129	2.412812
22284	-64.9281	-227.3298	162.4017	0.143291	0.32841	0.491849	0.508151	1.808889
22290	-66.01376	-228.7988	162.785	0.360903	0.2775241	0.542457	0.457543	1.460403
22296	-73.31504	-235.2086	161.8936	0.5456916	0.2346489	0.484679	0.515321	2.034825
22302	-69.20386	-231.3657	162.1618	1.09423	0.6082353	0.693462	0.306538	0.7982128
22308	-68.33091	-230.3057	161.9747	1.043936	0.6082353	0.726735	0.273265	1.05757
22314	-62.33382	-224.7697	162.4359	1.432811	0.3275759	0.4645	0.5355	0.4324839
22320	-63.2423	-225.9534	162.7111	1.658838	0.1426372	0.414186	0.585814	0.4026148
22326	-61.50473	-223.7989	162.2941	1.422813	0.3871316	0.474313	0.525687	0.6505141
22332	-62.34857	-225.4128	163.0642	1.0878	0.204765	0.23523	0.76477	0.6505141
22338	-77.39127	-239.3203	161.929	1.0878	0.5002653	0.193459	0.806541	1.208288
22344	-86.49566	-248.6096	162.114	0.8119777	0.4153501	0.583442	0.416558	1.403283
22350	-80.4582	-242.5569	162.0987	0.8119777	0.4235433	0.750049	0.249951	1.403283
22356	-82.12573	-244.4817	162.356	0.5131653	0.3159802	0.698695	0.301305	1.598958
22362	-74.89292	-236.8001	161.9071	0.4811185	0.3159802	0.469662	0.530338	1.934705
22368	-76.57363	-238.0292	161.4556	0.2224181	0.4931823	0.450664	0.549336	2.178248
22374	-85.47704	-246.7071	161.2301	0.1784539	1.039169	0.604135	0.395865	1.904235
22380	-91.64893	-251.9775	160.3286	0.2175751	0.864973	0.647814	0.352186	2.577283
22386	-80.70277	-240.7132	160.0104	0.6952492	0.7303099	0.7031	0.2969	2.577283
22392	-86.43124	-246.4824	160.0511	0.7031007	0.9443782	0.776841	0.223159	2.393443
22398	-84.98934	-245.8131	160.8238	0.1688005	0.7356741	0.765889	0.234111	2.393443
22404	-90.55432	-251.1385	160.5842	0.1293528	0.7906964	0.737279	0.262721	2.526353
22410	-83.1067	-243.594	160.4873	0.1107954	0.8921435	0.350101	0.649899	2.526353
22416	-91.28363	-253.1418	161.8582	0.01791849	0.5402574	0.452886	0.547114	1.997951
22422	-77.26823	-238.8646	161.5964	0.2689223	0.5632753	0.366216	0.633784	1.981454
22428	-81.55557	-242.6701	161.1145	0.8283971	1.061106	0.738765	0.261235	1.510753
22434	-101.3563	-262.0052	160.6488	1.305775	2.016139	0.570352	0.429648	0.8874327
22440	-94.76534	-256.2271	161.4618	1.235375	0.5907707	0.425298	0.574702	1.354931
22446	-93.30065	-255.3119	162.0112	1.071933	0.5731603	0.485601	0.514399	1.045244
22452	-98.00934	-257.6453	159.636	2.064097	2.924129	0.56832	0.43168	0.52717
22458	-85.9674	-244.618	158.6506	2.064097	5.53431	0.507514	0.492486	0.7957594
22464	-86.96483	-247.353	160.3882	1.535915	1.299788	0.753063	0.246937	1.363302
22470	-80.007	-242.1427	162.1357	1.121607	0.4198135	0.944099	0.0559006	1.121237
22476	-72.4107	-234.5044	162.0937	1.372043	0.5299141	0.693887	0.306113	0.6491842
22482	-79.4668	-241.4614	161.9946	1.603433	0.4611441	0.617285	0.382715	0.6055278
22488	-70.49013	-232.3947	161.9046	1.603433	0.517457	0.683045	0.316955	0.591526
22494	-76.54576	-239.422	162.8763	1.457043	0.1576709	0.614359	0.385641	0.5557374
22500	-78.45889	-240.7551	162.2962	1.457043	0.3624106	0.800515	0.199485	0.6778491
22506	-81.12591	-243.6232	162.4973	1.374319	0.3108003	0.652195	0.347805	0.6648121
22512	-83.3317	-244.8513	161.5196	1.374319	0.9855581	0.278865	0.721135	0.6528671
22518	-82.92843	-244.3201	161.3917	1.852276	0.6595371	0.818692	0.181308	0.3364787
22524	-84.32569	-246.4579	162.1323	1.852276	0.2364329	0.405528	0.594472	0.2961751
22530	-78.78865	-240.6034	161.8147	1.852276	0.4204092	0.482348	0.517652	0.3981231
22536	-81.74998	-242.8441	161.0941	2.001133	0.6672199	0.507776	0.492224	0.243114
22542	-84.49906	-245.5313	161.0323	1.823769	0.9925212	0.815928	0.184072	0.3356101
22548	-74.78993	-237.041	162.251	1.34535	0.4730956	0.498082	0.501918	0.4851737
22554	-82.11538	-243.5644	161.449	1.888464	0.5561354	0.783006	0.216994	0.2900479
22560	-79.91032	-241.758	161.8477	1.78428	0.4122937	0.724637	0.275363	0.3311459
22566	-87.43538	-248.7285	161.2931	1.686417	0.8923997	0.405252	0.594748	0.6773186
22572	-67.34435	-229.3737	162.0293	1.946428	0.2372284	0.472539	0.527461	0.2914615
22578	-75.01804	-237.3968	162.3788	1.932613	0.1501454	0.383361	0.616639	0.3534939
22584	-69.77022	-231.9895	162.2193	1.570139	0.3315677	0.713099	0.286901	0.3251651
22590	-72.76742	-233.6191	160.8517	2.061073	0.8907714	0.84866	0.15134	0.293553
22596	-81.15957	-241.6467	160.4871	1.928738	1.28184	0.662898	0.337102	0.2257916
22602	-73.95905	-235.6202	161.6612	1.827071	0.5202488	0.616514	0.383486	0.3869432
22608	-69.48562	-230.7631	161.2775	1.884267	0.6025461	0.275198	0.724802	0.2323122
22614	-64.45351	-226.8391	162.3856	1.625895	0.2665566	0.697324	0.302676	0.5761122
22620	-77.10947	-238.686	161.5765	1.075555	0.6823819	0.400444	0.599556	1.288403
22626	-77.62173	-239.7875	162.1658	0.9319778	0.6489423	0.586356	0.413644	0.9194058
22632	-73.83423	-235.9369	162.1027	0.9370663	0.5650575	0.383538	0.616462	1.097467
22638	-77.32267	-239.3661	162.0434	1.315802	0.6117521	0.485418	0.514582	0.6080398
22644	-78.32769	-240.3765	162.0488	1.310126	0.6117521	0.767719	0.232281	0.6088872
22650	-72.8021	-235.6538	162.8517	1.310126	0.1936683	0.599814	0.400186	0.6962106
22656	-73.66879	-235.4848	161.816	1.215817	0.3890173	0.675411	0.324589	1.359917
22662	-67.53932	-229.8555	162.3161	1.084984	0.4175481	0.518182	0.481818	0.9883719
22668	-74.99956	-236.4329	161.4333	0.5989866	1.025374	0.622652	0.377348	1.46953
22674	-70.99257	-232.7286	161.7361	0.6678864	0.654245	0.369543	0.630457	1.511118
22680	-72.16127	-233.7383	161.5771	0.835599	0.4979903	0.477367	0.522633	1.675794
22686	-74.61721	-236.3477	161.7305	0.2653691	0.21047	0.431513	0.568487	2.365837
22692	-72.00013	-233.6091	161.609	0.5686219	0.2840584	0.40742	0.59258	2.123869
22698	-77.4639	-238.7778	161.3139	0.2559939	0.754131	0.651698	0.348302	2.004661
22704	-76.63816	-238.1719	161.5338	0.6043631	0.4228268	0.894464	0.105536	1.956327
22710	-81.7502	-242.898	161.1478	0.3253448	0.4575315	0.894464	0.105536	2.348914
22716	-77.7751	-238.9819	161.2068	0.3362485	0.4534383	0.269912	0.730088	2.309039
22722	-72.23448	-235.2398	163.0053	0.5299935	0.3723197	0.567566	0.432434	0.9403421
22728	-68.79963	-230.6913	161.8917	0.6918694	0.5930222	0.716235	0.283765	1.440808
22734	-69.98066	-231.7988	161.8182	0.4700975	0.4216841	0.606476	0.393524	1.856006
22740	-76.9821	-239.0473	162.0652	0.09049942	0.3595211	0.792165	0.207835	2.027374
22746	-72.6467	-234.2164	161.5697	0.1214828	0.6355189	0.50887	0.49113	2.027374
22752	-69.47005	-231.5326	162.0626	0.1214828	0.3459933	0.641334	0.358666	2.027374
22758	-71.03562	-232.2912	161.2555	0.1330201	0.6535933	0.746681	0.253319	2.20913
22764	-66.61707	-227.8524	161.2353	0.1075088	0.5972257	0.698248	0.301752	2.2897
22770	-77.82221	-238.7623	160.9401	0.3972891	0.3426751	0.221299	0.778701	2.573496
22776	-75.18571	-236.2214	161.0357	0.2922225	0.3471403	0.578713	0.421287	2.573496
22782	-83.9511	-246.4949	162.5438	0.2866673	0.299263	0.596803	0.403197	1.654592
22788	-76.14813	-237.1301	160.9819	0.1102817	0.2424494	0.483981	0.516019	2.869789
22794	-73.54792	-235.6053	162.0573	0.4409427	0.262101	0.531774	0.468226	1.947314
22800	-77.86627	-238.6715	160.8052	1.017102	0.2105708	0.767821	0.232179	2.475009
22806	-76.83386	-237.2945	160.4607	0.3706419	0.6505213	0.295058	0.704942	2.564434
22812	-75.61592	-236.0534	160.4375	0.7657794	0.488521	0.721776	0.278224	2.485506
22818	-70.68186	-231.3076	160.6258	0.4025114	0.5624725	0.41133	0.58867	2.520963
22824	-76.41235	-237.199	160.7866	0.2935493	0.5291107	0.282783	0.717217	2.520963
22830	-83.39787	-244.5622	161.1643	0.7374308	0.6021024	0.730789	0.269211	1.918146
22836	-81.44258	-242.0177	160.5752	1.23603	1.80875	0.322994	0.677006	1.153176
22842	-74.34516	-234.5725	160.2273	0.1178794	0.527313	0.725278	0.274722	2.972206
22848	-79.28987	-239.4925	160.2027	0.3664016	0.527313	0.594642	0.405358	2.837005
22854	-64.58942	-226.6368	162.0474	0.1386019	0.2278292	0.504022	0.495978	2.212718
22860	-67.39983	-229.4034	162.0036	0.1206363	0.2508274	0.504022	0.495978	2.212718
22866	-73.34408	-234.9889	161.6448	0.0453087	0.4551129	0.504022	0.495978	2.212718
22872	-64.18795	-225.7946	161.6066	0.3060061	0.4076474	0.299529	0.700471	2.124611
22878	-69.38103	-229.6397	160.2587	0.5990688	0.8717077	0.201223	0.798777	2.377381
22884	-67.45146	-229.2826	161.8311	0.466655	0.3304421	0.651161	0.348839	1.973952
22890	-66.67114	-228.3421	161.671	0.6738347	0.4584495	0.748054	0.251946	1.771091
22896	-82.24654	-243.9907	161.7441	0.7846023	0.3100417	0.622789	0.377211	1.848396
22902	-80.49419	-242.9036	162.4095	0.7410226	0.4357548	0.551683	0.448317	1.189531
22908	-71.26139	-233.2621	162.0007	0.3227918	0.4067898	0.663426	0.336574	1.851085
22914	-67.0966	-228.8384	161.7418	0.08789742	0.5010823	0.277982	0.722018	2.070461
22920	-66.65757	-228.3485	161.6909	0.07044071	0.4044328	0.394785	0.605215	2.226785
22926	-66.21184	-228.5149	162.303	0.1830939	0.541752	0.864692	0.135308	1.571816
22932	-74.53904	-235.8987	161.3597	0.3618437	0.5290999	0.893414	0.106586	2.11174
22938	-76.49039	-236.3213	159.8309	0.3569956	0.5290999	0.483848	0.516152	3.064788
22944	-75.18009	-237.0189	161.8388	0.643427	0.6550219	0.526709	0.473291	1.451222
22950	-72.8112	-235.7299	162.9187	0.6783102	0.1104837	0.806837	0.193163	1.512176
22956	-70.26529	-232.613	162.3477	0.7143343	0.2616139	0.579782	0.420218	1.55291
22962	-66.64053	-228.6009	161.9604	0.2389211	0.2616139	0.596676	0.403324	2.145972
22968	-66.57703	-228.2799	161.7028	0.5785595	0.2616139	0.265498	0.734502	2.092286
22974	-58.38425	-221.07	162.6858	0.2598345	0.3019577	0.712292	0.287708	1.566524
22980	-58.05833	-220.0483	161.99	0.1754818	0.3019577	0.752019	0.247981	2.104093
22986	-55.64839	-217.6685	162.0201	0.05183733	0.3019577	0.589923	0.410077	2.165178
22992	-76.76898	-235.4037	158.6347	0.007978049	0.4592762	0.59519	0.40481	4.032866
22998	-65.61898	-226.8811	161.2621	0.01035873	0.6337077	0.64609	0.35391	2.301389
23004	-74.48733	-236.1151	161.6277	0.009184444	0.3991148	0.93438	0.0656198	2.313144
23010	-71.44514	-233.571	162.1259	0.01653603	0.1964325	0.908512	0.0914883	2.298979
23016	-65.21938	-226.9265	161.7071	0.1364473	0.74734	0.626445	0.373555	1.825128
23022	-63.64843	-224.6409	160.9924	0.3505546	0.2566998	0.196667	0.803333	2.694187
23028	-66.29196	-228.3052	162.0133	0.188112	0.4862422	0.77915	0.22085	1.837254
23034	-71.91804	-231.3774	159.4594	0.3451282	0.5802071	0.771182	0.228818	3.245864
23040	-69.7345	-230.3314	160.5969	0.3451282	0.3058242	0.768741	0.231259	2.865842
23046	-77.32097	-238.0116	160.6906	0.4564343	0.3058242	0.577228	0.422772	2.741065
23052	-71.49238	-233.5698	162.0774	0.484053	0.2130277	0.484092	0.515908	1.993769
23058	-70.9147	-232.4051	161.4904	0.7013732	0.3665346	0.435325	0.564675	1.993769
23064	-65.28984	-227.2286	161.9388	0.3538992	0.2375427	0.846617	0.153383	2.126176
23070	-65.79367	-227.9457	162.152	0.2949453	0.5925231	0.56584	0.43416	1.544079
23076	-73.77793	-234.4183	160.6404	0.5821326	0.2152715	0.524293	0.475707	2.836269
23082	-80.6984	-241.9981	161.2997	0.1585639	0.329085	0.908061	0.0919388	2.516593
23088	-85.16522	-246.4386	161.2734	0.06971877	0.2568017	0.358883	0.641117	2.69395
23094	-74.81071	-236.5601	161.7494	0.02555771	0.4682545	0.207127	0.792873	2.142728
23100	-88.87087	-251.4183	162.5475	0.02643354	0.5018612	0.779831	0.220169	1.554366
23106	-77.50892	-239.9641	162.4552	0.04648271	0.4351805	0.193401	0.806599	1.690035
23112	-70.94519	-233.3375	162.3923	0.03893705	0.3572393	0.464274	0.535726	1.844767
23118	-75.90359	-236.7712	160.8676	0.09206523	0.269701	0.513238	0.486762	2.907503
23124	-68.51239	-229.4752	160.9628	0.2300174	0.3363249	0.695782	0.304218	2.671281
23130	-73.00012	-234.9137	161.9135	0.5541576	0.3262886	0.507342	0.492658	1.865205
23136	-65.98042	-228.4078	162.4274	0.6449626	0.2303639	0.359083	0.640917	1.605732
23142	-64.15923	-226.7044	162.5452	0.6654855	0.4222069	0.822363	0.177637	1.158802
23148	-68.03866	-230.3273	162.2886	0.975646	0.3940222	0.773502	0.226498	1.158802
23154	-74.74416	-236.7324	161.9882	0.835635	0.6678082	0.307242	0.692758	1.159574
23160	-63.37789	-224.7232	161.3453	0.835635	0.6111375	0.742402	0.257598	1.716493
23166	-73.78317	-235.8731	162.09	0.835635	0.569474	0.299815	0.700185	1.192856
23172	-76.82228	-238.8317	162.0094	0.835635	0.2637988	0.770027	0.229973	1.705474
23178	-74.72606	-236.4754	161.7493	0.7974949	0.6564538	0.472524	0.527476	1.39997
23184	-69.29947	-231.1878	161.8883	0.6325687	0.4354595	0.749179	0.250821	1.676009
23190	-72.481	-234.7456	162.2646	0.3144936	0.3499158	0.535986	0.464014	1.753047
23196	-67.21953	-229.3848	162.1653	0.08888248	0.2605148	0.622829	0.377171	2.11199
23202	-75.70415	-236.673	160.9688	0.04909029	0.4366548	0.677185	0.322815	2.656762
23208	-86.3295	-248.1256	161.7961	0.4591684	0.5223892	0.793107	0.206893	1.758773
23214	-78.64472	-240.0227	161.378	0.68432	0.5522951	0.672392	0.327608	1.859639
23220	-73.23724	-234.9246	161.6874	0.3393229	0.509345	0.496562	0.503438	1.930093
23226	-69.16299	-231.1072	161.9442	0.3599939	0.5325511	0.32409	0.67591	1.713024
23232	-74.6449	-235.2573	160.6124	0.1599558	0.5325511	0.704891	0.295109	2.707923
23238	-78.52268	-238.4556	159.9329	0.1686832	0.355075	0.481729	0.518271	3.303101
23244	-77.66859	-238.882	161.2134	0.2182367	0.1906316	0.566402	0.433598	2.753407
23250	-84.79146	-244.7668	159.9753	0.2136099	0.4126335	0.478652	0.521348	3.184007
23256	-88.85082	-250.4987	161.6479	0.4047969	0.3256586	0.306089	0.693911	2.142785
23262	-88.19472	-249.863	161.6683	0.1528277	0.4859067	0.817772	0.182228	2.092787
23268	-80.33303	-241.3699	161.0369	0.4689606	0.3793622	0.532329	0.467671	2.420799
23274	-73.77995	-234.1691	160.3891	0.09406167	0.3812557	0.532889	0.467111	3.044944
23280	-79.22377	-240.9963	161.7726	0.09969453	0.5462443	0.66612	0.33388	1.994277
23286	-89.42008	-249.9842	160.5641	0.1084668	0.49258	0.406523	0.593477	2.808536
23292	-78.26422	-239.3963	161.1321	0.04890714	0.5260524	0.710004	0.289996	2.460934
23298	-71.46774	-232.401	160.9333	0.1311722	0.6068473	0.468086	0.531914	2.457214
23304	-65.01696	-226.0197	161.0028	0.1300333	0.5607562	0.740357	0.259643	2.457214
23310	-71.77466	-233.039	161.2643	0.9712647	0.9352528	0.651628	0.348372	1.383454
23316	-70.07683	-231.1306	161.0538	1.007049	0.5001936	0.744349	0.255651	1.917188
23322	-72.52315	-234.5562	162.0331	1.120466	0.657337	0.674021	0.325979	0.841466
23328	-81.06717	-242.4564	161.3892	0.8725077	0.4487616	0.915356	0.0846436	1.840408
23334	-73.35112	-235.4458	162.0947	0.3876763	0.4487616	0.643799	0.356201	1.686375
23340	-79.4167	-241.5331	162.1164	0.7416923	0.2275142	0.516964	0.483036	1.763734
23346	-80.97647	-242.6703	161.6938	0.4423622	0.3713374	0.669552	0.330448	2.024276
23352	-75.05711	-235.7232	160.6661	0.1195652	0.3487672	0.578534	0.421466	2.90318
23358	-62.90455	-225.0821	162.1776	0.3023334	0.371049	0.338857	0.661143	1.791682
23364	-87.06861	-248.1522	161.0836	0.8482853	0.7156649	0.631645	0.368355	1.791682
23370	-74.7392	-236.3219	161.5827	0.3845405	0.3450813	0.407091	0.592909	2.170971
23376	-71.01401	-232.0031	160.9891	0.2267419	0.731028	0.413106	0.586894	2.25491
23382	-76.15919	-237.3949	161.2357	0.08578847	0.2820045	0.902414	0.0975856	2.668569
23388	-69.93831	-230.381	160.4427	0.4470038	0.4995868	0.4197	0.5803	2.668569
23394	-74.64257	-236.5743	161.9317	1.287204	0.4931111	0.315852	0.684148	1.036491
23400	-82.64703	-244.5054	161.8583	1.287204	0.7817663	0.774299	0.225701	0.5796597
23406	-75.18425	-237.8763	162.6921	1.194894	0.2651279	0.665405	0.334595	0.8114416
23412	-88.64574	-250.1198	161.4741	1.194894	0.9849522	0.759058	0.240942	0.9567727
23418	-75.76856	-238.0902	162.3217	1.194894	0.5028439	0.637267	0.362733	0.6332645
23424	-75.81267	-238.1401	162.3274	1.234554	0.4757723	0.774586	0.225414	0.6332645
23430	-80.7308	-241.6444	160.9136	0.4478034	0.2570563	0.630891	0.369109	2.682303
23436	-80.29265	-242.9158	162.6232	0.6694788	0.3340239	0.154356	0.845644	1.24021
23442	-82.40063	-245.1252	162.7246	1.102385	0.3126949	0.33397	0.66603	0.7354094
23448	-96.22425	-258.9473	162.723	1.102385	0.1812356	0.33397	0.66603	1.122506
23454	-85.31936	-246.4275	161.1081	0.3878231	0.6511291	0.770994	0.229006	2.141588
23460	-80.81827	-241.9853	161.167	0.3818945	0.5104439	0.661544	0.338456	2.243243
23466	-82.69638	-244.126	161.4296	0.3234672	0.4826319	0.286043	0.713957	2.140966
23472	-70.13551	-232.3326	162.1971	0.5432887	0.5925758	0.364458	0.635542	1.318263
23478	-77.69405	-239.2741	161.58	0.6800262	0.787367	0.882811	0.117189	1.491645
23484	-70.3854	-232.8865	162.5011	0.9084509	0.332552	0.664447	0.335553	1.142174
23490	-72.62379	-236.241	163.6172	0.9193609	0.0893874	0.731896	0.268104	0.7071863
23496	-64.16311	-227.0356	162.8725	1.141411	0.1760794	0.49675	0.50325	0.9563955
23502	-74.97432	-236.4032	161.4288	2.114354	0.4277596	0.449423	0.550577	0.2835837
23508	-75.53034	-236.9405	161.4102	1.923224	0.508788	0.670024	0.329976	0.2448429
23514	-72.98519	-234.1319	161.1467	1.923224	0.7046383	0.494805	0.505195	0.2550451
23520	-75.29717	-237.3597	162.0625	1.923224	0.237967	0.626421	0.373579	0.3001273
23526	-74.37253	-235.6758	161.3032	1.923224	0.641945	0.727953	0.272047	0.3001273
23532	-73.27546	-235.0199	161.7445	1.892641	0.3599881	0.492058	0.507942	0.2607702
23538	-66.02734	-228.5172	162.4899	1.818796	0.1380211	0.658521	0.341479	0.3085489
23544	-77.30179	-240.0079	162.7061	1.637567	0.1380211	0.258311	0.741689	0.3408804
23550	-77.09812	-238.0608	160.9627	0.7127786	0.3698631	0.376665	0.623335	2.325494
23556	-68.29352	-230.5249	162.2314	0.2486087	0.4548956	0.640615	0.359385	1.680362
23562	-64.14992	-226.4942	162.3443	0.1387735	0.4756479	0.56156	0.43844	1.652367
23568	-71.20075	-231.85	160.6492	0.4074667	0.5128911	0.362331	0.637669	2.551806
23574	-66.85422	-227.827	160.9728	0.2328092	0.7059246	0.341777	0.658223	2.282085
23580	-64.90297	-226.7931	161.8902	0.1943642	0.2205942	0.690453	0.309547	2.290931
23586	-66.64604	-228.2529	161.6068	0.203267	0.3316354	0.490559	0.509441	2.290931
23592	-71.65531	-233.1864	161.5311	0.3118877	0.3239464	0.363082	0.636918	2.28073
23598	-67.27029	-228.9761	161.7058	0.311378	0.2282304	0.515011	0.484989	2.320312
23604	-82.45843	-244.2574	161.799	0.132774	0.1767032	0.595637	0.404363	2.471106
23610	-74.67503	-236.3769	161.7018	0.04908545	0.3291308	0.669978	0.330022	2.332175
23616	-70.49222	-230.7029	160.2107	0.1222782	0.6421647	0.726643	0.273357	2.876821
23622	-68.8153	-229.7947	160.9794	0.2119583	0.7241529	0.713145	0.286855	2.276217
23628	-67.27289	-228.6919	161.419	0.3908012	0.1934374	0.602543	0.397457	2.514659
23634	-62.65769	-223.7457	161.088	0.4236933	0.3066882	0.321561	0.678439	2.514659
23640	-70.90343	-231.9565	161.0531	0.22499	0.2677615	0.330885	0.669115	2.716762
23646	-71.03112	-233.2525	162.2214	0.3367057	0.2664647	0.348265	0.651735	1.899438
23652	-65.96163	-226.8831	160.9215	0.6728552	0.6311659	0.728625	0.271375	2.09531
23658	-76.6883	-238.761	162.0727	0.9234139	0.3632516	0.664578	0.335422	1.428154
23664	-67.65529	-229.9373	162.282	0.9917738	0.3162936	0.576383	0.423617	1.288265
23670	-62.21958	-223.516	161.2964	1.098357	0.6978434	0.639496	0.360504	1.474279
23676	-67.73708	-230.0489	162.3118	1.233669	0.4748448	0.727127	0.272873	0.6720813
23682	-67.74738	-229.9101	162.1627	1.48756	0.4376109	0.801246	0.198754	0.4352206
23688	-62.87226	-224.5828	161.7105	1.459954	0.727429	0.460759	0.539241	0.3537889
23694	-64.39786	-226.0545	161.6567	1.459954	0.7618077	0.669779	0.330221	0.7018703
23700	-61.86298	-224.2538	162.3908	1.232365	0.3948076	0.473814	0.526186	0.7817722
23706	-78.60116	-240.4004	161.7992	1.150882	0.9077064	0.857101	0.142899	0.7007614
23712	-68.33315	-229.9401	161.6069	1.150882	0.7726869	0.483695	0.516305	1.09873
23718	-65.73211	-227.6189	161.8868	1.062193	0.2330854	0.670306	0.329694	1.688929
23724	-69.7943	-232.5165	162.7222	1.493204	0.1450112	0.666184	0.333816	0.8481902
23730	-66.00947	-228.18	162.1705	1.493204	0.3992709	0.564061	0.435939	0.7067368
23736	-64.29927	-226.5735	162.2743	1.493204	0.3158344	0.564061	0.435939	0.8098049
23742	-73.15386	-235.0959	161.942	1.557673	0.5014463	0.377984	0.622016	0.6740193
23748	-71.22073	-233.9569	162.7361	1.016218	0.3418979	0.69873	0.30127	0.7511714
23754	-73.1093	-234.9162	161.8069	1.301838	0.7854766	0.528771	0.471229	0.6630295
23760	-68.09748	-229.63	161.5325	0.9058542	0.7854766	0.700674	0.299326	1.355909
23766	-70.46142	-232.6662	162.2048	1.28449	0.4351515	0.452305	0.547695	0.8564122
23772	-78.58289	-240.5667	161.9838	1.28449	0.6926281	0.657193	0.342807	0.5162292
23778	-68.93831	-232.0544	163.1161	0.8094576	0.1889512	0.547023	0.452977	1.005215
23784	-70.81184	-233.3426	162.5308	0.709996	0.4881282	0.539834	0.460166	1.023371
23790	-63.15298	-224.4829	161.3299	0.612182	0.4418987	0.70054	0.29946	2.063634
23796	-68.86098	-231.9678	163.1068	0.6961452	0.1227131	0.479331	0.520669	1.315162
23802	-71.1124	-233.815	162.7026	1.239997	0.1144786	0.529152	0.470848	1.226739
23808	-79.23663	-240.8342	161.5976	1.445741	0.8102937	0.633227	0.366773	0.7273417
23814	-76.49276	-238.8923	162.3996	1.274505	0.3204565	0.755447	0.244553	0.9092057
23820	-66.90953	-228.4076	161.498	1.319734	1.080571	0.573795	0.426205	0.6134553
23826	-78.77449	-241.0606	162.2861	0.9329376	0.5736688	0.586722	0.413278	0.9047244
23832	-79.42499	-241.4864	162.0614	1.202653	0.4389075	0.260222	0.739778	1.082924
23838	-78.62159	-240.7669	162.1453	1.126398	0.4372418	0.735427	0.264573	1.078626
23844	-75.18366	-237.4252	162.2415	1.134508	0.4372418	0.859936	0.140064	0.9769526
23850	-80.83916	-243.5844	162.7453	0.9515176	0.2732795	0.30171	0.69829	1.001678
23856	-75.61828	-237.4852	161.8669	0.5897344	0.319852	0.633048	0.366952	1.882513
23862	-77.87987	-238.922	161.0422	0.3939423	0.2447228	0.71882	0.28118	2.656133
23868	-69.13362	-231.0317	161.8981	0.222275	0.4353213	0.591654	0.408346	1.952837
23874	-79.82423	-241.6509	161.8267	0.3737247	0.2420635	0.702967	0.297033	2.178367
23880	-78.79915	-239.9287	161.1296	0.02972777	0.8431168	0.525696	0.474304	2.204984
23886	-71.94459	-233.7482	161.8036	0.03605468	0.3815961	0.366879	0.633121	2.204984
23892	-68.43326	-229.9693	161.536	0.01304583	0.5476735	0.197157	0.802843	2.204984
23898	-67.82631	-230.2497	162.4234	0.35434	0.1112493	0.912572	0.0874285	2.079614
23904	-70.01153	-233.2751	163.2636	0.2544407	0.1933962	0.419983	0.580017	1.349365
23910	-70.63404	-231.4402	160.8062	0.3882525	0.2897959	0.571953	0.428047	2.735059
23916	-77.77664	-239.6244	161.8478	0.3010812	0.4738576	0.87119	0.12881	1.887565
23922	-68.11665	-230.1674	162.0507	0.8553513	0.1536926	0.65694	0.34306	1.887565
23928	-86.63196	-249.5757	162.9437	0.8553513	0.3146095	0.576387	0.423613	0.7705564
23934	-75.92992	-237.8146	161.8847	1.037038	0.4702316	0.347508	0.652492	1.328695
23940	-76.33644	-237.2826	160.9461	0.546621	0.8071837	0.667043	0.332957	2.013605
23946	-78.8864	-240.8085	161.9221	0.806643	0.1507913	0.41895	0.58105	2.013605
23952	-77.80332	-240.1687	162.3654	0.806643	0.4975111	0.838446	0.161554	1.074089
23958	-87.45421	-249.0784	161.6242	1.03921	0.8225662	0.09881	0.90119	1.130848
23964	-76.51378	-239.3851	162.8713	1.008787	0.09410139	0.541714	0.458286	1.347413
23970	-67.17236	-228.6634	161.491	0.4735025	0.4771531	0.205222	0.794778	2.007761
23976	-68.75886	-231.3318	162.573	0.4735025	0.3727726	0.633505	0.366495	1.373908
23982	-69.30963	-230.5079	161.1983	0.2312625	0.5307972	0.467808	0.532192	2.298833
23988	-70.90055	-233.1492	162.2486	0.831451	0.2802093	0.570796	0.429204	1.505127
23994	-79.68792	-241.8891	162.2012	0.3394698	0.3900565	0.718143	0.281857	1.722715
24000	-75.98076	-237.5393	161.5585	0.4079244	0.3583094	0.636602	0.363398	2.153428
24006	-75.14437	-236.4132	161.2688	0.1575266	0.6894287	0.705444	0.294556	2.153428
24012	-72.11072	-233.406	161.2952	0.3115259	0.671579	0.388046	0.611954	2.05062
24018	-71.61122	-233.6989	162.0877	0.5872493	0.3291918	0.300864	0.699136	1.717001
24024	-71.4975	-233.0518	161.5543	0.6371519	0.4662979	0.649992	0.350008	1.867398
24030	-70.26795	-232.14	161.872	0.4308749	0.4050703	0.914967	0.085033	1.867398
24036	-63.01679	-225.0518	162.035	0.5864293	0.4050703	0.281622	0.718378	1.644589
24042	-71.87849	-234.1839	162.3054	0.6038318	0.4419863	0.927549	0.0724512	1.378077
24048	-67.91374	-230.3204	162.4066	0.7949861	0.2375898	0.465514	0.534486	1.49581
24054	-79.66626	-241.6466	161.9803	1.629492	0.4499966	0.906306	0.0936943	0.3919429
24060	-73.26022	-235.2409	161.9807	0.3446496	0.3985356	0.416837	0.583163	1.860629
24066	-75.63845	-237.1626	161.5242	0.1734722	0.4772656	0.635219	0.364781	2.182943
24072	-70.68298	-231.6955	161.0125	0.3445306	0.9589815	0.503543	0.496457	1.992903
24078	-69.39288	-230.9923	161.5994	0.1530765	0.6807702	0.503543	0.496457	1.945234
24084	-83.00604	-242.2982	159.2922	0.3537404	0.6807702	0.497365	0.502635	3.256101
24090	-79.92938	-241.2349	161.3055	0.5718566	0.5697612	0.774611	0.225389	1.966804
24096	-84.66877	-246.6932	162.0245	0.5718566	0.247391	0.639474	0.360526	1.906788
24102	-90.378	-252.5439	162.1659	0.5291437	0.5352418	0.763794	0.236206	1.422633
24108	-90.84725	-250.8648	160.0176	1.113209	1.597084	0.391497	0.608503	1.781267
24114	-88.95926	-248.7574	159.7981	0.9963192	1.278953	0.804618	0.195382	2.16887
24120	-81.16166	-239.8695	158.7078	1.200154	2.751156	0.440838	0.559162	2.16887
24126	-82.9386	-240.3248	157.3862	2.147398	11.42725	0.634306	0.365694	0.8941972
24132	-78.15102	-235.1695	157.0184	2.147398	12.13807	0.450367	0.549633	1.158962
24138	-84.3827	-241.1399	156.7572	2.147398	10.71379	0.739962	0.260038	1.528304
24144	-94.87507	-253.7122	158.8372	2.147398	4.554589	0.650047	0.349953	0.8005052
24150	-82.44828	-240.9963	158.548	1.960814	5.248606	0.58291	0.41709	1.096732
24156	-80.35493	-238.7321	158.3771	1.960814	5.915155	0.718918	0.281082	1.096732
24162	-79.59609	-238.2145	158.6184	1.960814	5.915155	0.685922	0.314078	0.8468153
24168	-81.3388	-240.2909	158.9521	1.960814	5.26298	0.687494	0.312506	0.5035588
24174	-81.77644	-241.4862	159.7098	2.556041	1.455531	0.72071	0.27929	0.2205524
24180	-71.25486	-231.4826	160.2277	2.556041	0.4390544	0.711794	0.288206	0.09242472
24186	-80.62464	-241.6452	161.0205	2.304946	0.2482027	0.54093	0.45907	0.1086571
24192	-91.69166	-253.9433	162.2517	0.8873241	0.3355523	0.717284	0.282716	1.36233
24198	-85.8304	-247.2775	161.4471	0.8610543	0.7133472	0.664205	0.335795	1.524202
24204	-165.3595	-313.7613	148.4018	4.081122	193.0142	0.248403	0.751597	2.064295
24210	-84.28305	-245.2752	160.9921	1.049583	1.291607	0.275587	0.724413	1.273965
24216	-76.98294	-239.1947	162.2118	1.269048	0.4547511	0.598215	0.401785	0.8233907
24222	-67.92082	-230.4421	162.5213	1.269048	0.2623947	0.275385	0.724615	0.9329879
24228	-76.13098	-237.4008	161.2698	1.540977	0.9937514	0.478885	0.521115	0.7779604
24234	-80.55497	-242.667	162.112	1.540977	0.3676177	0.20099	0.79901	0.8143654
24240	-71.6697	-233.8283	162.1586	0.8226355	0.3676177	0.863036	0.136964	1.432714
24246	-72.75553	-234.0146	161.2591	0.5340489	0.2955923	0.813432	0.186568	2.353778
24252	-76.86835	-237.8375	160.9691	0.5340489	0.6878142	0.746888	0.253112	2.104612
24258	-83.97579	-245.2611	161.2853	0.6175351	0.2885462	0.347852	0.652148	2.294514
24264	-69.78197	-231.1361	161.3541	1.756703	0.8193655	0.507615	0.492385	0.4700297
24270	-67.28045	-228.2325	160.9521	2.128061	0.5501337	0.353594	0.646406	0.1773385
24276	-70.5835	-231.2647	160.6812	2.159053	1.079878	0.532051	0.467949	0.5170337
24282	-70.73645	-229.8323	159.0958	2.159053	3.744205	0.631393	0.368607	0.7939119
24288	-71.04975	-231.4336	160.3838	1.049706	1.574799	0.451452	0.548548	1.576739
24294	-63.15149	-225.4827	162.3312	0.772656	0.5317884	0.81962	0.18038	1.08584
24300	-68.68778	-231.1433	162.4556	1.091968	0.1832433	0.742139	0.257861	1.350885
