Iteration	Posterior	Likelihood	Prior	rate_log_sd	rate_neo	root_freqs[1]	root_freqs[2]	tree_length
0	-69.92892	-231.3432	161.4142	0.1303605	0.6225948	0.45555	0.54445	2.135787
6	-64.96468	-225.6109	160.6462	0.1781939	0.4643632	0.686956	0.313044	2.745269
12	-62.85503	-224.3916	161.5366	0.5814188	0.3038716	0.637934	0.362066	2.13226
18	-70.50457	-232.4196	161.915	0.6483207	0.2191026	0.438853	0.561147	1.980951
24	-70.31408	-232.4657	162.1517	0.7686582	0.2270007	0.81338	0.18662	1.721076
30	-62.25648	-224.3396	162.0831	0.7313415	0.2509806	0.376381	0.623619	1.750184
36	-67.32514	-229.3406	162.0155	0.7319058	0.6220604	0.344161	0.655839	1.27802
42	-79.9645	-241.5997	161.6352	0.9540787	0.7356553	0.379586	0.620414	1.283546
48	-73.86887	-235.2238	161.3549	0.9724264	0.7356553	0.277353	0.722647	1.488668
54	-76.69538	-238.697	162.0016	0.3103987	0.4922621	0.335856	0.664144	1.753604
60	-73.75397	-234.5634	160.8095	0.5458614	0.2653566	0.580763	0.419237	2.673064
66	-75.64294	-237.3087	161.6658	0.5458614	0.5458732	0.868392	0.131608	1.763343
72	-83.26875	-245.0467	161.778	0.2480487	0.7602748	0.611253	0.388747	1.686393
78	-88.40757	-249.1674	160.7599	0.736005	0.1204986	0.531776	0.468224	2.861736
84	-81.21254	-243.1739	161.9613	0.8924437	0.5945241	0.821249	0.178751	1.222403
90	-74.74199	-234.7437	160.0018	0.27932	0.5151049	0.672136	0.327864	3.022463
96	-73.58635	-233.6936	160.1072	0.1738649	0.5151049	0.670194	0.329806	3.022463
102	-80.85351	-241.5325	160.6789	0.07277714	0.9468503	0.805666	0.194334	2.393398
108	-76.3932	-238.0897	161.6965	0.1657822	0.2676141	0.705723	0.294277	2.352957
114	-82.90242	-244.1811	161.2787	1.804674	0.7354556	0.881806	0.118194	0.2860656
120	-78.1512	-240.9152	162.764	0.01243525	0.1743549	0.397416	0.602584	1.928643
126	-63.34806	-225.9465	162.5985	0.03352371	0.2223659	0.661748	0.338252	1.928643
132	-69.76122	-231.5124	161.7512	0.07003697	0.2500438	0.766487	0.233513	2.407422
138	-74.43358	-235.4536	161.02	0.5175297	0.3741623	0.527964	0.472036	2.407422
144	-82.39852	-244.2841	161.8855	0.5274813	0.5374027	0.566857	0.433143	1.629937
150	-69.05475	-230.3456	161.2908	0.2056854	0.4155177	0.621605	0.378395	2.382494
156	-78.77049	-239.5052	160.7347	0.3659596	0.6063509	0.588565	0.411435	2.434901
162	-78.82538	-241.1492	162.3238	1.023024	0.3206153	0.476408	0.523592	1.219438
168	-86.78085	-248.7763	161.9954	1.023024	0.3620787	0.569314	0.430686	1.412768
174	-85.38706	-247.0024	161.6154	0.9564869	0.6078677	0.825705	0.174295	1.433207
180	-83.88355	-245.6029	161.7193	0.6364052	0.4971984	0.270106	0.729894	1.717098
186	-88.08834	-249.8775	161.7892	0.9758111	0.6235545	0.365253	0.634747	1.261751
192	-64.17267	-226.1342	161.9615	0.5813204	0.3963383	0.494201	0.505799	1.712587
198	-70.23821	-232.7362	162.498	0.11873	0.4547307	0.686295	0.313705	1.581941
204	-70.63383	-233.369	162.7352	0.3960669	0.1581809	0.745574	0.254426	1.721146
210	-67.75413	-227.1685	159.4144	0.1685128	0.7548362	0.402696	0.597304	3.237392
216	-64.92539	-225.8208	160.8954	0.05631	0.423791	0.627486	0.372514	2.711959
222	-78.22253	-239.8456	161.6231	0.02958491	0.4044723	0.517657	0.482343	2.296512
228	-65.50504	-226.2812	160.7762	0.2362123	0.5759717	0.512706	0.487294	2.518191
234	-67.93717	-230.0991	162.1619	1.006994	0.3838727	0.75505	0.24495	1.257181
240	-71.36153	-233.6804	162.3189	1.006994	0.3519059	0.767397	0.232603	1.179365
246	-71.56765	-234.2463	162.6787	0.6429149	0.315047	0.497955	0.502045	1.25114
252	-75.32246	-237.1857	161.8633	0.3709387	0.2556084	0.677377	0.322623	2.133264
258	-79.93854	-241.1956	161.2571	0.4952945	0.5468558	0.817085	0.182915	2.073125
264	-78.343	-238.3198	159.9768	0.1417114	0.4742463	0.562935	0.437065	3.160045
270	-78.32476	-240.6063	162.2815	0.387117	0.2939199	0.776179	0.223821	1.777633
276	-86.29529	-246.4027	160.1074	0.7108224	0.5413628	0.740256	0.259744	2.671219
282	-67.28114	-229.8076	162.5265	0.7915643	0.2777865	0.458385	0.541615	1.325597
288	-65.28466	-227.0238	161.7391	0.7915643	0.7410277	0.667985	0.332015	1.325597
294	-67.00285	-229.2048	162.2019	0.2869338	0.2032133	0.789704	0.210296	2.060975
300	-77.44242	-240.0545	162.6121	1.474511	0.2310135	0.323382	0.676618	0.6296489
306	-77.38077	-239.3555	161.9747	1.435409	0.5874296	0.529079	0.470921	0.4521303
312	-76.88009	-239.4456	162.5655	1.234434	0.1852705	0.540439	0.459561	1.134033
318	-60.36009	-223.4259	163.0658	0.9943746	0.1414063	0.554305	0.445695	1.028807
324	-76.62762	-237.5254	160.8978	0.8466881	1.204712	0.365868	0.634132	1.560875
330	-80.09598	-242.5366	162.4407	0.356649	0.4204138	0.386286	0.613714	1.494273
336	-83.92374	-244.599	160.6753	0.4783685	0.690068	0.692739	0.307261	2.328445
342	-78.24227	-240.0323	161.79	0.8817433	0.4856041	0.4421	0.5579	1.501806
348	-86.91445	-248.3441	161.4296	0.6011505	0.5898173	0.658244	0.341756	1.842501
354	-78.48729	-240.8269	162.3396	1.109217	0.5094675	0.358771	0.641229	0.7387064
360	-79.2537	-241.3061	162.0524	1.54627	0.3897363	0.731017	0.268983	0.8272678
366	-84.28469	-245.6475	161.3628	1.54627	0.8226576	0.679673	0.320327	0.8858981
372	-72.7619	-233.8192	161.0573	0.3490172	0.4857235	0.415681	0.584319	2.360502
378	-70.13013	-231.6856	161.5555	0.5245526	0.4193008	0.455936	0.544064	1.999576
384	-68.70705	-230.1087	161.4016	0.3071203	0.3196147	0.732939	0.267061	2.372336
390	-85.33052	-247.3319	162.0014	0.1776858	0.5407537	0.418774	0.581226	1.791555
396	-93.764	-254.5561	160.7921	0.3681637	0.497541	0.841301	0.158699	2.502988
402	-72.92267	-232.9887	160.066	0.01616653	0.3953935	0.682996	0.317004	3.266685
408	-79.19558	-240.6461	161.4505	0.0356178	0.3323528	0.531699	0.468301	2.494728
414	-65.81199	-228.3588	162.5468	0.3172804	0.3323528	0.602361	0.397639	1.576205
420	-70.46086	-231.3565	160.8957	0.536633	0.4233543	0.477746	0.522254	2.413822
426	-82.36936	-242.5229	160.1535	0.1769109	0.6725752	0.584646	0.415354	2.853291
432	-83.79631	-246.4095	162.6131	1.364019	0.1344498	0.558985	0.441015	1.129894
438	-74.9743	-236.8419	161.8676	1.300659	0.5998255	0.564515	0.435485	0.9181948
444	-54.68853	-216.418	161.7295	0.1248703	0.3310207	0.378872	0.621128	2.26343
450	-64.88925	-226.3518	161.4626	0.3935588	0.3302087	0.633178	0.366822	2.26343
456	-72.10913	-233.628	161.5188	0.5301755	0.2128826	0.625263	0.374737	2.327628
462	-63.46175	-225.8521	162.3903	0.5791262	0.3204136	0.567883	0.432117	1.51779
468	-64.93195	-225.7036	160.7716	0.3334992	0.6205581	0.189563	0.810437	2.419288
474	-72.04401	-235.3122	163.2682	0.07581444	0.2679423	0.559031	0.440969	1.324325
480	-69.40282	-229.9611	160.5582	0.4075215	0.7549684	0.410853	0.589147	2.395246
486	-74.10816	-234.622	160.5138	0.4546365	0.7527717	0.736775	0.263225	2.395246
492	-72.63649	-232.2116	159.5752	0.707443	1.04736	0.396849	0.603151	2.623452
498	-69.73201	-229.8595	160.1275	0.8018012	0.6062503	0.528851	0.471149	2.542231
504	-76.17009	-235.464	159.2939	1.982067	4.040371	0.833632	0.166368	0.5353865
510	-66.53187	-224.9491	158.4172	1.982067	5.941098	0.424624	0.575376	1.032978
516	-73.85135	-235.0555	161.2042	1.528143	1.199331	0.339817	0.660183	0.5103101
522	-72.40697	-234.5281	162.1211	0.754483	0.3126811	0.617208	0.382792	1.599676
528	-79.52375	-240.1079	160.5842	1.212955	2.247165	0.530873	0.469127	0.9193679
534	-77.8225	-239.4303	161.6078	0.9236952	0.9231399	0.521629	0.478371	1.149076
540	-76.14424	-238.0663	161.922	0.9236952	0.7444757	0.62521	0.37479	1.04885
546	-82.10578	-244.3249	162.2191	0.6564475	0.3423499	0.261484	0.738516	1.551904
552	-79.39712	-241.3861	161.989	1.022023	0.3973215	0.43869	0.56131	1.363572
558	-81.24262	-243.5535	162.3109	1.354159	0.04388624	0.36033	0.63967	1.687009
564	-77.61902	-240.392	162.7729	1.181783	0.2612393	0.251621	0.748379	0.728739
570	-75.99957	-238.867	162.8674	1.405312	0.1098538	0.528358	0.471642	0.9354966
576	-77.96036	-240.8376	162.8772	0.9502638	0.2903229	0.652966	0.347034	0.8086081
582	-89.22645	-251.4477	162.2213	0.4606106	0.4237798	0.534226	0.465774	1.575233
588	-82.40817	-244.2586	161.8504	1.165461	0.7297946	0.809663	0.190337	0.8919663
594	-70.97771	-232.7885	161.8108	0.7411878	0.202857	0.698271	0.301729	2.01987
600	-72.10184	-233.7422	161.6404	0.2817109	0.09793042	0.515143	0.484857	2.657802
606	-76.606	-237.4083	160.8023	0.4900631	0.1808478	0.695155	0.304845	2.856706
612	-81.32089	-242.8969	161.5761	0.5370178	0.3820535	0.604301	0.395699	2.025342
618	-88.78134	-250.3557	161.5744	0.5791063	0.2149618	0.375041	0.624959	2.256984
624	-71.96024	-233.0219	161.0617	0.7746796	0.8174449	0.465074	0.534926	1.771852
630	-78.0939	-239.3515	161.2576	0.5662372	0.4930658	0.398976	0.601024	2.083102
636	-76.54323	-237.7048	161.1615	0.5275167	0.6216597	0.555689	0.444311	2.041713
642	-81.76833	-243.1262	161.3579	0.3281611	0.2128611	0.113738	0.886262	2.555932
648	-74.31412	-235.3953	161.0812	0.3281611	0.4456046	0.37831	0.62169	2.402718
654	-74.29214	-235.3356	161.0435	0.3053003	0.345276	0.599051	0.400949	2.562991
660	-78.78016	-239.2227	160.4425	0.3768565	0.6609835	0.630823	0.369177	2.562991
666	-76.79088	-238.0662	161.2754	0.5347201	0.3265852	0.701173	0.298827	2.298025
672	-70.50388	-231.2403	160.7364	0.3070023	0.6500353	0.781902	0.218098	2.432247
678	-67.75542	-229.5509	161.7955	0.5415474	0.5273418	0.643056	0.356944	1.695648
684	-75.36879	-237.7391	162.3703	0.3441165	0.3898664	0.437511	0.562489	1.59867
690	-74.12033	-235.6124	161.492	0.09426548	0.4086661	0.628023	0.371977	2.333746
696	-75.00594	-236.3265	161.3205	0.5061964	0.2535193	0.489902	0.510098	2.398247
702	-70.77144	-232.4159	161.6445	0.4188335	0.2533131	0.662854	0.337146	2.247821
708	-74.39724	-235.3368	160.9396	0.4188335	0.634438	0.112327	0.887673	2.245639
714	-77.53236	-237.0383	159.5059	0.4110451	0.4722247	0.360088	0.639912	3.281411
720	-67.76659	-229.6728	161.9062	0.3607807	0.2772581	0.673245	0.326755	2.07609
726	-80.11151	-241.1336	161.0221	0.162352	0.4483402	0.924951	0.0750494	2.540618
732	-75.0563	-237.6934	162.6371	0.8192229	0.3174702	0.383814	0.616186	1.130242
738	-84.29049	-245.8799	161.5894	1.198738	0.7592874	0.563871	0.436129	1.085834
744	-79.67427	-239.6514	159.9771	2.003899	2.292815	0.783789	0.216211	0.611139
750	-81.3074	-243.2237	161.9163	0.459954	0.3517929	0.832501	0.167499	1.890135
756	-77.11037	-238.7835	161.6731	0.3865663	0.2969898	0.830353	0.169647	2.180667
762	-68.60924	-230.7758	162.1665	0.25088	0.1675475	0.693726	0.306274	2.180667
768	-81.4673	-243.3379	161.8706	0.649838	0.2978315	0.719502	0.280498	1.873358
774	-77.01112	-238.5915	161.5804	0.8764306	0.5885619	0.66559	0.33441	1.541105
780	-75.58102	-237.2924	161.7113	0.8764306	0.356301	0.382605	0.617395	1.737558
786	-82.887	-242.4607	159.5737	0.4237421	0.6311283	0.718444	0.281556	3.087636
792	-78.27847	-240.3397	162.0612	0.08060832	0.5249497	0.608137	0.391863	1.834543
798	-76.37906	-237.8576	161.4786	0.6941131	0.2982113	0.741345	0.258655	2.105089
804	-68.39643	-230.4201	162.0237	0.6845386	0.197804	0.492353	0.507647	1.925339
810	-72.67012	-234.17	161.4999	0.1373626	0.1870335	0.362491	0.637509	2.633971
816	-79.64398	-239.8485	160.2045	0.2021972	0.3782091	0.561253	0.438747	3.094275
822	-78.49824	-240.366	161.8677	0.5456073	0.5005341	0.637239	0.362761	1.672308
828	-81.00441	-243.1442	162.1397	1.088951	0.3565161	0.545857	0.454143	1.25367
834	-86.87631	-248.1792	161.3029	1.088951	0.8609298	0.545857	0.454143	1.323452
840	-90.32706	-251.6286	161.3015	1.193725	0.4071935	0.546789	0.453211	1.731399
846	-87.144	-248.3848	161.2409	0.86631	1.188259	0.621209	0.378791	1.292306
852	-86.90902	-246.6864	159.7773	0.3099374	0.6076555	0.502297	0.497703	3.053911
858	-82.52883	-243.7673	161.2385	0.08562675	0.2019032	0.526854	0.473146	2.798207
864	-84.33118	-243.8794	159.5483	0.1494865	0.270137	0.605225	0.394775	3.651873
870	-88.67903	-250.1684	161.4893	0.1028894	0.6753385	0.358201	0.641799	2.056903
876	-79.51945	-241.8857	162.3662	0.8402782	0.2565154	0.468087	0.531913	1.454428
882	-77.47429	-236.8448	159.3705	0.297781	1.0684	0.6104	0.3896	2.985072
888	-76.08258	-236.722	160.6394	0.5322332	1.086548	0.335791	0.664209	2.03269
894	-68.2162	-229.9367	161.7205	0.2416553	0.322852	0.879196	0.120804	2.205585
900	-75.90033	-236.5471	160.6468	0.2590192	0.4928053	0.774755	0.225245	2.665634
906	-77.98906	-240.5287	162.5397	0.2596476	0.248894	0.333985	0.666015	1.764549
912	-75.21877	-237.0555	161.8367	0.3741655	0.3996022	0.636862	0.363138	1.936935
918	-69.35276	-231.4373	162.0845	0.7601553	0.447302	0.402303	0.597697	1.420867
924	-72.69289	-234.6866	161.9937	0.5612672	0.2516027	0.402303	0.597697	1.927305
930	-72.40327	-234.7794	162.3761	0.5393077	0.4957458	0.688907	0.311093	1.298875
936	-66.5349	-229.3238	162.7889	0.447332	0.2409536	0.366067	0.633933	1.462825
942	-67.52181	-229.9943	162.4725	0.8935099	0.1482339	0.550751	0.449249	1.577349
948	-71.05036	-232.8335	161.7832	0.1566038	0.5189691	0.678876	0.321124	1.977986
954	-84.35109	-244.5638	160.2127	0.0810776	0.4019924	0.480461	0.519539	3.13374
960	-79.87695	-240.7908	160.9139	0.2783015	0.2086422	0.545395	0.454605	2.866255
966	-75.81059	-237.2047	161.3941	0.124024	0.324145	0.627499	0.372501	2.486002
972	-77.55663	-239.017	161.4603	0.3288687	0.7533961	0.857183	0.142817	1.85731
978	-76.58778	-238.6064	162.0187	0.3303494	0.3888969	0.260349	0.739651	1.85731
984	-74.47462	-235.6531	161.1784	0.8908238	0.5499771	0.657591	0.342409	1.85731
990	-70.18493	-231.4976	161.3127	0.5125113	0.5831277	0.608926	0.391074	1.988307
996	-67.1742	-228.2109	161.0367	0.06296521	0.5831277	0.233691	0.766309	2.456905
1002	-90.95676	-252.8935	161.9368	0.03296041	0.2844148	0.570482	0.429518	2.258009
1008	-81.7905	-243.3795	161.589	0.008233159	0.4679934	0.192726	0.807274	2.258009
1014	-76.64845	-238.239	161.5906	0.006693612	0.4679934	0.603731	0.396269	2.258009
1020	-80.92507	-242.4755	161.5505	0.002678369	0.2290211	0.567453	0.432547	2.610094
1026	-82.41919	-243.6082	161.189	0.012107	0.3800795	0.680627	0.319373	2.610094
1032	-80.81672	-242.2806	161.4639	0.03046099	0.1760283	0.533738	0.466262	2.743085
1038	-74.8976	-237.0112	162.1136	0.0399168	0.2012947	0.442418	0.557582	2.282558
1044	-69.5087	-230.9525	161.4438	0.02967977	0.5192179	0.616096	0.383904	2.282558
1050	-73.33597	-234.7519	161.4159	0.7597704	0.6148739	0.772335	0.227665	1.716443
1056	-80.04062	-240.6788	160.6381	0.1600323	0.6530807	0.723905	0.276095	2.58281
1062	-83.95594	-244.7222	160.7663	0.03186396	0.6530807	0.395535	0.604465	2.58281
1068	-90.07972	-251.0985	161.0188	0.02630116	0.489703	0.530313	0.469687	2.58281
1074	-86.59886	-247.4719	160.873	1.174468	1.376031	0.642035	0.357965	1.212342
1080	-84.19259	-245.627	161.4344	0.1850191	0.1903189	0.453362	0.546638	2.638685
1086	-69.68936	-232.1197	162.4303	0.02448234	0.3686805	0.459174	0.540826	1.812369
1092	-77.69968	-238.8829	161.1832	0.4311856	0.4493308	0.602034	0.397966	2.268024
1098	-80.49221	-242.7161	162.2239	0.2308459	0.4493308	0.726572	0.273428	1.705273
1104	-75.91477	-236.8959	160.9812	0.5143288	0.5039273	0.910022	0.0899782	2.284391
1110	-79.48982	-239.7751	160.2852	0.1738088	0.281184	0.390627	0.609373	3.190035
1116	-73.57379	-234.092	160.5182	0.5686078	0.639631	0.390627	0.609373	2.413948
1122	-84.60193	-246.9508	162.3489	0.4153495	0.3234188	0.72353	0.27647	1.662635
1128	-80.26654	-241.4743	161.2078	0.1270153	0.3003998	0.381287	0.618713	2.63344
1134	-80.81005	-243.3039	162.4938	0.1302754	0.2914128	0.827374	0.172626	1.812588
1140	-64.65677	-226.8756	162.2189	0.9763489	0.3527849	0.72294	0.27706	1.287699
1146	-74.36669	-236.4244	162.0577	0.7392208	0.5976583	0.0211718	0.978828	1.266118
1152	-69.85191	-231.3408	161.4889	0.6816111	0.3910358	0.529608	0.470392	1.975256
1158	-81.60634	-242.971	161.3647	0.7873955	0.8432094	0.529608	0.470392	1.52378
1164	-73.93505	-235.6828	161.7477	0.5502879	0.3752662	0.691807	0.308193	1.910462
1170	-76.96713	-239.8216	162.8545	0.2795345	0.2381504	0.446224	0.553776	1.545027
1176	-71.70831	-231.9874	160.2791	0.4460356	0.5852835	0.5862	0.4138	2.687419
1182	-68.34526	-230.1016	161.7563	0.5505876	0.4692914	0.682649	0.317351	1.784326
1188	-71.29808	-232.8825	161.5844	0.8032999	0.239322	0.630692	0.369308	2.060586
1194	-67.80551	-229.4479	161.6424	0.18291	0.5153816	0.610283	0.389717	2.057917
1200	-65.65057	-228.1492	162.4986	0.9851037	0.3656335	0.215527	0.784473	1.007366
1206	-63.87764	-226.3912	162.5136	1.058654	0.2695962	0.589553	0.410447	1.127835
1212	-78.9555	-241.9391	162.9836	0.8057551	0.2219526	0.538139	0.461861	1.043326
1218	-70.77097	-233.4786	162.7077	1.026805	0.3296651	0.790625	0.209375	0.8127758
1224	-72.19645	-234.6544	162.458	1.003797	0.2177609	0.662172	0.337828	1.337073
1230	-75.40772	-237.4677	162.0599	0.380226	0.2116602	0.812624	0.187376	2.076796
1236	-68.06884	-229.0791	161.0102	0.4109674	0.626911	0.812624	0.187376	2.211955
1242	-78.60451	-239.0501	160.4456	0.09334953	0.6308281	0.461735	0.538265	2.761243
1248	-78.33366	-239.8029	161.4692	0.123997	0.6308281	0.645344	0.354656	2.096365
1254	-74.91567	-237.4231	162.5074	0.5365903	0.348443	0.488849	0.511151	1.415002
1260	-74.33796	-234.0675	159.7295	0.3677171	0.5555681	0.658901	0.341099	3.094202
1266	-60.54432	-220.1557	159.6114	0.3459914	0.5555681	0.669295	0.330705	3.177402
1272	-72.63656	-234.1615	161.5249	0.2596527	0.5046923	0.79865	0.20135	2.096232
1278	-80.93539	-242.9768	162.0414	0.3972716	0.2165178	0.775505	0.224495	2.068619
1284	-80.31746	-241.4923	161.1748	0.7444184	0.3912282	0.330534	0.669466	2.140958
1290	-70.07191	-231.2797	161.2078	0.3723961	0.4331509	0.675709	0.324291	2.308587
1296	-76.39965	-237.0711	160.6714	0.2531425	0.2125629	0.518594	0.481406	3.020609
1302	-68.20289	-229.1356	160.9327	0.1943557	0.4505992	0.75859	0.24141	2.573818
1308	-75.38492	-235.8567	160.4718	0.4595337	0.718646	0.409832	0.590168	2.445622
1314	-72.05832	-234.7347	162.6764	0.2208314	0.2685585	0.409832	0.590168	1.659857
1320	-80.95203	-242.3519	161.3999	0.4755304	0.925305	0.595812	0.404188	1.659857
1326	-71.30117	-232.7223	161.4211	0.1328416	0.3824227	0.84706	0.15294	2.386582
1332	-77.99448	-240.7693	162.7748	1.327918	0.1998127	0.512558	0.487442	0.7609324
1338	-83.98183	-245.8068	161.8249	0.673166	0.4355129	0.512558	0.487442	1.692169
1344	-82.30199	-245.0031	162.7011	0.1071977	0.1767914	0.531395	0.468605	1.90173
1350	-81.98197	-243.9618	161.9798	0.4882887	0.3610964	0.422771	0.577229	1.813919
1356	-73.55149	-235.9393	162.3879	0.2237507	0.3610964	0.433093	0.566907	1.713786
1362	-82.38544	-243.9036	161.5181	0.8890758	0.807308	0.643828	0.356172	1.36014
1368	-79.8581	-242.13	162.2719	0.5104894	0.31066	0.209958	0.790042	1.670137
1374	-83.94402	-244.8375	160.8935	0.1027352	0.3854737	0.676567	0.323433	2.729561
1380	-86.91767	-248.232	161.3143	0.04794327	0.3525732	0.893961	0.106039	2.545035
1386	-74.86686	-236.1963	161.3294	0.2967276	0.736564	0.855665	0.144335	1.981719
1392	-91.37205	-253.3068	161.9347	1.673264	0.4113537	0.292514	0.707486	0.7582294
1398	-74.36659	-236.4013	162.0347	1.483329	0.5127013	0.763051	0.236949	0.5837825
1404	-76.26228	-238.3087	162.0464	1.461086	0.5216146	0.553805	0.446195	0.4366928
1410	-72.80494	-234.4668	161.6619	1.461086	0.7201147	0.652195	0.347805	0.7729984
1416	-72.46598	-235.1971	162.7311	1.55432	0.1546078	0.652195	0.347805	0.7010955
1422	-80.75423	-242.9537	162.1995	0.04001024	0.4086557	0.153775	0.846225	1.905885
1428	-80.23118	-241.1861	160.9549	0.2606219	0.6534763	0.405694	0.594306	2.320278
1434	-67.93955	-229.8547	161.9152	0.3481173	0.4974503	0.43913	0.56087	1.781538
1440	-75.87008	-238.0335	162.1634	0.7558833	0.4515275	0.55897	0.44103	1.356721
1446	-72.25274	-233.6342	161.3815	0.4303156	0.8837244	0.640552	0.359448	1.736719
1452	-67.09054	-228.8809	161.7904	0.5840583	0.4163184	0.321391	0.678609	1.803594
1458	-70.85836	-233.1119	162.2535	1.068004	0.3493894	0.803198	0.196802	1.187689
1464	-71.74185	-231.7124	159.9705	1.047483	1.865111	0.825599	0.174401	1.736863
1470	-71.17765	-232.3666	161.1889	0.2902469	0.6476517	0.725539	0.274461	2.155642
1476	-75.44935	-236.8754	161.4261	0.5764434	0.6815316	0.691606	0.308394	1.773511
1482	-60.64692	-221.4964	160.8495	0.5378553	0.6995198	0.836577	0.163423	2.170208
1488	-57.15499	-217.6338	160.4789	0.4313748	0.4725359	0.566918	0.433082	2.684018
1494	-61.98146	-224.072	162.0905	0.9656093	0.2962683	0.74776	0.25224	1.49428
1500	-61.28452	-223.9811	162.6965	0.1859033	0.1920166	0.636722	0.363278	1.818442
1506	-67.75813	-229.841	162.0828	0.2031376	0.4897256	0.756598	0.243402	1.774708
1512	-64.36794	-225.4241	161.0561	0.8837237	0.6336558	0.905721	0.0942791	1.861728
1518	-68.01792	-230.2508	162.2329	0.961348	0.6004687	0.43621	0.56379	0.8880617
1524	-60.30871	-222.1827	161.874	0.85149	0.6004687	0.719304	0.280696	1.321017
1530	-65.55204	-227.6121	162.06	0.6105207	0.5511459	0.292588	0.707412	1.422358
1536	-75.14592	-237.9198	162.7739	0.6149824	0.3029327	0.783855	0.216145	1.217898
1542	-83.49335	-245.0114	161.5181	1.351315	0.6794031	0.843894	0.156106	1.104886
1548	-83.73132	-245.4622	161.7309	1.032332	0.8118531	0.258424	0.741576	1.050137
1554	-69.22275	-231.4015	162.1787	0.08442646	0.5058851	0.910389	0.0896108	1.771925
1560	-73.93691	-235.6568	161.7199	0.09897605	0.5769703	0.767369	0.232631	1.998631
1566	-67.70507	-230.2785	162.5734	0.7235495	0.2837291	0.509783	0.490217	1.330918
1572	-76.52365	-237.1602	160.6365	0.7235495	0.9603481	0.666979	0.333021	1.989906
1578	-67.65124	-229.7796	162.1284	0.5039251	0.3090826	0.176318	0.823682	1.778391
1584	-69.23567	-230.6346	161.3989	0.5039251	0.2313331	0.559281	0.440719	2.387491
1590	-67.56271	-230.1085	162.5458	0.4390918	0.1102445	0.344113	0.655887	1.944483
1596	-65.3653	-226.0088	160.6435	0.5060965	0.3758773	0.543264	0.456736	2.647103
1602	-60.20157	-221.8651	161.6636	0.7513876	0.3850689	0.439316	0.560684	1.817184
1608	-67.12607	-227.4772	160.3511	0.8475099	1.540188	0.64386	0.35614	1.7621
1614	-76.68375	-238.8027	162.1189	0.739973	0.2918984	0.904872	0.0951276	1.646578
1620	-70.616	-233.1501	162.5341	1.458086	0.2780123	0.513685	0.486315	0.4735627
1626	-72.58889	-235.4453	162.8564	1.458086	0.1283454	0.364258	0.635742	0.8001367
1632	-93.24739	-254.2725	161.0251	0.2774916	0.3321939	0.550268	0.449732	2.60909
1638	-89.70085	-250.8724	161.1715	0.4487999	0.8191001	0.368577	0.631423	1.918733
1644	-80.83509	-240.4299	159.5948	1.546554	3.471488	0.745435	0.254565	1.031539
1650	-67.02029	-228.0532	161.0329	1.670566	1.11965	0.691793	0.308207	0.7585933
1656	-70.59204	-231.1265	160.5345	1.530664	1.999535	0.317405	0.682595	0.7585933
1662	-70.37546	-230.2644	159.8889	1.530664	2.374125	0.73452	0.26548	1.213869
1668	-66.17907	-228.8305	162.6515	0.9139306	0.3397363	0.467807	0.532193	0.9798453
1674	-80.03143	-242.2099	162.1785	0.7415612	0.2199658	0.708787	0.291213	1.735119
1680	-70.25841	-232.9872	162.7287	1.131363	0.2560723	0.528037	0.471963	0.8729285
1686	-77.95438	-240.7795	162.8251	1.259851	0.1775082	0.551961	0.448039	0.8729285
1692	-83.36266	-246.1154	162.7528	1.32745	0.1442645	0.724114	0.275886	0.9988705
1698	-73.08122	-235.8248	162.7436	1.32745	0.2434769	0.658898	0.341102	0.5765902
1704	-73.03907	-235.2046	162.1655	1.32745	0.4896221	0.736695	0.263305	0.7207759
1710	-72.68959	-234.8317	162.1421	1.32745	0.5470088	0.821518	0.178482	0.5598442
1716	-65.49428	-228.0602	162.5659	1.2547	0.1688337	0.509663	0.490337	1.162323
1722	-74.35238	-236.4771	162.1247	0.9158479	0.5558316	0.530364	0.469636	1.109597
1728	-69.54622	-231.5226	161.9763	1.392311	0.6081066	0.530364	0.469636	0.4152407
1734	-66.03515	-228.5592	162.524	1.392301	0.2200872	0.565566	0.434434	0.9190845
1740	-74.35162	-236.2061	161.8545	1.275501	0.718582	0.268867	0.731133	0.7657751
1746	-76.07942	-238.7006	162.6212	1.275501	0.2024466	0.216251	0.783749	0.9932118
1752	-76.89756	-237.9525	161.0549	0.4057266	0.4898776	0.354182	0.645818	2.321556
1758	-82.09022	-242.9916	160.9014	0.5706378	0.6447962	0.557527	0.442473	2.162876
1764	-80.24853	-241.9801	161.7315	0.7888972	0.5098214	0.469446	0.530554	1.584037
1770	-77.01859	-238.6137	161.5951	1.057472	0.5873393	0.162903	0.837097	1.393914
1776	-72.33136	-234.8055	162.4741	1.057472	0.2358497	0.686476	0.313524	1.238975
1782	-80.14215	-240.2769	160.1347	1.007341	1.080174	0.711728	0.288272	2.056242
1788	-82.68884	-245.0468	162.358	1.251286	0.2321015	0.669997	0.330003	1.181518
1794	-80.23139	-242.7197	162.4883	0.9374648	0.3560251	0.766974	0.233026	1.082017
1800	-77.51555	-239.3582	161.8426	0.4523108	0.3548472	0.316388	0.683612	1.940793
1806	-68.77708	-231.0706	162.2935	0.4404852	0.1819938	0.426147	0.573853	1.940793
1812	-78.24113	-240.464	162.2229	0.3580038	0.4399485	0.697888	0.302112	1.627156
1818	-85.78297	-244.7648	158.9818	0.2367345	0.4425615	0.138395	0.861605	3.719338
1824	-76.45285	-238.3616	161.9088	0.3683611	0.3863421	0.618282	0.381718	1.909656
1830	-74.12515	-235.4222	161.297	0.3950876	0.7947407	0.792565	0.207435	1.889426
1836	-74.67068	-236.1243	161.4537	0.09634621	0.269379	0.830588	0.169412	2.546408
1842	-81.46591	-242.4257	160.9598	0.6028212	0.5927752	0.595882	0.404118	2.152061
1848	-81.67506	-243.3632	161.6882	0.03600445	0.4896571	0.551776	0.448224	2.152061
1854	-76.55051	-238.2498	161.6993	0.03417387	0.4841267	0.748225	0.251775	2.152061
1860	-65.06182	-226.2661	161.2042	0.01644032	0.2355436	0.342539	0.657461	2.80307
1866	-68.19103	-230.158	161.967	0.03696408	0.4241433	0.433582	0.566418	2.044142
1872	-72.1833	-232.8048	160.6215	0.01707427	0.8669663	0.228751	0.771249	2.518401
1878	-70.80281	-233.1852	162.3823	0.06511479	0.2990397	0.47883	0.52117	1.920969
1884	-65.72333	-226.3697	160.6463	0.08630139	0.2990397	0.529143	0.470857	3.001533
1890	-68.05632	-229.0575	161.0011	0.2642857	0.2416469	0.567575	0.432425	2.765795
1896	-78.13274	-239.5418	161.4091	0.5033081	0.6407744	0.839535	0.160465	1.873695
1902	-89.88969	-251.5021	161.6124	1.337955	0.9359411	0.485928	0.514072	0.6412037
1908	-79.5071	-240.506	160.9989	1.337955	1.352772	0.178219	0.821781	0.9603718
1914	-78.53686	-240.6952	162.1583	1.038638	0.4256213	0.498535	0.501465	1.16527
1920	-82.07686	-243.3158	161.2389	0.02684083	0.2710849	0.740306	0.259694	2.71923
1926	-77.17986	-238.4003	161.2205	0.4628076	0.2710849	0.746726	0.253274	2.460491
1932	-76.25039	-238.5927	162.3423	0.8296545	0.37613	0.56611	0.43389	1.267427
1938	-76.24689	-237.9906	161.7437	1.125862	0.6908587	0.586937	0.413063	1.090804
1944	-72.38257	-233.7134	161.3308	0.1332468	0.5026129	0.704547	0.295453	2.305878
1950	-76.12963	-237.7608	161.6312	0.1021305	0.6358447	0.359649	0.640351	1.999037
1956	-66.90923	-228.3085	161.3993	0.0443234	0.6222788	0.789955	0.210045	2.20171
1962	-67.41876	-228.2845	160.8658	0.0431744	0.5182106	0.321841	0.678159	2.637986
1968	-70.84928	-232.9334	162.0841	0.1359062	0.2940581	0.642125	0.357875	2.080425
1974	-76.94082	-239.4445	162.5037	0.08016302	0.4065066	0.645546	0.354454	1.669569
1980	-74.62779	-236.4306	161.8028	0.64308	0.3533057	0.511832	0.488168	1.840357
1986	-72.79294	-233.9151	161.1222	0.310252	0.2719723	0.270966	0.729034	2.615341
1992	-75.82019	-236.2079	160.3877	0.4837565	0.5656829	0.270966	0.729034	2.615341
1998	-79.53116	-241.6864	162.1553	0.1081712	0.6041487	0.834783	0.165217	1.665089
2004	-63.938	-226.0066	162.0686	0.6606289	0.2971792	0.66568	0.33432	1.729906
2010	-76.28586	-236.5265	160.2406	0.6805583	0.5441451	0.38583	0.61417	2.605034
2016	-74.59282	-235.5647	160.9718	0.6805583	0.7796328	0.6939	0.3061	1.928562
2022	-76.71224	-237.9245	161.2122	1.103583	0.7466713	0.586982	0.413018	1.486983
2028	-77.18197	-237.8369	160.655	1.103583	1.037845	0.701736	0.298264	1.661793
2034	-88.10719	-248.0754	159.9682	0.06050939	0.7415425	0.734286	0.265714	2.98157
2040	-83.74657	-243.6917	159.9452	0.05299297	0.6722207	0.588565	0.411435	3.053579
2046	-94.65167	-254.6612	160.0096	0.5308961	0.4721281	0.808845	0.191155	2.90961
2052	-92.80106	-252.5175	159.7164	0.6522299	0.5333281	0.328392	0.671608	2.952368
2058	-87.02981	-247.5564	160.5266	0.212375	1.067058	0.586317	0.413683	2.325549
2064	-89.2773	-251.2083	161.931	0.9105651	0.5856392	0.387377	0.612623	1.243624
2070	-96.53017	-258.5908	162.0606	1.034789	0.4117061	0.400406	0.599594	1.273452
2076	-85.63227	-246.3216	160.6893	1.034789	0.8591783	0.340854	0.659146	1.816701
2082	-84.2312	-245.44	161.2088	0.734815	1.170339	0.299481	0.700519	1.434029
2088	-88.53655	-250.778	162.2414	1.038621	0.4340389	0.711568	0.288432	1.076278
2094	-84.10857	-245.537	161.4285	0.1945792	0.3085073	0.811685	0.188315	2.442299
2100	-77.77871	-239.7799	162.0012	1.110652	0.539839	0.467096	0.532904	1.066538
2106	-69.31803	-231.9329	162.6149	1.110652	0.1070849	0.673681	0.326319	1.425295
2112	-67.24463	-229.6984	162.4538	1.110652	0.4033521	0.367909	0.632091	0.8370618
2118	-70.41736	-233.1048	162.6874	1.110652	0.3331842	0.63231	0.36769	0.7084139
2124	-76.29304	-238.7867	162.4937	0.9858077	0.3115377	0.301762	0.698238	1.121463
2130	-69.49523	-231.2612	161.766	0.8504889	0.9905112	0.843132	0.156868	1.004616
2136	-71.51699	-233.4743	161.9573	1.018601	0.7533202	0.260243	0.739757	0.9039815
2142	-77.66195	-237.8558	160.1939	1.350225	2.241113	0.661843	0.338157	1.166589
2148	-83.5191	-245.4869	161.9678	0.817014	0.8565555	0.765544	0.234456	0.9783719
2154	-82.40505	-244.5129	162.1078	1.247956	0.5506145	0.492956	0.507044	0.7793139
2160	-76.71284	-238.7929	162.0801	1.609414	0.3940802	0.651423	0.348577	0.3559435
2166	-75.91642	-236.9476	161.0312	1.526701	1.324282	0.651423	0.348577	0.7107342
2172	-77.02626	-237.6383	160.612	0.5320901	0.8286263	0.77259	0.22741	2.22551
2178	-73.30873	-233.9201	160.6114	0.1506843	0.668247	0.451925	0.548075	2.592426
2184	-78.13516	-238.8285	160.6934	1.315438	1.468121	0.520697	0.479303	1.185059
2190	-72.99199	-235.0617	162.0697	0.6797586	0.2830636	0.814748	0.185252	1.739263
2196	-73.1058	-234.4887	161.3829	1.049651	0.517025	0.11777	0.88223	1.639254
2202	-88.36911	-249.8507	161.4816	1.810527	0.6024172	0.298872	0.701128	0.3076163
2208	-72.56007	-234.0089	161.4489	1.810527	0.653449	0.671358	0.328642	0.3440887
2214	-86.33442	-247.3771	161.0427	1.943568	0.8392286	0.61239	0.38761	0.3055889
2220	-88.08402	-248.2801	160.1961	1.30392	1.00287	0.733398	0.266602	1.866334
2226	-87.23994	-249.5436	162.3037	1.008539	0.4555231	0.475992	0.524008	1.008312
2232	-71.47711	-234.0637	162.5866	0.8424642	0.3563198	0.744101	0.255899	1.078364
2238	-84.02726	-245.1359	161.1087	0.7987336	0.6426292	0.563439	0.436561	1.875345
2244	-91.11798	-252.424	161.306	1.278387	0.5077211	0.67852	0.32148	1.539519
2250	-81.24758	-242.1749	160.9273	0.5835529	0.3960903	0.514525	0.485475	2.396864
2256	-72.96567	-235.3347	162.3691	0.6857746	0.3507216	0.778798	0.221202	1.4029
2262	-80.01904	-242.6152	162.5962	0.680091	0.2853063	0.647769	0.352231	1.344396
2268	-79.31501	-240.529	161.2139	1.412471	1.062301	0.647769	0.352231	0.9209403
2274	-84.89801	-246.5273	161.6293	1.412471	0.8062785	0.843357	0.156643	0.7372592
2280	-86.75635	-248.7855	162.0292	0.3039622	0.2296754	0.67753	0.32247	2.113718
2286	-91.02745	-251.2391	160.2116	0.7373826	1.196678	0.450398	0.549602	2.113718
2292	-85.56905	-247.6855	162.1165	1.467396	0.4074466	0.843924	0.156076	0.8021754
2298	-81.34471	-243.3075	161.9628	1.24829	0.5979908	0.410884	0.589116	0.8727828
2304	-78.45491	-240.0687	161.6138	2.112098	0.2089765	0.790871	0.209129	0.1618478
2310	-83.05827	-243.2486	160.1904	2.042212	1.589063	0.741366	0.258634	0.2486487
2316	-79.5183	-239.9895	160.4712	2.042212	1.186134	0.708173	0.291827	0.2325218
2322	-71.61684	-233.1914	161.5746	0.04262961	0.6962099	0.224929	0.775071	2.022115
2328	-78.66735	-241.0679	162.4005	0.04806285	0.2525529	0.796201	0.203799	1.997016
2334	-80.3881	-237.6434	157.2553	2.141734	10.26277	0.703229	0.296771	1.191924
2340	-84.43401	-245.1946	160.7606	0.2172465	0.8966017	0.613399	0.386601	2.283531
2346	-79.44901	-241.7005	162.2515	0.1845417	0.3622797	0.574314	0.425686	1.83436
2352	-67.72903	-229.7464	162.0174	0.5192688	0.3622797	0.495795	0.504205	1.764684
2358	-74.37579	-236.3483	161.9725	0.09565904	0.6424208	0.43664	0.56336	1.764684
2364	-77.24257	-239.0657	161.8231	0.09738327	0.4949764	0.691478	0.308522	2.017081
2370	-83.45673	-243.6526	160.1959	0.06961458	0.6349425	0.505167	0.494833	2.923676
2376	-82.2295	-242.1507	159.9212	0.4486234	0.5466254	0.682876	0.317124	2.939142
2382	-77.44708	-238.7502	161.3032	0.09478484	0.5086878	0.586916	0.413084	2.341635
2388	-78.34531	-238.9601	160.6148	0.09031824	1.076121	0.433588	0.566412	2.341635
2394	-74.73411	-236.1984	161.4643	0.1772693	0.4682304	0.457484	0.542516	2.229251
2400	-82.51286	-243.4649	160.952	0.430468	0.4682304	0.226367	0.773633	2.394555
2406	-82.9153	-244.6296	161.7143	0.770012	0.833496	0.723741	0.276259	1.273517
2412	-87.36009	-247.8327	160.4726	0.770012	0.9075151	0.597607	0.402393	2.104395
2418	-86.75744	-247.8949	161.1374	0.6122244	0.472658	0.477526	0.522474	2.154276
2424	-84.02032	-243.8632	159.8429	0.4140059	0.8945096	0.788953	0.211047	2.735435
2430	-73.44529	-234.1103	160.665	0.3008774	0.4019519	0.637175	0.362825	2.728503
2436	-72.9116	-234.9977	162.0861	0.08094106	0.3598478	0.767525	0.232475	2.019382
2442	-78.64458	-240.5721	161.9275	0.05057045	0.4251168	0.667215	0.332785	2.060093
2448	-82.91947	-243.3736	160.4541	0.05241415	0.3943299	0.523826	0.476174	3.015551
2454	-76.30035	-236.5012	160.2009	0.0460795	0.5438538	0.525625	0.474375	3.015551
2460	-81.74962	-243.2856	161.536	0.002449618	0.5653442	0.284982	0.715018	2.194304
2466	-95.51734	-256.6127	161.0954	0.01553635	0.6636238	0.418024	0.581976	2.377955
2472	-81.32974	-242.3911	161.0614	0.177952	0.3373065	0.582747	0.417253	2.641324
2478	-76.77137	-239.127	162.3556	0.4348545	0.3927936	0.311929	0.688071	1.538666
2484	-65.60036	-227.1859	161.5855	0.4348545	0.2386893	0.715076	0.284924	2.300108
2490	-69.43583	-229.9334	160.4976	0.4829278	0.6183469	0.747054	0.252946	2.499489
2496	-76.00192	-237.1234	161.1215	0.3388676	0.785125	0.515382	0.484618	2.052425
2502	-76.87944	-237.5146	160.6351	0.06389486	0.6229718	0.312774	0.687226	2.669921
2508	-77.56522	-237.9967	160.4315	0.03786978	0.5183533	0.418271	0.581729	2.906033
2514	-97.40956	-258.8622	161.4526	0.4486409	0.3484124	0.837816	0.162184	2.209172
2520	-75.12938	-237.1348	162.0054	0.6225763	0.626945	0.346089	0.653911	1.368473
2526	-75.27762	-236.8191	161.5415	0.2534438	0.2344317	0.452953	0.547047	2.450154
2532	-69.61073	-231.8204	162.2097	0.3309194	0.3084967	0.536106	0.463894	1.842677
2538	-69.79567	-231.0318	161.2362	0.3213926	0.3048719	0.679606	0.320394	2.488607
2544	-74.15845	-235.3974	161.239	0.2972895	0.3141819	0.843379	0.156621	2.488607
2550	-67.91274	-228.062	160.1493	0.1742813	0.6094726	0.613376	0.386624	2.910404
2556	-69.0989	-230.8947	161.7958	0.4959052	0.5931204	0.387595	0.612405	1.656387
2562	-70.8126	-232.9924	162.1798	0.8838525	0.2085969	0.568883	0.431117	1.656387
2568	-73.67673	-236.3293	162.6525	0.667364	0.1309134	0.545901	0.454099	1.656387
2574	-74.62318	-237.3325	162.7093	0.667364	0.4935686	0.433019	0.566981	0.8692531
2580	-79.756	-241.1086	161.3526	0.5217991	0.2853061	0.637433	0.362567	2.317626
2586	-71.16267	-231.6723	160.5096	0.391168	0.5112536	0.7415	0.2585	2.649979
2592	-68.24173	-230.1444	161.9027	0.6660766	0.5166811	0.437785	0.562215	1.540299
2598	-75.03592	-236.7996	161.7637	0.6660766	0.4267163	0.30443	0.69557	1.751636
2604	-78.45882	-240.6171	162.1583	1.132217	0.4267163	0.652677	0.347323	1.079043
2610	-80.77716	-243.0086	162.2315	1.337105	0.2417725	0.511211	0.488789	1.194062
2616	-73.36938	-235.1	161.7306	0.8061879	0.5152318	0.468995	0.531005	1.565611
2622	-69.26306	-230.6406	161.3776	0.8090831	0.425157	0.439261	0.560739	1.920727
2628	-73.68011	-235.0283	161.3482	1.505356	0.8108999	0.655268	0.344732	0.9613333
2634	-73.0128	-234.3628	161.35	1.608917	0.9463377	0.517007	0.482993	0.5893501
2640	-69.72423	-231.8469	162.1227	1.608917	0.3977236	0.568073	0.431927	0.5362888
2646	-65.74765	-228.3356	162.588	1.327111	0.2092275	0.651707	0.348293	0.9537951
2652	-64.2101	-226.3629	162.1528	1.567579	0.3877112	0.60864	0.39136	0.6403006
2658	-69.26872	-231.6558	162.3871	1.194099	0.3160552	0.62211	0.37789	1.016223
2664	-72.44857	-234.0765	161.6279	0.6802994	0.4087766	0.73264	0.26736	1.858966
2670	-68.70413	-229.5525	160.8484	0.5424014	0.738755	0.882427	0.117573	2.135386
2676	-60.28236	-222.7492	162.4669	0.4114637	0.1356247	0.478525	0.521475	1.949996
2682	-57.9173	-220.283	162.3657	0.02424075	0.346715	0.649978	0.350022	1.888097
2688	-63.44388	-225.4833	162.0394	0.08459815	0.3745247	0.557909	0.442091	2.028061
2694	-65.85863	-228.3335	162.4748	0.1012315	0.211186	0.516662	0.483338	1.987582
2700	-66.30903	-227.7122	161.4032	0.1617051	0.4084397	0.543568	0.456432	2.34765
2706	-66.09055	-228.2899	162.1994	0.09326148	0.4480984	0.681769	0.318231	1.819947
2712	-63.39963	-225.5179	162.1183	0.03184804	0.4591292	0.370329	0.629671	1.90404
2718	-79.30361	-240.3284	161.0248	0.07482012	0.7360696	0.621991	0.378009	2.325206
2724	-87.76394	-248.7406	160.9766	0.1230099	0.7360696	0.564272	0.435728	2.325206
2730	-82.23312	-242.8656	160.6325	0.2400031	0.5065201	0.506596	0.493404	2.672174
2736	-74.48859	-235.0286	160.54	0.3678044	0.5119574	0.20565	0.79435	2.644948
2742	-74.25313	-235.687	161.4339	0.1964209	0.3500435	0.584946	0.415054	2.380188
2748	-72.33481	-234.1728	161.838	0.09322956	0.3500435	0.320711	0.679289	2.187528
2754	-62.04296	-223.7064	161.6634	0.2967329	0.5697657	0.825137	0.174863	1.911002
2760	-60.12602	-222.0189	161.8929	0.1336997	0.2714393	0.616454	0.383546	2.241846
2766	-63.92999	-225.7946	161.8647	0.8409582	0.4491519	0.570326	0.429674	1.523697
2772	-71.72221	-231.7928	160.0706	0.7434884	1.535975	0.604606	0.395394	2.025566
2778	-72.92674	-234.8738	161.9471	0.9169455	0.622978	0.583467	0.416533	1.178538
2784	-86.75638	-246.1752	159.4188	1.39998	2.943292	0.565729	0.434271	1.479706
2790	-81.39412	-241.7224	160.3283	1.39998	1.987163	0.527487	0.472513	1.129868
2796	-78.37373	-240.5545	162.1808	1.310637	0.5014523	0.569264	0.430736	0.689515
2802	-69.35556	-231.7557	162.4001	1.335869	0.2673104	0.670107	0.329893	0.9770514
2808	-73.39649	-235.0532	161.6567	1.335869	0.7868463	0.601498	0.398502	0.8364771
2814	-76.58486	-238.5388	161.9539	1.101212	0.5245417	0.65788	0.34212	1.140589
2820	-79.9162	-242.3158	162.3996	1.269031	0.3556225	0.65788	0.34212	0.8260054
2826	-73.44134	-235.3441	161.9027	1.709089	0.4181329	0.879327	0.120673	0.733055
2832	-79.46674	-241.1326	161.6658	1.689923	0.5476049	0.549558	0.450442	0.7858405
2838	-80.60813	-242.9126	162.3045	1.587221	0.3191759	0.219946	0.780054	0.4486098
2844	-69.10332	-231.3385	162.2352	1.587221	0.3532694	0.558441	0.441559	0.5244189
2850	-66.6561	-229.2953	162.6392	1.587221	0.1919191	0.591438	0.408562	0.4686306
2856	-69.91013	-232.4124	162.5022	1.626255	0.2076115	0.25762	0.74238	0.354272
2862	-68.53625	-230.8215	162.2853	0.7655483	0.3684542	0.737912	0.262088	1.377357
2868	-71.03758	-233.3633	162.3257	0.9950748	0.4951304	0.82928	0.17072	0.9292774
2874	-74.35164	-235.0618	160.7102	1.033603	1.801459	0.755365	0.244635	1.215521
2880	-89.03753	-249.6545	160.6169	0.7485766	1.698953	0.816737	0.183263	1.564115
2886	-76.89841	-239.5239	162.6255	0.6453554	0.439822	0.619662	0.380338	1.075033
2892	-73.42648	-235.3168	161.8904	0.5571103	0.6554354	0.224488	0.775512	1.477188
2898	-69.39284	-231.5801	162.1872	0.2234441	0.2360929	0.639442	0.360558	2.051163
2904	-68.70357	-230.0935	161.3899	0.1639479	0.5836502	0.344496	0.655504	2.16651
2910	-88.61864	-251.7651	163.1464	0.99452	0.2041034	0.309642	0.690358	0.6769508
2916	-84.12335	-246.7651	162.6417	0.9749101	0.3242323	0.893329	0.106671	0.96188
2922	-72.47737	-235.0023	162.5249	0.9749101	0.491314	0.532212	0.467788	0.704461
2928	-73.45685	-236.2128	162.7559	1.693794	0.1224355	0.510711	0.489289	0.5994896
2934	-71.43712	-233.9098	162.4727	1.009576	0.3276903	0.239665	0.760335	1.085907
2940	-79.6098	-241.1129	161.5031	0.8971209	1.127642	0.525159	0.474841	1.085907
2946	-65.82472	-228.1603	162.3356	0.5150978	0.3668072	0.455223	0.544777	1.532441
2952	-68.51518	-230.6299	162.1147	0.7673515	0.3259609	0.687671	0.312329	1.573305
2958	-72.51538	-234.2832	161.7678	0.9630266	0.6455789	0.696087	0.303913	1.264528
2964	-82.18153	-243.8412	161.6597	1.069224	0.8568155	0.636251	0.363749	1.033666
2970	-77.21305	-239.0287	161.8157	1.215724	0.6256481	0.636153	0.363847	1.021421
2976	-67.66392	-230.586	162.922	1.089165	0.2451397	0.67017	0.32983	0.7043768
2982	-80.6602	-242.9034	162.2432	0.6373786	0.7203148	0.208649	0.791351	1.044629
2988	-66.73441	-229.2377	162.5033	1.211658	0.329221	0.252303	0.747697	0.8387548
2994	-76.87799	-237.8023	160.9243	0.1838848	1.306228	0.827952	0.172048	1.946703
3000	-77.87423	-239.1621	161.2878	1.211658	1.394803	0.693782	0.306218	0.7149884
3006	-75.12152	-237.8362	162.7147	1.282189	0.1978393	0.808354	0.191646	0.9015927
3012	-79.58009	-241.671	162.0909	1.40014	0.51373	0.676831	0.323169	0.6506326
3018	-87.25968	-249.2653	162.0056	1.40014	0.5596012	0.391434	0.608566	0.6771666
3024	-85.31126	-246.7966	161.4853	1.40014	0.838333	0.596836	0.403164	0.8922978
3030	-85.57249	-247.2991	161.7266	0.288756	0.6160883	0.590546	0.409454	1.826954
3036	-89.00119	-250.4065	161.4053	0.6082685	0.4904895	0.669245	0.330755	1.959925
3042	-75.66002	-236.4431	160.7831	0.2036446	0.4158994	0.669245	0.330755	2.699489
3048	-74.42861	-235.2018	160.7732	0.1254363	0.4646713	0.629587	0.370413	2.699489
3054	-68.28504	-229.9414	161.6563	0.2728554	0.5687139	0.620471	0.379529	1.933019
3060	-67.37761	-229.6615	162.2839	0.4533556	0.4169391	0.729803	0.270197	1.543871
3066	-69.51138	-231.8252	162.3138	0.7099829	0.5467506	0.720872	0.279128	1.137286
3072	-109.5745	-270.5542	160.9797	1.688347	1.272342	0.481361	0.518639	0.467342
3078	-95.20377	-256.7797	161.5759	1.688347	0.6583571	0.45447	0.54553	0.3577235
3084	-78.54011	-239.9155	161.3754	0.7693771	0.9068544	0.661702	0.338298	1.476515
3090	-80.63286	-241.1065	160.4736	0.4273775	0.3825422	0.38432	0.61568	2.79127
3096	-72.04497	-234.0689	162.0239	0.281196	0.3400823	0.373833	0.626167	1.955012
3102	-81.11581	-243.5413	162.4255	0.6569747	0.3400823	0.445596	0.554404	1.398969
3108	-75.17245	-237.0111	161.8386	0.8223132	0.3592581	0.645084	0.354916	1.681526
3114	-82.8926	-245.1263	162.2337	0.7044348	0.1279853	0.631926	0.368074	1.928938
3120	-81.08983	-243.653	162.5632	1.015133	0.3080388	0.513446	0.486554	1.036786
3126	-79.3413	-240.7942	161.4529	1.015133	0.7676186	0.429531	0.570469	1.349496
3132	-64.87581	-225.392	160.5162	1.249116	1.646208	0.693082	0.306918	1.282903
3138	-62.00594	-223.9677	161.9617	1.249116	0.6562725	0.648987	0.351013	0.7676351
3144	-69.06118	-230.9454	161.8842	1.249116	0.6349883	0.578878	0.421122	0.9014209
3150	-74.81401	-236.647	161.833	1.373805	0.6675754	0.550855	0.449145	0.7510882
3156	-83.65958	-246.6455	162.9859	1.373805	0.1503571	0.647178	0.352822	0.5497465
3162	-78.11253	-240.6635	162.551	0.503115	0.2988637	0.539895	0.460105	1.491265
3168	-69.94504	-232.4102	162.4651	0.8122052	0.2125918	0.681053	0.318947	1.491265
3174	-62.15131	-224.3805	162.2292	0.8122052	0.3059402	0.335222	0.664778	1.488493
3180	-81.63738	-244.111	162.4737	1.03711	0.4966621	0.516308	0.483692	0.6678736
3186	-75.42379	-236.8619	161.4381	1.06266	0.9984776	0.160084	0.839916	1.106957
3192	-78.90041	-241.2202	162.3198	0.855757	0.4013247	0.686065	0.313935	1.223116
3198	-64.5828	-226.5206	161.9378	0.3174246	0.2178589	0.689225	0.310775	2.18604
3204	-66.01697	-226.1955	160.1785	0.2440971	0.6853207	0.665052	0.334948	2.786956
3210	-75.93261	-236.4985	160.5659	0.6234071	0.2005691	0.212391	0.787609	2.882411
3216	-74.79572	-236.4822	161.6865	0.406562	0.4473293	0.670998	0.329002	1.956671
3222	-68.21877	-230.1172	161.8985	0.8640119	0.3945289	0.523446	0.476554	1.556823
3228	-80.18188	-242.2298	162.0479	0.8640119	0.3226074	0.269504	0.730496	1.556823
3234	-74.31889	-236.2716	161.9527	0.6828688	0.644915	0.463735	0.536265	1.342578
3240	-81.26898	-243.7489	162.4799	0.8937111	0.3715057	0.214434	0.785566	1.100816
3246	-77.34483	-240.2669	162.9221	1.257579	0.1687438	0.697358	0.302642	0.7896559
3252	-80.76635	-243.4801	162.7137	1.257579	0.2668144	0.516389	0.483611	0.6754292
3258	-81.82815	-243.9579	162.1298	1.257579	0.4815274	0.700081	0.299919	0.8804608
3264	-82.68587	-244.8716	162.1857	1.46429	0.4348893	0.712775	0.287225	0.5897636
3270	-66.81724	-228.7223	161.905	0.9236401	0.666946	0.564985	0.435015	1.156325
3276	-74.19125	-236.4495	162.2582	0.5366141	0.3989266	0.813004	0.186996	1.526592
3282	-70.20503	-231.2248	161.0197	1.3243	1.656718	0.244286	0.755714	0.6500809
3288	-65.85232	-227.0153	161.163	1.3243	1.374056	0.618205	0.381795	0.7591249
3294	-76.83458	-239.5442	162.7096	1.039144	0.380671	0.326366	0.673634	0.6035711
3300	-87.46719	-248.4832	161.016	0.4535205	0.6971811	0.504845	0.495155	2.118648
3306	-87.70493	-247.9904	160.2855	0.3265709	1.182414	0.511567	0.488433	2.339089
3312	-70.29196	-231.4636	161.1716	1.660113	0.982383	0.676075	0.323925	0.304933
3318	-66.08073	-228.3733	162.2926	1.660113	0.2528291	0.686025	0.313975	0.304933
3324	-65.99463	-227.2089	161.2142	1.713439	0.9760668	0.65572	0.34428	0.4186194
3330	-68.63935	-230.5741	161.9347	1.656806	0.3549888	0.429704	0.570296	0.2334847
3336	-69.86953	-231.6395	161.77	1.656806	0.5130854	0.528605	0.471395	0.3058126
3342	-76.9275	-238.2789	161.3514	1.606681	0.9522981	0.387353	0.612647	0.4361324
3348	-78.15501	-240.7231	162.5681	1.408882	0.2847573	0.541808	0.458192	0.4867774
3354	-78.79838	-240.9875	162.1891	1.408882	0.412773	0.355151	0.644849	0.3026116
3360	-66.68209	-229.4583	162.7762	1.432892	0.1972377	0.580143	0.419857	0.4610032
3366	-75.77743	-237.8329	162.0555	1.432892	0.5037912	0.185884	0.814116	0.6880418
3372	-91.11655	-251.6947	160.5782	2.145037	0.7786626	0.631603	0.368397	0.1652734
3378	-101.2745	-260.5677	159.2932	2.456112	2.563825	0.457269	0.542731	0.2956276
3384	-72.72641	-234.5094	161.7829	1.097764	0.5187629	0.508473	0.491527	1.296481
3390	-74.31919	-236.953	162.6338	0.8898902	0.2340582	0.646029	0.353971	1.249657
3396	-81.96543	-243.7461	161.7807	1.015697	0.5951175	0.147774	0.852226	1.269576
3402	-79.30006	-242.117	162.8169	0.3449292	0.1720762	0.662942	0.337058	1.666604
3408	-67.25037	-229.2884	162.038	0.4706471	0.3793274	0.594672	0.405328	1.760073
3414	-73.40423	-235.6315	162.2272	0.8346863	0.2829669	0.778417	0.221583	1.513701
3420	-75.79887	-238.6902	162.8913	1.292459	0.2068599	0.684142	0.315858	0.4993296
3426	-76.45933	-238.6881	162.2288	1.476807	0.2988841	0.712736	0.287264	0.928701
3432	-76.93447	-238.8059	161.8714	1.456135	0.5548309	0.667721	0.332279	0.8086958
3438	-81.53809	-242.9181	161.3801	1.559527	0.9375774	0.819481	0.180519	0.6608078
3444	-74.38993	-236.8416	162.4517	0.8634807	0.4027672	0.735874	0.264126	1.09788
3450	-71.44888	-233.0299	161.5811	0.7055529	0.5343174	0.412029	0.587971	1.723478
3456	-84.12174	-244.5961	160.4744	0.7894725	0.8282442	0.769054	0.230946	2.148175
3462	-88.22934	-249.3804	161.1511	0.6040875	0.6720615	0.594449	0.405551	1.951282
3468	-71.68357	-232.6314	160.9478	0.7138054	0.6720615	0.426258	0.573742	2.013822
3474	-74.46241	-235.6781	161.2156	1.18628	0.6334297	0.488029	0.511971	1.534038
3480	-76.26277	-238.676	162.4132	1.370752	0.2170827	0.896326	0.103674	1.061569
3486	-70.63091	-233.5658	162.9349	1.471259	0.138668	0.777669	0.222331	0.5029587
3492	-84.19712	-246.7282	162.5311	1.269207	0.2667298	0.544962	0.455038	0.9102223
3498	-87.67432	-249.7729	162.0986	1.269207	0.4249412	0.572487	0.427513	1.007994
3504	-74.32714	-237.1574	162.8302	1.127437	0.2616469	0.657423	0.342577	0.7223553
3510	-68.33931	-229.7494	161.4101	0.6184387	0.3409182	0.799175	0.200825	2.136858
3516	-63.5128	-224.7797	161.2669	0.7262162	0.3848491	0.685066	0.314934	2.100856
3522	-74.61502	-236.8209	162.2059	0.8947755	0.5101006	0.791939	0.208061	1.120683
3528	-87.5365	-249.9832	162.4467	1.274368	0.2411795	0.781496	0.218504	1.058259
3534	-81.12465	-242.5741	161.4494	1.021045	0.6369028	0.480767	0.519233	1.479123
3540	-86.62414	-248.6247	162.0006	0.8480589	0.4038762	0.504163	0.495837	1.479123
3546	-85.42206	-247.2966	161.8745	0.3625971	0.6003519	0.520226	0.479774	1.687752
3552	-73.79643	-236.5348	162.7384	0.1801917	0.2775004	0.391269	0.608731	1.628586
3558	-74.9614	-237.4808	162.5194	0.5740063	0.3423608	0.497491	0.502509	1.386642
3564	-79.1105	-241.0631	161.9526	0.600915	0.560487	0.484264	0.515736	1.500446
3570	-73.53625	-236.165	162.6288	0.07608905	0.3003686	0.683649	0.316351	1.74176
3576	-80.04527	-241.3908	161.3455	0.07665909	0.451024	0.703699	0.296301	2.388537
3582	-70.91268	-232.5519	161.6392	0.08068173	0.2261426	0.639308	0.360692	2.511432
3588	-74.59578	-235.8947	161.2989	0.424055	0.3774919	0.662517	0.337483	2.285344
3594	-80.1562	-241.5904	161.4342	0.0552502	0.1718099	0.39768	0.60232	2.754458
3600	-83.01662	-244.7009	161.6843	0.200101	0.6502759	0.465593	0.534407	1.883831
3606	-82.91048	-243.626	160.7155	0.4785795	0.4870397	0.561098	0.438902	2.492807
3612	-67.37968	-229.0109	161.6312	0.1782459	0.4726196	0.415762	0.584238	2.115243
3618	-75.9145	-237.5505	161.636	0.8992256	0.42796	0.885612	0.114388	1.675606
3624	-87.25261	-249.6975	162.4449	1.232091	0.3563867	0.737701	0.262299	0.8133306
3630	-85.21735	-246.0284	160.8111	0.5488146	0.1958597	0.425062	0.574938	2.787436
3636	-83.72478	-244.0823	160.3575	0.1943299	0.7849211	0.684149	0.315851	2.630946
3642	-73.32563	-234.5306	161.2049	0.5635397	0.3147849	0.637119	0.362881	2.341328
3648	-72.25399	-232.8163	160.5623	0.189222	0.4078841	0.770899	0.229101	2.852153
3654	-76.84115	-239.2826	162.4414	0.4168051	0.2730269	0.851244	0.148756	1.679757
3660	-76.85982	-236.7409	159.8811	0.3022705	0.5242781	0.51973	0.48027	3.072087
3666	-62.20458	-224.3402	162.1356	0.4985389	0.3259589	0.829425	0.170575	1.75065
3672	-65.24441	-228.1961	162.9517	0.9202762	0.2274722	0.734215	0.265785	0.9446935
3678	-80.17554	-240.832	160.6564	0.5921568	1.404184	0.37292	0.62708	1.79784
3684	-72.05333	-233.0141	160.9608	0.7047116	0.9384387	0.785539	0.214461	1.79784
3690	-85.79469	-247.2081	161.4134	0.3803556	0.6120082	0.432864	0.567136	1.981151
3696	-85.7303	-246.9165	161.1862	0.3330777	0.3495502	0.321207	0.678793	2.450884
3702	-80.04534	-240.489	160.4437	0.05869255	0.3487746	0.618611	0.381389	3.073282
3708	-71.99542	-233.0907	161.0953	0.01777751	0.2073577	0.626247	0.373753	2.916374
3714	-65.94768	-227.0508	161.1031	0.009909864	0.2073577	0.606331	0.393669	2.916374
3720	-68.53138	-229.3724	160.841	0.2502168	0.2073577	0.594766	0.405234	2.929534
3726	-76.23542	-237.9115	161.6761	0.4358532	0.4214117	0.280461	0.719539	1.975666
3732	-76.86306	-239.1155	162.2524	0.2963108	0.227127	0.572433	0.427567	1.975666
3738	-79.35251	-242.0114	162.6589	0.1701071	0.3748654	0.543184	0.456816	1.536461
3744	-68.82066	-231.4566	162.6359	0.5664361	0.3748654	0.577372	0.422628	1.244327
3750	-73.36287	-234.8614	161.4985	0.7708996	0.5731455	0.51646	0.48354	1.693351
3756	-85.56643	-246.744	161.1776	0.346678	0.5432762	0.496162	0.503838	2.225401
3762	-87.63384	-248.5708	160.9369	1.131661	0.964727	0.904596	0.0954043	1.488102
3768	-81.20018	-242.5162	161.3161	1.215213	1.12022	0.620707	0.379293	0.9644978
3774	-70.66096	-232.9921	162.3312	0.6026954	0.2345897	0.419171	0.580829	1.69679
3780	-77.6861	-240.6756	162.9895	0.9055499	0.170707	0.234556	0.765444	1.089862
3786	-71.22515	-233.2314	162.0062	0.8724817	0.8019467	0.317737	0.682263	0.9459519
3792	-67.61315	-229.8449	162.2318	0.7621997	0.3376509	0.662305	0.337695	1.470946
3798	-80.31194	-242.4771	162.1652	1.292306	0.4382093	0.679737	0.320263	0.8871293
3804	-74.29645	-236.8492	162.5527	1.297761	0.3401555	0.653547	0.346453	0.4789836
3810	-82.92165	-243.3152	160.3936	0.5004886	0.9681507	0.697852	0.302148	2.288902
3816	-93.28349	-254.4821	161.1986	0.9747145	0.652457	0.594734	0.405266	1.6809
3822	-74.8335	-237.3828	162.5493	0.622309	0.2335414	0.749843	0.250157	1.526407
3828	-88.87158	-251.1447	162.2731	0.3229301	0.5517767	0.404878	0.595122	1.478456
3834	-84.76695	-246.5939	161.827	0.316989	0.4683719	0.326941	0.673059	1.897312
3840	-74.71607	-236.9394	162.2233	0.2114715	0.3291621	0.396876	0.603124	1.883321
3846	-73.77339	-234.9419	161.1685	0.02683069	0.4949794	0.659663	0.340337	2.483692
3852	-71.69588	-233.5084	161.8126	0.1977167	0.4949794	0.462474	0.537526	1.957081
3858	-74.16831	-235.047	160.8787	0.4181141	1.068123	0.258847	0.741153	1.960812
3864	-68.56871	-231.0081	162.4394	0.5153204	0.2525111	0.572009	0.427991	1.647956
3870	-78.95721	-240.2981	161.3408	0.03692006	0.4275968	0.510098	0.489902	2.443231
3876	-80.70212	-242.8896	162.1875	0.04522629	0.2670017	0.85907	0.14093	2.115299
3882	-76.00968	-237.3392	161.3295	0.1000436	0.4847565	0.698728	0.301272	2.346796
3888	-72.93428	-235.147	162.2127	0.285679	0.3219009	0.698728	0.301272	1.850839
3894	-70.93126	-232.9888	162.0575	0.1434652	0.4748137	0.461299	0.538701	1.850839
3900	-73.96994	-236.3465	162.3765	0.630157	0.3218806	0.60517	0.39483	1.48743
3906	-75.34179	-236.5499	161.2081	0.7426127	0.5351086	0.705621	0.294379	1.953406
3912	-78.57557	-239.7137	161.1382	0.4657638	0.7893018	0.550052	0.449948	1.953406
3918	-81.45991	-242.6477	161.1878	0.1844115	0.2719006	0.783558	0.216442	2.652593
3924	-72.54448	-233.6771	161.1326	0.2797251	0.5015604	0.709813	0.290187	2.339902
3930	-77.69683	-239.2165	161.5197	0.1063297	1.000291	0.673919	0.326081	1.781307
3936	-81.15519	-243.4145	162.2593	0.2484282	0.3647088	0.755813	0.244187	1.781307
3942	-82.5014	-242.434	159.9326	0.03453435	0.6705396	0.530335	0.469665	3.073443
3948	-74.42723	-236.504	162.0768	0.3052387	0.6430041	0.805081	0.194919	1.538941
3954	-74.15611	-235.6527	161.4966	0.3931347	0.392185	0.872704	0.127296	2.159007
3960	-81.95831	-242.7676	160.8093	0.5005307	0.7750993	0.6068	0.3932	2.159007
3966	-87.19199	-248.023	160.831	0.7499546	1.01481	0.43033	0.56967	1.802519
3972	-88.20719	-248.5451	160.3379	0.15317	0.7652913	0.554253	0.445747	2.682991
3978	-98.37413	-259.1149	160.7407	0.3918714	0.6831846	0.941909	0.0580909	2.347586
3984	-89.37667	-250.3497	160.973	0.7375039	0.7722222	0.768148	0.231852	1.895259
3990	-75.53381	-238.63	163.0962	0.7375039	0.2484912	0.796611	0.203389	0.9248681
3996	-68.72085	-230.8692	162.1484	0.3952929	0.2126307	0.455401	0.544599	2.006398
4002	-78.51948	-240.4199	161.9004	1.02485	0.4673723	0.717424	0.282576	1.329805
4008	-72.46405	-233.9223	161.4583	1.042842	0.4186218	0.480243	0.519757	1.712081
4014	-73.32181	-234.8409	161.519	0.3785983	0.3113582	0.480243	0.519757	2.263792
4020	-77.93099	-239.7271	161.7961	0.160274	0.2437059	0.689482	0.310518	2.332367
4026	-73.64681	-235.1872	161.5404	0.2997203	0.2899565	0.421863	0.578137	2.332367
4032	-76.74987	-238.2109	161.4611	0.7657209	0.5967565	0.425798	0.574202	1.698813
4038	-66.99836	-226.9234	159.9251	0.6868439	0.8210826	0.621788	0.378212	2.567394
4044	-89.43385	-250.0979	160.664	0.3115909	0.6385013	0.34327	0.65673	2.484809
4050	-76.92108	-237.7634	160.8423	0.9277283	0.7372292	0.678734	0.321266	1.884112
4056	-86.60251	-248.7315	162.129	0.9277283	0.6767671	0.345601	0.654399	0.9231282
4062	-75.69423	-238.5418	162.8475	0.9277283	0.2744839	0.35654	0.64346	0.9165311
4068	-85.27445	-247.2413	161.9669	0.7801843	0.5525913	0.477707	0.522293	1.360911
4074	-81.36071	-241.6401	160.2794	0.4948197	0.679104	0.437581	0.562419	2.575885
4080	-77.52343	-238.2998	160.7764	0.1335794	0.3098104	0.18359	0.81641	2.879711
4086	-83.43399	-244.1352	160.7012	0.3718472	0.4074923	0.68697	0.31303	2.656212
4092	-83.45785	-244.1714	160.7136	0.1116446	0.6095042	0.360892	0.639108	2.603894
4098	-81.10986	-241.6876	160.5778	0.1134933	0.6931653	0.341598	0.658402	2.615762
4104	-87.43149	-249.968	162.5365	1.143547	0.2564095	0.4978	0.5022	1.059236
4110	-69.95388	-231.9408	161.9869	1.143547	0.4687848	0.662125	0.337875	1.155942
4116	-70.45123	-231.2954	160.8442	0.3616283	0.6239637	0.761795	0.238205	2.352551
4122	-63.9178	-225.2595	161.3417	0.1507713	0.3038032	0.338798	0.661202	2.530755
4128	-60.98838	-223.5796	162.5912	0.1444615	0.3935117	0.426304	0.573696	1.577962
4134	-75.37538	-237.2143	161.8389	0.3815009	0.2071767	0.0736762	0.926324	2.228456
4140	-79.60962	-240.5112	160.9015	0.2514774	0.8169563	0.469391	0.530609	2.228456
4146	-57.94327	-219.8586	161.9153	0.5372521	0.312091	0.357721	0.642279	1.89717
4152	-77.36837	-238.0968	160.7285	0.7416697	0.8697252	0.655691	0.344309	1.981117
4158	-82.53238	-243.7989	161.2665	0.5111005	1.067238	0.65115	0.34885	1.627796
4164	-76.71597	-238.7672	162.0513	0.8427195	0.5494618	0.53978	0.46022	1.245588
4170	-90.71021	-250.3107	159.6005	0.873795	1.500409	0.806876	0.193124	2.264035
4176	-89.39083	-250.551	161.1602	0.8673592	0.6680736	0.708187	0.291813	1.768597
4182	-79.85676	-241.677	161.8203	1.091025	0.1415601	0.553732	0.446268	1.913128
4188	-87.2227	-249.2022	161.9795	1.091025	0.3479654	0.705475	0.294525	1.39523
4194	-85.79324	-247.6333	161.84	0.9627119	0.4495682	0.592649	0.407351	1.449963
4200	-67.54137	-229.6853	162.1439	0.7770478	0.2979349	0.351841	0.648159	1.591399
4206	-78.55782	-240.4815	161.9236	0.7282536	0.5774837	0.732651	0.267349	1.405855
4212	-77.69101	-240.541	162.85	0.5558546	0.1457079	0.620702	0.379298	1.554716
4218	-74.98742	-237.4093	162.4219	1.150313	0.1580948	0.369944	0.630056	1.396181
4224	-72.82596	-235.1728	162.3468	0.2937559	0.384001	0.606888	0.393112	1.660297
4230	-77.71829	-239.4141	161.6958	0.5022224	0.2836216	0.57493	0.42507	2.111202
4236	-90.54442	-251.8216	161.2772	1.038578	0.8118257	0.544023	0.455977	1.427324
4242	-82.39532	-244.3152	161.9199	0.34585	0.1662112	0.591271	0.408729	2.281233
4248	-75.99643	-237.5872	161.5907	0.6921724	0.692722	0.837946	0.162054	1.56266
4254	-79.131	-240.358	161.227	0.2110595	0.3692686	0.699329	0.300671	2.47617
4260	-89.6489	-251.4431	161.7942	0.6143592	0.1824914	0.533503	0.466497	2.155086
4266	-79.87824	-241.3124	161.4342	0.6143592	0.5431377	0.419317	0.580683	1.878698
4272	-70.38865	-232.6111	162.2224	0.565016	0.1943449	0.693113	0.306887	1.878698
4278	-74.34143	-235.8393	161.4978	0.4356718	0.521053	0.730558	0.269442	1.979953
4284	-86.93767	-247.9144	160.9768	0.1427084	0.3396567	0.714691	0.285309	2.711898
4290	-79.33865	-241.2904	161.9518	0.2024376	0.2364632	0.394799	0.605201	2.217988
4296	-72.27738	-232.5976	160.3202	0.4531229	0.1847442	0.77765	0.22235	3.160639
4302	-89.15197	-248.8674	159.7154	0.6544178	0.7426248	0.545995	0.454005	2.774321
4308	-85.56518	-247.2516	161.6864	0.2304087	0.3322387	0.608767	0.391233	2.221507
4314	-77.89636	-239.9653	162.0689	0.3360327	0.1742016	0.529784	0.470216	2.174617
4320	-77.33419	-238.8426	161.5084	0.4907482	0.5166326	0.816936	0.183064	1.940645
4326	-79.80155	-240.2327	160.4311	0.4570922	0.8709126	0.527483	0.472517	2.358627
4332	-90.33635	-253.2358	162.8994	1.311538	0.1910107	0.883033	0.116967	0.6077304
4338	-87.50782	-250.1846	162.6768	1.311538	0.2770643	0.388339	0.611661	0.5645315
4344	-76.58302	-238.892	162.3089	1.311538	0.4425146	0.761049	0.238951	0.6329631
4350	-75.35036	-236.9231	161.5728	0.1146657	0.3686508	0.301218	0.698782	2.319441
4356	-75.04958	-236.4764	161.4268	0.0301654	0.6000828	0.552521	0.447479	2.21365
4362	-73.56935	-236.9029	163.3336	0.03103536	0.3660574	0.423742	0.576258	1.119113
4368	-73.30222	-236.0438	162.7416	0.03166639	0.2375117	0.448795	0.551205	1.803653
4374	-82.08732	-244.4295	162.3422	1.23242	0.3254181	0.468246	0.531754	1.002034
4380	-80.61198	-242.2964	161.6844	0.7906849	0.7228148	0.775139	0.224861	1.387833
4386	-78.19374	-240.1337	161.9399	1.155163	0.3880811	0.610912	0.389088	1.310847
4392	-75.49286	-238.2404	162.7476	0.5334417	0.2562616	0.358484	0.641516	1.397548
4398	-78.00223	-240.8636	162.8613	0.4196712	0.2562616	0.674825	0.325175	1.397548
4404	-64.9377	-226.7952	161.8575	0.766248	0.4945996	0.762949	0.237051	1.526343
4410	-80.57538	-242.0905	161.5151	0.1844575	0.5350706	0.689638	0.310362	2.11994
4416	-84.07169	-246.3146	162.2429	0.4898691	0.2775438	0.396723	0.603277	1.760359
4422	-79.29355	-241.3242	162.0307	1.083271	0.4657832	0.700996	0.299004	1.174966
4428	-76.5724	-238.7151	162.1427	1.019537	0.3702047	0.550472	0.449528	1.285253
4434	-68.13835	-230.1666	162.0283	1.152164	0.5350135	0.627167	0.372833	1.007642
4440	-64.68716	-227.9894	163.3022	0.8780603	0.13693	0.550562	0.449438	0.9222087
4446	-64.28232	-227.1434	162.861	0.5881481	0.2189136	0.587197	0.412803	1.344516
4452	-68.14077	-230.0177	161.877	0.5881481	0.4851358	0.587197	0.412803	1.653689
4458	-68.59173	-230.8337	162.242	0.5881481	0.2315043	0.587197	0.412803	1.775528
4464	-69.34152	-231.8404	162.4989	0.3526058	0.223804	0.362789	0.637211	1.775528
4470	-69.3504	-230.9816	161.6311	0.1922375	0.452463	0.75909	0.24091	2.129166
4476	-60.96106	-222.5692	161.6081	0.4266614	0.2240713	0.722522	0.277478	2.316448
4482	-65.46067	-227.396	161.9353	0.2781407	0.2127255	0.376492	0.623508	2.222545
4488	-73.60266	-234.211	160.6084	0.2578396	0.2793059	0.756198	0.243802	2.949553
4494	-62.86279	-224.1156	161.2528	0.4525986	0.2793059	0.470367	0.529633	2.433847
4500	-85.12131	-245.5584	160.4371	0.3388382	0.4610676	0.647187	0.352813	2.778404
4506	-87.55911	-247.5141	159.955	0.3679862	0.775319	0.746028	0.253972	2.778404
4512	-69.87408	-231.0717	161.1976	0.3746971	0.3707896	0.854885	0.145115	2.389755
4518	-69.73319	-231.2741	161.5409	0.2935318	0.2075926	0.479451	0.520549	2.472852
4524	-73.38596	-234.3701	160.9841	0.3810004	0.4091279	0.598952	0.401048	2.472852
4530	-79.11545	-241.202	162.0866	0.4758916	0.4091279	0.402705	0.597295	1.681272
4536	-65.43403	-227.7471	162.3131	0.8633923	0.3720425	0.372485	0.627515	1.270512
4542	-62.52782	-224.832	162.3042	0.6097308	0.4935322	0.734738	0.265262	1.303128
4548	-66.76561	-229.5668	162.8012	0.9188204	0.2549012	0.634559	0.365441	1.024583
4554	-59.18316	-221.6957	162.5126	0.9188204	0.3747187	0.357465	0.642535	1.040523
4560	-77.80471	-238.9864	161.1816	0.7281494	0.2006956	0.777799	0.222201	2.438322
4566	-79.32414	-241.14	161.8158	0.7802753	0.3418824	0.523433	0.476567	1.753045
4572	-83.28968	-244.2112	160.9215	0.2456499	0.3027946	0.530531	0.469469	2.733056
4578	-79.11138	-241.7514	162.64	0.4029853	0.3571038	0.821405	0.178595	1.40175
4584	-72.91537	-234.698	161.7826	0.4029853	0.6081887	0.634632	0.365368	1.716243
4590	-74.90531	-236.1631	161.2577	0.257657	0.4318358	0.439459	0.560541	2.351355
4596	-78.62262	-240.2306	161.608	0.5624566	0.3416044	0.308475	0.691525	2.042597
4602	-72.78449	-234.5735	161.789	0.5320035	0.3044176	0.441511	0.558489	1.997471
4608	-71.88879	-232.7043	160.8155	0.3645978	0.6203827	0.370612	0.629388	2.37205
4614	-65.4395	-226.241	160.8015	0.1148374	1.079253	0.440103	0.559897	2.204348
4620	-61.15562	-222.8895	161.7339	0.1521287	0.4240815	0.440103	0.559897	2.121816
4626	-63.57094	-225.2359	161.665	0.2210703	0.4240815	0.660841	0.339159	2.121816
4632	-66.03343	-228.2923	162.2589	0.2175734	0.3049587	0.332881	0.667119	1.892008
4638	-71.39476	-233.9357	162.5409	0.01298406	0.3022481	0.664316	0.335684	1.843401
4644	-77.7434	-240.3917	162.6483	0.0276983	0.360308	0.682844	0.317156	1.669238
4650	-74.30717	-235.02	160.7128	0.4392364	0.5994286	0.700292	0.299708	2.408834
4656	-77.33981	-238.4102	161.0704	0.3928467	0.653313	0.441858	0.558142	2.160928
4662	-80.05658	-241.3279	161.2714	0.1946339	0.3500965	0.611867	0.388133	2.48355
4668	-74.92989	-235.3511	160.4212	0.1946339	0.3745227	0.438146	0.561854	2.973483
4674	-73.31929	-236.0148	162.6955	0.4615358	0.3780769	0.606995	0.393005	1.276566
4680	-79.17256	-241.5595	162.387	0.8662736	0.3853108	0.400634	0.599366	1.183317
4686	-67.98706	-229.6703	161.6832	0.8499484	0.7695063	0.769785	0.230215	1.295256
4692	-74.55079	-236.9826	162.4318	0.8499484	0.4335777	0.616596	0.383404	1.07548
4698	-77.6836	-239.4712	161.7876	0.3914634	0.4013554	0.463006	0.536994	1.956055
4704	-77.05851	-239.8895	162.831	0.7276853	0.3008409	0.537513	0.462487	1.071244
4710	-72.42642	-234.0787	161.6523	0.8505798	0.8422936	0.644497	0.355503	1.249842
4716	-85.45524	-246.9286	161.4734	1.146836	0.7435795	0.754347	0.245653	1.249842
4722	-75.6716	-237.83	162.1585	1.301436	0.5271808	0.690069	0.309931	0.6703298
4728	-69.04159	-230.4374	161.3958	1.301436	0.9142806	0.776524	0.223476	1.002895
4734	-64.8788	-226.0808	161.202	1.301436	1.109411	0.499043	0.500957	1.002895
4740	-73.41176	-235.8767	162.4649	1.301436	0.2368408	0.393312	0.606688	1.02588
4746	-78.92217	-241.7224	162.8003	1.147662	0.1740975	0.347997	0.652003	1.029346
4752	-80.77882	-243.0244	162.2456	1.025968	0.6347921	0.378897	0.621103	0.7202674
4758	-72.11841	-233.1459	161.0275	0.6639149	0.44507	0.747447	0.252553	2.223372
4764	-73.08528	-235.1441	162.0588	0.2411796	0.3886717	0.521578	0.478422	1.891046
4770	-81.81187	-242.3355	160.5237	0.2832154	0.3423201	0.938375	0.0616253	2.898632
4776	-77.65535	-240.3767	162.7213	0.08016972	0.4658791	0.395408	0.604592	1.428951
4782	-70.46536	-232.656	162.1906	0.7551875	0.3015486	0.585106	0.414894	1.567043
4788	-72.90661	-235.0023	162.0957	0.6194547	0.3140158	0.639402	0.360598	1.71249
4794	-70.62176	-233.0772	162.4554	0.6472561	0.3140158	0.402005	0.597995	1.427804
4800	-74.71096	-236.5959	161.8849	0.8059549	0.3595049	0.517582	0.482418	1.659802
4806	-73.92118	-236.4121	162.4909	0.8059549	0.5501575	0.581058	0.418942	0.8561313
4812	-73.50619	-234.9983	161.4921	0.486846	0.6633765	0.252794	0.747206	1.806726
4818	-73.23459	-235.222	161.9874	0.4707185	0.3009314	0.530463	0.469537	1.910774
4824	-74.86878	-235.8374	160.9686	0.6806403	0.5107737	0.627417	0.372583	2.178102
4830	-94.438	-254.3788	159.9408	0.07450964	0.6018809	0.658451	0.341549	3.101891
4836	-84.18248	-244.5327	160.3502	0.2105456	0.2997142	0.600826	0.399174	3.103368
4842	-86.50897	-247.0451	160.5362	0.4067871	0.4268505	0.573242	0.426758	2.713843
4848	-70.31176	-232.8957	162.5839	0.09653266	0.57354	0.543625	0.456375	1.388181
4854	-75.53853	-236.9248	161.3863	0.2152034	0.7322106	0.538958	0.461042	2.001828
4860	-76.4204	-237.4784	161.058	0.165863	0.7322106	0.511526	0.488474	2.248844
4866	-75.09626	-236.8735	161.7773	0.5420873	0.5054036	0.511526	0.488474	1.733156
4872	-75.09341	-235.969	160.8756	0.5406184	0.7407245	0.552844	0.447156	2.117137
4878	-67.15011	-229.0516	161.9015	1.100205	0.3851242	0.288899	0.711101	1.389619
4884	-71.83286	-234.4569	162.6241	1.100205	0.3704468	0.369304	0.630696	0.7006431
4890	-76.28383	-238.9654	162.6815	0.8525317	0.2145764	0.288007	0.711993	1.286023
4896	-86.39568	-247.5381	161.1424	1.040355	0.6350525	0.568702	0.431298	1.691275
4902	-73.13039	-235.9401	162.8098	1.040355	0.2234877	0.756579	0.243421	0.9789677
4908	-77.6104	-240.2578	162.6474	0.5419943	0.2880105	0.307415	0.692585	1.40758
4914	-81.70919	-243.5532	161.844	0.8991894	0.7397111	0.63022	0.36978	1.148419
4920	-70.35533	-232.3196	161.9642	0.4684511	0.4647231	0.564085	0.435915	1.701694
4926	-71.62979	-233.5969	161.9671	0.7993228	0.8878413	0.564085	0.435915	0.9615233
4932	-73.59077	-234.7852	161.1944	0.7993228	0.4737098	0.408677	0.591323	1.992206
4938	-68.32793	-230.413	162.0851	0.4544805	0.4962067	0.772089	0.227911	1.586404
4944	-67.54901	-229.7501	162.2011	0.5705204	0.3696308	0.609511	0.390489	1.586404
4950	-74.82561	-237.1876	162.362	0.9354743	0.2254521	0.195288	0.804712	1.448402
4956	-70.33426	-233.5424	163.2082	1.025297	0.1565826	0.195832	0.804168	0.7716357
4962	-64.52428	-226.789	162.2647	1.080752	0.3973765	0.446378	0.553622	1.079535
4968	-79.3479	-238.2785	158.9306	1.080752	1.458308	0.848528	0.151472	2.575615
4974	-83.01975	-244.7958	161.776	1.268558	0.71716	0.654257	0.345743	0.8774114
4980	-76.80243	-237.8311	161.0287	0.7393082	0.3674515	0.594951	0.405049	2.269516
4986	-77.47135	-238.8162	161.3448	0.2340258	0.4023167	0.619592	0.380408	2.346176
4992	-67.20065	-229.0725	161.8719	1.014269	0.3513453	0.657355	0.342645	1.529908
4998	-75.97476	-237.4703	161.4956	0.8888992	0.2223844	0.776056	0.223944	2.093347
5004	-74.01634	-235.9377	161.9214	0.0162483	0.1413971	0.327922	0.672078	2.542443
5010	-79.30728	-240.1557	160.8484	0.03030069	0.2012199	0.377232	0.622768	3.067941
5016	-82.04948	-241.7601	159.7107	0.2037536	0.7178673	0.548504	0.451496	3.067941
5022	-77.3686	-238.2314	160.8628	0.358233	0.586115	0.253517	0.746483	2.377578
5028	-80.41699	-242.1861	161.7692	0.2522485	0.2049373	0.560546	0.439454	2.359879
5034	-89.43308	-251.9538	162.5207	0.3469493	0.1286246	0.623618	0.376382	1.974688
5040	-87.95825	-250.0159	162.0576	1.416889	0.5478343	0.463809	0.536191	0.4862346
5046	-75.60083	-237.9294	162.3286	1.416889	0.3279175	0.782208	0.217792	0.8033716
5052	-72.51171	-235.0831	162.5714	1.416889	0.2312299	0.468309	0.531691	0.7952611
5058	-74.31523	-236.3438	162.0286	1.380978	0.5214502	0.547938	0.452062	0.7682805
5064	-77.65235	-239.7037	162.0513	0.3876507	0.7010219	0.444913	0.555087	1.437455
5070	-71.47505	-233.6128	162.1377	0.4544428	0.5406787	0.662276	0.337724	1.494389
5076	-69.66435	-231.9011	162.2367	0.6705776	0.4730783	0.70224	0.29776	1.336308
5082	-91.99141	-254.0657	162.0743	0.9460799	0.516488	0.519163	0.480837	1.182434
5088	-95.06867	-256.0079	160.9392	0.9053956	1.299921	0.384305	0.615695	1.425174
5094	-78.75963	-238.9054	160.1458	0.3450409	0.9599609	0.493643	0.506357	2.548433
5100	-95.39597	-255.6453	160.2493	1.000109	1.477786	0.871193	0.128807	1.758503
5106	-84.82646	-245.2123	160.3858	1.174032	1.057864	0.462243	0.537757	1.78811
5112	-76.37847	-238.7386	162.3601	0.9184823	0.338322	0.930135	0.0698651	1.244219
5118	-71.67949	-233.6246	161.9451	0.9119155	0.5464713	0.419669	0.580331	1.280019
5124	-75.2536	-237.0373	161.7837	0.584875	0.419767	0.625124	0.374876	1.803223
5130	-89.69364	-247.3307	157.6371	1.800195	7.193383	0.454996	0.545004	1.588684
5136	-82.41046	-241.6069	159.1965	1.800195	3.696098	0.398868	0.601132	1.090151
5142	-79.48675	-241.7584	162.2717	0.5435871	0.1987838	0.423	0.577	1.850524
5148	-84.45577	-244.61	160.1542	0.6181047	0.5302309	0.745108	0.254892	2.710209
5154	-86.89507	-248.2073	161.3123	0.6865187	0.4059626	0.134133	0.865867	2.070148
5160	-84.75537	-246.4273	161.6719	0.1548374	0.2752561	0.912322	0.0876782	2.363472
5166	-86.62596	-248.6155	161.9895	0.1067759	0.5895082	0.454038	0.545962	1.797661
5172	-81.57891	-243.1178	161.5389	0.01052281	0.3018795	0.462527	0.537473	2.498035
5178	-65.13094	-226.9215	161.7906	0.04610294	0.3175206	0.693363	0.306637	2.293901
5184	-63.91114	-225.8317	161.9206	0.06802292	0.2679847	0.710481	0.289519	2.271785
5190	-66.97157	-227.3503	160.3787	0.06802292	0.3368562	0.540806	0.459194	3.121657
5196	-73.0748	-234.7307	161.6559	0.1577581	0.5082206	0.22756	0.77244	2.073306
5202	-69.41251	-230.4986	161.0861	0.6581718	0.6595842	0.503431	0.496569	1.969855
5208	-76.27768	-238.2273	161.9496	0.4952762	0.2699988	0.681201	0.318799	1.969855
5214	-70.42752	-232.2011	161.7735	1.181242	0.477795	0.590241	0.409759	1.291464
5220	-67.91239	-230.4649	162.5525	0.6830218	0.3079485	0.70356	0.29644	1.334519
5226	-66.68858	-229.1139	162.4253	0.8018811	0.292603	0.715543	0.284457	1.369502
5232	-77.96967	-237.6659	159.6963	0.3889787	0.902226	0.573189	0.426811	2.834955
5238	-66.04197	-228.1469	162.1049	0.5653927	0.4448224	0.599105	0.400895	1.555592
5244	-64.52607	-226.4562	161.9302	0.104201	0.4448224	0.529085	0.470915	1.998923
5250	-72.95672	-233.4102	160.4535	0.6291835	0.701018	0.718476	0.281524	2.364419
5256	-66.13672	-227.028	160.8912	0.2963004	0.3862241	0.44172	0.55828	2.610966
5262	-70.15694	-232.4301	162.2731	0.5142247	0.3124589	0.626365	0.373635	1.663678
5268	-70.16524	-230.9308	160.7656	0.2479812	0.5314857	0.607673	0.392327	2.560091
5274	-70.74389	-232.1506	161.4067	0.0202021	0.3118696	0.660174	0.339826	2.560091
5280	-75.61701	-234.9058	159.2888	0.007100541	0.6105661	0.628683	0.371317	3.518288
5286	-83.39323	-243.4914	160.0982	0.01846496	0.5307703	0.36863	0.63137	3.105688
5292	-91.14504	-251.0026	159.8576	0.08272436	0.3610318	0.775601	0.224399	3.390668
5298	-92.78613	-253.2604	160.4743	0.01563522	0.8212072	0.279445	0.720555	2.642817
5304	-96.26879	-255.5607	159.2919	2.560998	2.412371	0.920719	0.0792806	0.3185316
5310	-79.3216	-239.8306	160.509	0.03289833	0.6698542	0.93551	0.0644898	2.72667
5316	-66.92839	-227.8615	160.9331	0.02825532	0.4531281	0.716309	0.283691	2.673398
5322	-81.41126	-241.4564	160.0451	2.560998	0.6490469	0.545015	0.454985	0.1118432
5328	-84.02206	-245.0015	160.9794	2.560998	0.2255141	0.732875	0.267125	0.1330331
5334	-85.82093	-246.9614	161.1405	0.2540758	0.2602998	0.701568	0.298432	2.656819
5340	-86.41335	-246.8063	160.3929	0.1107227	0.5640897	0.165902	0.834098	2.841998
5346	-79.66358	-240.4905	160.8269	0.6881073	0.4723746	0.812233	0.187767	2.305801
5352	-77.79763	-240.1088	162.3112	0.8795293	0.5338786	0.530176	0.469824	0.9992195
5358	-76.84235	-239.6475	162.8051	0.8222366	0.2724698	0.434165	0.565835	1.070704
5364	-88.67232	-250.0383	161.366	0.4671829	0.4494534	0.701745	0.298255	2.126246
5370	-90.76138	-252.0164	161.2551	0.04340476	0.4327781	0.689433	0.310567	2.487007
5376	-83.12796	-244.2743	161.1463	0.02602174	0.4091306	0.704237	0.295763	2.59295
5382	-86.41811	-248.0484	161.6303	0.0646859	0.4091306	0.32174	0.67826	2.263762
5388	-81.15565	-243.1521	161.9964	0.01451619	0.5584741	0.842124	0.157876	1.888175
5394	-75.58832	-236.6854	161.0971	0.07541996	0.676649	0.782615	0.217385	2.327712
5400	-66.80998	-228.2019	161.3919	0.8967653	0.676649	0.469238	0.530762	1.574015
5406	-82.23063	-245.1748	162.9442	0.8967653	0.1953545	0.404401	0.595599	1.06802
5412	-97.96701	-258.9381	160.9711	0.3541589	0.9731697	0.476444	0.523556	2.004371
5418	-93.86403	-254.6557	160.7917	0.2688935	0.6376979	0.847406	0.152594	2.432195
5424	-76.93046	-239.3647	162.4343	1.585408	0.25884	0.674575	0.325425	0.6121168
5430	-68.75796	-231.522	162.764	0.9774624	0.3566819	0.42671	0.57329	0.7194017
5436	-67.36909	-230.4733	163.1042	1.374482	0.1010861	0.582847	0.417153	0.7194017
5442	-71.79504	-234.3995	162.6045	1.374482	0.2402224	0.684237	0.315763	0.7745134
5448	-66.12851	-228.4743	162.3458	1.725168	0.2285711	0.84512	0.15488	0.3567059
5454	-78.29634	-241.0138	162.7174	1.50338	0.1888958	0.631774	0.368226	0.4134406
5460	-75.79249	-238.4838	162.6913	1.341176	0.260751	0.545411	0.454589	0.4552041
5466	-78.94045	-241.5273	162.5869	0.8249664	0.5084802	0.192434	0.807566	0.7942527
5472	-84.99229	-247.2805	162.2882	1.648389	0.2998617	0.213849	0.786151	0.4521906
5478	-90.70243	-253.6098	162.9074	1.648389	0.08380201	0.675672	0.324328	0.7170197
5484	-92.75979	-253.3607	160.6009	0.3942912	0.5616165	0.542163	0.457837	2.542409
5490	-86.49319	-245.9415	159.4483	1.059908	1.232894	0.783341	0.216659	2.377242
5496	-84.44398	-245.894	161.45	0.9077525	0.8034893	0.506553	0.493447	1.402377
5502	-66.24684	-228.5069	162.2601	0.4412581	0.288084	0.771417	0.228583	1.764502
5508	-67.41546	-230.1714	162.756	0.8103197	0.2480536	0.643546	0.356454	1.181669
5514	-70.41167	-233.2688	162.8572	1.022383	0.2676604	0.570722	0.429278	0.8128075
5520	-67.55671	-229.3793	161.8226	0.8746396	0.4933994	0.609752	0.390248	1.472772
5526	-72.4779	-233.3848	160.9069	1.035894	0.7309907	0.454691	0.545309	1.7706
5532	-67.29791	-229.484	162.1861	0.2942637	0.07330994	0.711766	0.288234	2.378649
5538	-72.52112	-235.7872	163.2661	0.25634	0.1550458	0.620536	0.379464	1.442666
5544	-66.83675	-229.0359	162.1992	0.5655485	0.4497988	0.840161	0.159839	1.478509
5550	-76.82185	-239.1574	162.3356	0.9463776	0.121866	0.59659	0.40341	1.70798
5556	-72.60231	-233.2818	160.6795	1.116476	1.638978	0.583192	0.416808	1.261759
5562	-71.67391	-233.3076	161.6337	1.331361	0.7188025	0.644981	0.355019	0.9623167
5568	-75.39657	-236.3019	160.9053	1.456416	1.56541	0.365615	0.634385	0.7329919
5574	-68.27909	-230.1305	161.8514	0.4945773	0.7186459	0.292946	0.707054	1.490846
5580	-66.3849	-229.0661	162.6812	0.8998888	0.2056109	0.84241	0.15759	1.268756
5586	-69.56216	-231.2588	161.6966	0.4726099	0.6374687	0.620371	0.379629	1.698474
5592	-77.66286	-239.099	161.4361	1.317738	0.9290537	0.576707	0.423293	0.9278429
5598	-67.75741	-229.9008	162.1434	1.317738	0.4729843	0.52006	0.47994	0.8078534
5604	-76.04265	-238.0298	161.9872	1.317738	0.6418452	0.396331	0.603669	0.6381499
5610	-75.09056	-236.4179	161.3273	0.774076	1.017619	0.705516	0.294484	1.422567
5616	-77.43376	-238.633	161.1992	0.7457699	0.2835874	0.50524	0.49476	2.275164
5622	-76.32673	-237.9314	161.6046	0.5137525	0.6667554	0.546343	0.453657	1.706073
5628	-78.67866	-239.6864	161.0077	0.5353626	0.3449918	0.45444	0.54556	2.441978
5634	-78.98766	-240.0948	161.1071	0.3352611	0.7680356	0.735096	0.264904	2.077848
5640	-71.33351	-231.9243	160.5908	0.4819124	1.058456	0.73703	0.26297	2.115441
5646	-72.78383	-234.8968	162.113	0.5711458	0.3382298	0.852925	0.147075	1.696581
5652	-66.52975	-228.5661	162.0364	0.7717315	0.3881606	0.312826	0.687174	1.532317
5658	-71.70413	-233.5701	161.8659	0.8996216	0.5656482	0.556199	0.443801	1.330291
5664	-69.98863	-231.39	161.4014	0.2127727	0.7435524	0.628742	0.371258	1.9839
5670	-74.16679	-236.1043	161.9375	0.2616603	0.4311631	0.76712	0.23288	1.904778
5676	-83.68997	-244.9598	161.2698	0.1587132	0.4257588	0.716402	0.283598	2.413385
5682	-73.31708	-235.614	162.297	0.5905113	0.4629662	0.72656	0.27344	1.365953
5688	-72.76602	-234.175	161.409	0.9720941	0.7147159	0.384584	0.615416	1.468105
5694	-67.70596	-229.6621	161.9562	0.8028219	0.3303577	0.702881	0.297119	1.655438
5700	-73.598	-235.0837	161.4857	0.5482485	0.5921299	0.527924	0.472076	1.838009
5706	-73.28075	-234.7808	161.5	0.9804491	0.5803065	0.806319	0.193681	1.532622
5712	-73.66392	-235.7876	162.1237	0.5627582	0.4811594	0.684697	0.315303	1.496413
5718	-83.85789	-245.4996	161.6417	0.5357389	0.7550026	0.744772	0.255228	1.581984
5724	-80.48024	-242.8632	162.383	0.6789333	0.2455403	0.505378	0.494622	1.583561
5730	-85.99178	-246.692	160.7002	1.136428	0.9470575	0.505598	0.494402	1.671262
5736	-79.96263	-241.512	161.5494	1.379589	0.8750508	0.526832	0.473168	0.7874325
5742	-81.43694	-242.6623	161.2254	1.464716	1.153254	0.679123	0.320877	0.732585
5748	-89.07333	-248.9698	159.8965	1.302478	2.178925	0.350701	0.649299	1.472449
5754	-73.59352	-235.216	161.6224	0.4783575	0.7104008	0.561837	0.438163	1.67776
5760	-75.1615	-235.8281	160.6666	0.4783575	0.7533628	0.546274	0.453726	2.282532
5766	-78.22514	-239.9637	161.7385	0.108528	0.4733684	0.561213	0.438787	2.08976
5772	-67.57608	-229.1656	161.5895	0.3133716	0.5070434	0.572259	0.427741	2.015542
5778	-71.4846	-233.2249	161.7403	0.9528072	0.3176291	0.514279	0.485721	1.722287
5784	-73.82534	-235.3278	161.5025	0.1814755	0.3092921	0.372875	0.627125	2.402794
5790	-82.07472	-244.5479	162.4732	0.873102	0.5121848	0.290882	0.709118	0.8689257
5796	-86.16229	-248.8176	162.6553	1.004411	0.2087541	0.730352	0.269648	1.194842
5802	-73.95995	-236.0918	162.1319	0.3440359	0.3050449	0.649183	0.350817	1.892251
5808	-73.68836	-235.8183	162.1299	0.2349568	0.3557217	0.851933	0.148067	1.892251
5814	-65.62653	-227.1806	161.5541	0.7841684	0.4391355	0.716028	0.283972	1.799585
5820	-69.38277	-231.3007	161.918	1.463658	0.6103302	0.728709	0.271291	0.4943748
5826	-86.55736	-249.2012	162.6438	1.463658	0.2338721	0.830922	0.169078	0.4969602
5832	-82.06144	-244.5985	162.537	1.473463	0.2702845	0.219752	0.780248	0.4673847
5838	-86.15158	-248.621	162.4694	1.473463	0.2480405	0.312514	0.687486	0.2886222
5844	-71.19877	-233.0535	161.8547	0.9595029	0.3910455	0.48521	0.51479	1.523565
5850	-67.70742	-230.0335	162.3261	1.340482	0.3910455	0.630572	0.369428	0.7283915
5856	-76.27565	-238.7642	162.4885	0.9414191	0.5564356	0.279509	0.720491	0.6367002
5862	-74.76719	-237.7858	163.0186	1.118111	0.2201469	0.724133	0.275867	0.5695281
5868	-81.27841	-244.0109	162.7325	1.013835	0.3472666	0.553419	0.446581	0.7430045
5874	-70.91582	-233.3941	162.4783	0.6407438	0.3000869	0.49825	0.50175	1.439779
5880	-72.54811	-234.4974	161.9493	1.531525	0.5410388	0.4784	0.5216	0.5502005
5886	-67.31707	-229.8612	162.5441	1.531525	0.2439708	0.558026	0.441974	0.5502005
5892	-73.97331	-235.25	161.2767	1.531525	0.9764646	0.689338	0.310662	0.2837973
5898	-65.71216	-227.9188	162.2067	1.530903	0.3899058	0.343058	0.656942	0.5808121
5904	-70.72881	-232.8712	162.1424	1.294031	0.4661206	0.594711	0.405289	0.8537897
5910	-68.16378	-230.6272	162.4634	1.294031	0.356359	0.401072	0.598928	0.6931939
5916	-65.49324	-228.4369	162.9437	1.294031	0.1871644	0.733283	0.266717	0.5538963
5922	-72.7699	-235.2616	162.4917	1.329212	0.3052825	0.203752	0.796248	0.7697421
5928	-72.13349	-234.0338	161.9003	1.329212	0.6695882	0.594116	0.405884	0.7108366
5934	-80.23562	-242.2389	162.0032	1.294322	0.6276135	0.605855	0.394145	0.6929341
5940	-80.85019	-242.6863	161.8361	1.105884	0.9005319	0.43635	0.56365	0.7271459
5946	-88.4219	-250.3028	161.8809	0.6445284	0.2186148	0.56502	0.43498	2.007172
5952	-77.0525	-239.2558	162.2033	0.4318496	0.4758132	0.802324	0.197676	1.541449
5958	-71.02474	-232.9747	161.9499	0.3392862	0.3925445	0.484103	0.515897	1.893203
5964	-60.90612	-223.1067	162.2006	0.05901258	0.5531102	0.546526	0.453474	1.721846
5970	-73.5613	-234.7253	161.164	0.02494333	0.3294564	0.622084	0.377916	2.682826
5976	-69.62103	-231.6332	162.0122	0.286148	0.4339602	0.812287	0.187713	1.833578
5982	-71.18101	-233.7151	162.5341	0.1346759	0.290507	0.554237	0.445763	1.783129
5988	-73.74579	-236.383	162.6372	0.23287	0.315721	0.815327	0.184673	1.598741
5994	-73.95191	-236.4259	162.474	0.5566822	0.408958	0.60633	0.39367	1.33021
6000	-73.43567	-235.8039	162.3682	0.2245145	0.2644515	0.643884	0.356116	1.879359
6006	-77.96214	-240.4807	162.5185	0.02551163	0.2379149	0.664777	0.335223	1.959051
6012	-73.03643	-234.3158	161.2794	0.752807	0.4575195	0.681065	0.318935	1.985333
6018	-88.60415	-249.8681	161.2639	0.218483	0.2064494	0.711903	0.288097	2.693234
6024	-85.50625	-247.4094	161.9032	0.02231143	0.3278233	0.385349	0.614651	2.222182
6030	-89.64716	-251.6728	162.0256	0.7008466	0.270294	0.740909	0.259091	1.777225
6036	-87.13469	-247.9825	160.8479	0.9234056	1.053706	0.642164	0.357836	1.641681
6042	-75.52491	-237.2556	161.7307	0.4147819	0.1438121	0.445396	0.554604	2.406752
6048	-76.71612	-239.5176	162.8015	0.1219868	0.4110462	0.572613	0.427387	1.411509
6054	-74.3526	-235.0148	160.6622	0.1724929	0.4859199	0.543283	0.456717	2.716378
6060	-77.47485	-237.6274	160.1525	0.1031921	0.4214302	0.376224	0.623776	3.134536
6066	-71.35559	-232.4303	161.0747	0.1896937	0.3842876	0.504623	0.495377	2.565698
6072	-79.83004	-241.1151	161.285	0.2544995	0.7373786	0.766051	0.233949	2.038688
6078	-77.44712	-239.8725	162.4254	0.6593592	0.7401151	0.505695	0.494305	0.7910063
6084	-73.29316	-235.3002	162.007	0.4516185	0.264732	0.74145	0.25855	1.969454
6090	-69.71323	-231.0465	161.3333	0.1121046	0.3522343	0.594061	0.405939	2.493652
6096	-63.83223	-225.8396	162.0074	0.1028777	0.2381087	0.588933	0.411067	2.243474
6102	-60.97852	-223.1289	162.1503	0.2514947	0.1249928	0.857451	0.142549	2.288233
6108	-75.93192	-238.0058	162.0739	0.2952398	0.3554645	0.345913	0.654087	1.889721
6114	-82.42866	-242.0731	159.6445	0.4242694	0.8524669	0.681681	0.318319	2.878216
6120	-83.24688	-244.7587	161.5118	0.643262	0.4579131	0.587715	0.412285	1.902138
6126	-81.86198	-244.1579	162.2959	0.8175166	0.3933576	0.550664	0.449336	1.287508
6132	-76.18345	-236.7914	160.6079	0.8175166	1.196066	0.550664	0.449336	1.793657
6138	-76.77218	-237.9515	161.1793	0.4226774	0.8565772	0.344723	0.655277	1.902214
6144	-80.16449	-242.0278	161.8633	0.6505555	0.3094621	0.592383	0.407617	1.859455
6150	-79.30038	-241.3568	162.0564	1.109892	0.284926	0.707003	0.292997	1.431113
6156	-68.04281	-230.7709	162.7281	0.7826293	0.1491309	0.389804	0.610196	1.467243
6162	-75.35746	-237.2427	161.8853	0.906756	0.6165068	0.803577	0.196423	1.247602
6168	-93.26997	-255.0027	161.7328	0.5967925	0.8621484	0.319373	0.680627	1.371882
6174	-83.19437	-244.4657	161.2713	0.9340534	0.5408655	0.659812	0.340188	1.773169
6180	-67.20728	-229.1192	161.9119	0.3230368	0.3274333	0.528801	0.471199	2.020222
6186	-75.31821	-237.0171	161.6989	0.7482075	0.565567	0.482623	0.517377	1.573542
6192	-74.78152	-236.522	161.7405	0.02641243	0.2019469	0.700578	0.299422	2.525471
6198	-84.30431	-246.0058	161.7015	0.1254963	0.2920181	0.435215	0.564785	2.3376
6204	-78.25817	-241.1233	162.8652	1.369501	0.189518	0.507385	0.492615	0.5249992
6210	-78.49574	-240.4143	161.9185	0.8839056	0.5019791	0.648562	0.351438	1.380799
6216	-87.07243	-248.7443	161.6719	0.8876803	0.4793357	0.334108	0.665892	1.592526
6222	-84.41385	-246.1632	161.7493	0.7341016	0.4851026	0.347297	0.652703	1.640574
6228	-85.82626	-246.9619	161.1357	1.304584	1.413733	0.666496	0.333504	0.7822775
6234	-90.73493	-250.5076	159.7727	1.855244	2.799898	0.40659	0.59341	0.7978211
6240	-85.0986	-245.3777	160.2791	1.855244	1.981192	0.698044	0.301956	0.659056
6246	-79.53676	-239.9323	160.3955	1.855244	1.858161	0.351563	0.648437	0.493861
6252	-61.72629	-223.8639	162.1376	0.7016751	0.2880144	0.717723	0.282277	1.667263
6258	-80.92628	-242.8325	161.9062	0.7016751	0.3502516	0.503054	0.496946	1.732335
6264	-73.43402	-234.6643	161.2303	0.4142344	0.4341339	0.768754	0.231246	2.266278
6270	-68.09488	-229.92	161.8251	0.5966196	0.6717232	0.331578	0.668422	1.479995
6276	-69.04877	-229.7938	160.7451	0.4160206	0.8523235	0.812682	0.187318	2.197101
6282	-73.63634	-233.6893	160.053	0.7819816	1.180644	0.520471	0.479529	2.197101
6288	-71.28126	-232.3872	161.106	0.4449148	0.372986	0.72918	0.27082	2.400479
6294	-73.46467	-234.9707	161.506	0.5956095	0.5808312	0.847002	0.152998	1.80287
6300	-77.47641	-237.511	160.0346	0.4728918	0.4643348	0.540925	0.459075	2.937634
6306	-82.50733	-242.3801	159.8728	0.1368625	0.8180831	0.515398	0.484602	2.937634
6312	-89.86099	-250.9464	161.0854	0.3968815	0.7400993	0.316763	0.683237	2.074269
6318	-83.84168	-243.419	159.5773	0.74109	0.9169848	0.894055	0.105945	2.682888
6324	-80.51829	-241.277	160.7587	0.3045703	0.3900975	0.88292	0.11708	2.682888
6330	-88.12533	-249.4186	161.2932	0.2122765	0.1481785	0.505669	0.494331	2.793486
6336	-77.94911	-239.6398	161.6907	0.07671414	0.2409878	0.882692	0.117308	2.456343
6342	-80.51341	-241.3176	160.8042	0.8401001	1.07466	0.418189	0.581811	1.717851
6348	-68.20105	-230.45	162.2489	0.3047654	0.5045615	0.594677	0.405323	1.565957
6354	-82.52896	-244.8243	162.2954	0.469729	0.386858	0.90488	0.0951203	1.565957
6360	-73.64732	-235.8335	162.1862	0.3688523	0.6009073	0.3337	0.6663	1.453783
6366	-71.23213	-231.8367	160.6046	0.3628378	1.23313	0.646079	0.353921	2.080978
6372	-92.91469	-254.4618	161.5471	0.5448296	0.3512294	0.164519	0.835481	2.080978
6378	-80.18725	-242.1809	161.9937	0.1616035	0.287781	0.834949	0.165051	2.132635
6384	-73.27706	-234.7234	161.4464	0.2250922	0.5405744	0.814264	0.185736	2.132635
6390	-84.48688	-245.3701	160.8832	0.1990107	0.4305546	0.816042	0.183958	2.623954
6396	-79.33625	-239.8193	160.483	0.1222771	0.4452087	0.537078	0.462922	2.898998
6402	-73.4065	-234.9599	161.5534	0.09387268	0.4734903	0.500316	0.499684	2.219726
6408	-67.90827	-229.4959	161.5876	0.05961595	0.4734903	0.594081	0.405919	2.219726
6414	-75.49666	-236.4524	160.9558	0.4672734	0.6171143	0.749261	0.250739	2.219726
6420	-64.885	-227.1626	162.2776	1.520677	0.3537897	0.585212	0.414788	0.3979039
6426	-72.77713	-235.4138	162.6367	1.238862	0.3261189	0.423321	0.576679	0.5588982
6432	-80.57913	-241.5608	160.9816	0.591601	0.8944491	0.473815	0.526185	1.893315
6438	-76.47208	-238.871	162.3989	0.3235634	0.2816161	0.270591	0.729409	1.760609
6444	-67.28643	-228.1811	160.8947	0.124303	0.3410536	0.590899	0.409101	2.771504
6450	-75.12137	-237.647	162.5256	0.5111582	0.2706568	0.264933	0.735067	1.554759
6456	-71.514	-234.4611	162.9471	0.7690778	0.1593206	0.39961	0.60039	1.277833
6462	-69.14537	-231.064	161.9186	0.2935207	0.6870411	0.870971	0.129029	1.619712
6468	-70.46091	-232.4213	161.9604	0.8292955	0.3991954	0.876977	0.123023	1.529994
6474	-69.06036	-230.8366	161.7763	0.2930226	0.4340076	0.531929	0.468071	1.988658
6480	-78.67695	-239.2954	160.6185	0.4423714	0.8418247	0.710791	0.289209	2.269346
6486	-71.3895	-232.1127	160.7232	0.1606791	0.332721	0.311822	0.688178	2.864567
6492	-74.45064	-235.7145	161.2639	0.06255397	0.2484218	0.843141	0.156859	2.717533
6498	-71.59446	-232.497	160.9025	0.04381226	0.5593542	0.314176	0.685824	2.574906
6504	-75.08386	-237.1219	162.038	0.07433171	0.3346544	0.242655	0.757345	2.090819
6510	-73.24754	-234.6034	161.3559	0.3257016	0.4006215	0.430115	0.569885	2.282759
6516	-71.61784	-232.7766	161.1588	0.4074004	0.7497361	0.340325	0.659675	2.010791
6522	-72.93439	-232.7512	159.8168	0.1670103	0.2065281	0.28808	0.71192	3.585482
6528	-73.81752	-232.0894	158.2719	0.5071528	0.2461104	0.413554	0.586446	4.21354
6534	-83.03729	-244.7799	161.7426	0.3798714	0.1253909	0.469585	0.530415	2.464164
6540	-81.06893	-242.5802	161.5113	0.3033147	0.4412185	0.238505	0.761495	2.147998
6546	-74.49227	-236.2444	161.7521	0.4073707	0.1299127	0.733554	0.266446	2.430118
6552	-70.93527	-233.6195	162.6842	0.6226682	0.1545821	0.476756	0.523244	1.604358
6558	-68.38024	-230.478	162.0978	0.4953256	0.5297855	0.68042	0.31958	1.506542
6564	-76.59955	-235.9617	159.3622	1.117648	1.471539	0.613992	0.386008	2.2742
6570	-72.49099	-234.0278	161.5368	0.9765888	0.4941987	0.652129	0.347871	1.607913
6576	-74.34574	-236.1162	161.7704	0.9765888	1.05317	0.693792	0.306208	0.7854576
6582	-69.14735	-230.8719	161.7246	1.321814	0.5843647	0.719368	0.280632	1.06435
6588	-71.30213	-232.37	161.0679	0.608467	1.097113	0.406415	0.593585	1.680151
6594	-65.87727	-226.8783	161.001	0.9190466	0.6346443	0.694705	0.305295	1.874282
6600	-70.17387	-232.6602	162.4864	0.1097476	0.2660618	0.697593	0.302407	1.874282
6606	-75.94125	-237.6714	161.7302	0.629642	0.2695547	0.346209	0.653791	2.027286
6612	-67.4882	-229.2617	161.7735	0.7990216	0.4775797	0.562401	0.437599	1.585243
6618	-62.25602	-224.051	161.795	0.8046326	0.322034	0.698697	0.301303	1.780773
6624	-66.36017	-228.4697	162.1095	0.6851865	0.3405021	0.611025	0.388975	1.613893
6630	-72.17343	-234.9695	162.7961	0.08930438	0.2392249	0.903842	0.0961576	1.7222
6636	-66.64289	-228.3541	161.7112	0.4174694	0.3531331	0.533264	0.466736	2.054115
6642	-71.61948	-233.2778	161.6583	0.7209009	0.5789538	0.283661	0.716339	1.60836
6648	-72.62534	-234.7718	162.1465	0.855734	0.423538	0.684676	0.315324	1.33109
6654	-68.08731	-230.7016	162.6143	0.855734	0.3955273	0.802707	0.197293	0.9607406
6660	-84.17514	-247.0861	162.9109	0.4173243	0.1494702	0.433531	0.566469	1.601736
6666	-65.60354	-227.8802	162.2766	0.3446302	0.3158968	0.731385	0.268615	1.77532
6672	-70.79041	-231.7646	160.9742	0.3358183	0.2039918	0.664614	0.335386	2.80302
6678	-65.09238	-228.0364	162.9441	0.2444019	0.1413713	0.731087	0.268913	1.722366
6684	-71.67168	-231.82	160.1483	0.2375362	0.3582038	0.260354	0.739646	3.130977
6690	-85.57255	-246.4784	160.9059	0.08872194	0.4068403	0.706126	0.293874	2.705168
6696	-96.90887	-255.9378	159.0289	0.5227027	0.4118628	0.504141	0.495859	3.559076
6702	-73.77635	-236.0323	162.256	0.02797658	0.2388228	0.185103	0.814897	2.129605
6708	-75.39889	-237.3966	161.9977	0.1038408	0.3128231	0.702371	0.297629	2.129605
6714	-80.92658	-241.9645	161.0379	0.0985338	0.3226444	0.457275	0.542725	2.724292
6720	-77.34739	-238.604	161.2566	0.1097451	0.7513886	0.473554	0.526446	2.141059
6726	-74.77952	-236.3953	161.6158	0.1730326	0.7051775	0.700555	0.299445	1.899077
6732	-75.60814	-237.8511	162.2429	0.0928271	0.2572565	0.637499	0.362501	2.063804
6738	-75.29818	-236.7936	161.4954	0.2445154	0.4180509	0.619833	0.380167	2.224008
6744	-75.57726	-237.6387	162.0615	0.1892504	0.2644639	0.932353	0.0676473	2.10768
6750	-78.48872	-240.5958	162.1071	0.7508312	0.5733534	0.704021	0.295979	1.245304
6756	-85.0117	-246.8522	161.8405	0.5399667	0.5733534	0.61236	0.38764	1.613561
6762	-82.99023	-244.0433	161.0531	0.5399667	0.5120079	0.476426	0.523574	2.213181
6768	-73.5799	-234.727	161.1471	0.308215	0.4926851	0.17079	0.82921	2.321943
6774	-74.45577	-235.8574	161.4017	0.3421512	0.3686486	0.432667	0.567333	2.283419
6780	-75.20365	-238.0798	162.8762	0.5460075	0.2503357	0.540495	0.459505	1.297486
6786	-72.38017	-234.9794	162.5993	0.2785584	0.2770324	0.443	0.557	1.658719
6792	-70.32007	-233.5722	163.2522	0.2979158	0.1272446	0.443	0.557	1.497963
6798	-72.83559	-235.6908	162.8552	0.2724249	0.1608269	0.190961	0.809039	1.717365
6804	-71.16921	-232.8141	161.6448	0.9272762	0.4831366	0.706092	0.293908	1.578658
6810	-83.55791	-243.9894	160.4315	0.05646678	0.6660589	0.619908	0.380092	2.762779
6816	-81.72067	-244.2436	162.5229	0.2743524	0.4122669	0.349778	0.650222	1.505778
6822	-84.91689	-247.5265	162.6096	0.248322	0.4604192	0.3844	0.6156	1.392584
6828	-76.34959	-238.0487	161.6991	0.8656861	0.4604192	0.562382	0.437618	1.612491
6834	-80.19027	-242.1549	161.9646	0.6663843	0.4005668	0.60482	0.39518	1.643973
6840	-69.59152	-231.7947	162.2031	0.540555	0.142498	0.69557	0.30443	2.023213
6846	-72.01196	-233.1766	161.1646	0.05064629	0.5432549	0.532394	0.467606	2.422336
6852	-80.65158	-242.0959	161.4443	0.4458779	0.4852173	0.500946	0.499054	2.048026
6858	-80.73591	-243.1314	162.3955	0.4724636	0.4286395	0.506537	0.493463	1.42897
6864	-76.92059	-237.9831	161.0625	0.04108757	0.4422437	0.503252	0.496748	2.597624
6870	-78.07273	-239.8394	161.7667	0.1927956	0.4540666	0.318907	0.681093	2.037773
6876	-78.90838	-241.4163	162.5079	0.1411394	0.2877451	0.89901	0.10099	1.801405
6882	-67.9989	-229.5052	161.5063	0.29162	0.2877451	0.499319	0.500681	2.362529
6888	-70.57778	-232.6506	162.0728	0.03212283	0.1763943	0.691888	0.308112	2.362529
6894	-76.30708	-238.9543	162.6472	0.01814369	0.1605162	0.413305	0.586695	2.033487
6900	-75.84109	-237.5692	161.7281	0.001218557	0.2389516	0.413305	0.586695	2.483672
6906	-77.30648	-238.7172	161.4107	0.002721455	0.2637912	0.355879	0.644121	2.639721
6912	-70.84462	-233.3029	162.4582	0.00693098	0.2163766	0.297279	0.702721	2.051368
6918	-81.59768	-242.9916	161.3939	0.002891279	0.5768923	0.91455	0.0854502	2.274382
6924	-78.39509	-239.6786	161.2835	0.01444946	0.5142143	0.308793	0.691207	2.399275
6930	-75.1166	-235.6012	160.4846	0.01213238	0.3562433	0.759689	0.240311	3.067294
6936	-79.03853	-239.4605	160.422	0.02814517	0.7610279	0.337977	0.662023	2.711307
6942	-76.7198	-239.1818	162.4621	0.09794206	0.3390158	0.594995	0.405005	1.782517
6948	-73.42524	-235.7677	162.3425	0.3892031	0.1614145	0.837039	0.162961	1.987346
6954	-73.51955	-234.3342	160.8146	0.3458915	0.4413847	0.899806	0.100194	2.563273
6960	-80.63112	-241.2409	160.6097	0.7086332	0.4574199	0.264389	0.735611	2.446828
6966	-66.67724	-228.1942	161.517	0.2181647	0.3637265	0.566938	0.433062	2.295399
6972	-74.55113	-236.0071	161.456	0.1705145	0.4192366	0.707536	0.292464	2.295399
6978	-78.92721	-241.0926	162.1654	0.06951575	0.1112021	0.434427	0.565573	2.428669
6984	-72.57161	-233.9373	161.3657	0.4103451	0.4587063	0.551158	0.448842	2.152867
6990	-73.37074	-235.8076	162.4369	0.3940466	0.3112037	0.441305	0.558695	1.634474
6996	-73.52963	-234.0159	160.4862	0.1128189	0.3112037	0.784299	0.215701	3.064722
7002	-78.21572	-240.0293	161.8136	0.1845056	0.5177687	0.598717	0.401283	1.940145
7008	-68.70746	-229.4836	160.7761	0.5657241	0.3358221	0.227586	0.772414	2.579888
7014	-66.09231	-229.0282	162.9359	0.5011813	0.1308608	0.398315	0.601685	1.571636
7020	-82.14871	-244.07	161.9213	0.6665245	0.2514629	0.492562	0.507438	1.905296
7026	-71.93586	-234.1714	162.2356	0.1046011	0.2514629	0.327715	0.672285	2.070771
7032	-70.80284	-233.0769	162.2741	0.1046011	0.6125255	0.521593	0.478407	1.572985
7038	-87.01003	-248.0689	161.0589	0.3302003	0.6418651	0.298251	0.701749	2.219229
7044	-76.57178	-237.9801	161.4083	0.07048669	0.5794063	0.457591	0.542409	2.219229
7050	-73.96347	-235.7185	161.755	0.08388766	0.4467873	0.445491	0.554509	2.125625
7056	-77.62566	-239.0533	161.4276	0.2381334	0.810577	0.514024	0.485976	1.894688
7062	-66.2809	-227.7752	161.4943	0.2076514	0.2972999	0.611202	0.388798	2.408966
7068	-70.33085	-230.9554	160.6245	0.4096131	0.2531044	0.496871	0.503129	2.887969
7074	-70.83049	-232.6096	161.7792	0.4838357	0.4854842	0.675927	0.324073	1.795625
7080	-98.33377	-260.1474	161.8136	0.3651862	0.6381835	0.721521	0.278479	1.690987
7086	-84.73512	-246.48	161.7449	0.5435388	0.215226	0.673217	0.326783	2.16935
7092	-86.48969	-246.4037	159.914	0.6726916	0.5732729	0.528683	0.471317	2.783035
7098	-79.64778	-238.9157	159.2679	1.809569	4.25548	0.696423	0.303577	0.8007688
7104	-71.61015	-233.3396	161.7295	0.3156658	0.3979808	0.81095	0.18905	2.049671
7110	-76.20051	-237.5239	161.3234	1.468128	1.127679	0.87662	0.12338	0.5512656
7116	-75.58727	-237.2784	161.6911	1.468128	0.7757889	0.54637	0.45363	0.5514961
7122	-74.57121	-237.0107	162.4395	1.270869	0.4101166	0.517794	0.482206	0.5048425
7128	-64.0543	-226.5527	162.4984	0.7388854	0.4035169	0.659984	0.340016	1.166419
7134	-69.22408	-230.4882	161.2641	0.4027006	0.6129352	0.607043	0.392957	2.064632
7140	-92.66336	-253.5466	160.8832	0.4550853	0.3215033	0.730982	0.269018	2.601575
7146	-73.35309	-235.013	161.6599	0.439819	0.7871352	0.723674	0.276326	1.610209
7152	-73.84055	-236.7158	162.8753	0.6524965	0.2908642	0.234297	0.765703	1.121244
7158	-70.16626	-231.4924	161.3261	0.6524965	0.5709826	0.843581	0.156419	1.897221
7164	-79.18779	-241.1006	161.9128	1.501652	0.5878064	0.536386	0.463614	0.4958581
7170	-76.10987	-238.4127	162.3028	0.6021833	0.2742672	0.726444	0.273556	1.644132
7176	-70.04008	-231.0045	160.9644	0.7456472	1.000958	0.428734	0.571266	1.722022
7182	-62.4747	-223.7222	161.2475	0.4550705	0.7101152	0.703662	0.296338	1.953035
7188	-71.25691	-232.9758	161.7189	0.5987411	0.368014	0.502031	0.497969	1.907132
7194	-64.57415	-226.4601	161.886	0.11375	0.593967	0.62295	0.37705	1.859601
7200	-69.92036	-230.2301	160.3098	0.1351415	0.9188563	0.499866	0.500134	2.603653
7206	-70.12579	-231.5668	161.441	0.4246172	0.35924	0.721953	0.278047	2.217529
7212	-69.4538	-231.5789	162.1251	0.4729917	0.329352	0.698032	0.301968	1.770597
7218	-73.52273	-233.8465	160.3238	0.2833804	0.410258	0.750674	0.249326	2.9367
7224	-78.00544	-238.7397	160.7343	0.2577206	0.7740768	0.330573	0.669427	2.363867
7230	-77.16235	-239.0011	161.8388	0.2294179	0.7293439	0.680076	0.319924	1.683779
7236	-81.97059	-242.8594	160.8888	1.005563	0.904233	0.739859	0.260141	1.66245
7242	-76.57219	-234.9859	158.4137	1.986975	6.144905	0.762857	0.237143	0.9830173
7248	-75.60225	-233.7518	158.1495	2.027373	6.144905	0.490337	0.509663	1.190787
7254	-77.8315	-236.5842	158.7527	2.534725	3.817064	0.616464	0.383536	0.3383484
7260	-77.43136	-237.0958	159.6644	1.864529	3.110774	0.516496	0.483504	0.7486258
7266	-77.25904	-238.1755	160.9165	1.887202	1.116479	0.691987	0.308013	0.4620046
7272	-76.20428	-236.8161	160.6118	1.887202	1.296457	0.45251	0.54749	0.2728948
7278	-66.70531	-228.5421	161.8368	1.595815	0.5660098	0.654043	0.345957	0.4197839
7284	-72.57387	-233.5066	160.9328	1.625169	1.355603	0.528355	0.471645	0.6646598
7290	-64.63418	-226.9182	162.284	1.625169	0.3045924	0.528355	0.471645	0.6104769
7296	-61.91636	-224.3901	162.4738	1.674887	0.2146144	0.490752	0.509248	0.4247132
7302	-67.36865	-227.5511	160.1825	1.674887	2.178025	0.619009	0.380991	0.8939685
7308	-85.23612	-244.3166	159.0805	2.028913	4.358424	0.522601	0.477399	0.7043115
7314	-81.30387	-240.4074	159.1036	2.028913	4.358424	0.0981737	0.901826	0.6611403
7320	-84.69093	-243.3874	158.6965	2.028913	4.358424	0.768314	0.231686	1.134793
7326	-77.84279	-237.9398	160.097	1.479817	2.730767	0.282436	0.717564	0.8985177
7332	-71.49598	-233.4429	161.9469	1.307421	0.6981132	0.240259	0.759741	0.5627947
7338	-76.45203	-238.2767	161.8247	1.558425	0.5995115	0.731402	0.268598	0.4202885
7344	-74.15911	-234.5843	160.4252	2.171084	1.198806	0.711937	0.288063	0.2820103
7350	-71.68456	-232.5954	160.9109	2.171084	0.4456531	0.518724	0.481276	0.1380682
7356	-63.29452	-225.2018	161.9072	2.002754	0.244978	0.655478	0.344522	0.2634177
7362	-67.75591	-229.6577	161.9018	1.939113	0.256361	0.798124	0.201876	0.2432378
7368	-73.15134	-234.6397	161.4884	1.939113	0.4605486	0.628607	0.371393	0.2510186
7374	-68.7754	-229.003	160.2276	2.056777	1.781935	0.750555	0.249445	0.4194098
7380	-79.15689	-238.4262	159.2693	1.6307	4.451834	0.915205	0.0847946	0.9374239
7386	-76.90949	-235.8419	158.9324	1.608331	4.451834	0.386442	0.613558	1.268171
7392	-82.86572	-241.4363	158.5706	1.688512	4.451834	0.551691	0.448309	1.489373
7398	-67.43995	-228.7275	161.2875	1.275144	0.8808238	0.770971	0.229029	1.161913
7404	-72.4652	-234.3524	161.8872	1.275144	0.499803	0.554677	0.445323	1.07958
7410	-70.64352	-232.189	161.5455	0.8595825	1.129766	0.750784	0.249216	1.07958
7416	-73.98407	-235.669	161.6849	1.027936	0.7058131	0.710494	0.289506	1.2122
7422	-74.70468	-235.9571	161.2524	0.1312505	0.5906802	0.466713	0.533287	2.269691
7428	-76.40683	-236.6709	160.264	0.1081195	0.5057711	0.536453	0.463547	2.976948
7434	-67.23939	-229.786	162.5467	0.255853	0.1752251	0.392332	0.607668	1.909088
7440	-72.66196	-234.5512	161.8892	0.1109031	0.1520695	0.680038	0.319962	2.479819
7446	-65.45716	-227.5867	162.1295	0.0427735	0.4693238	0.580048	0.419952	1.876891
7452	-85.64204	-246.8747	161.2327	0.6719789	0.8795278	0.46743	0.53257	1.674297
7458	-82.09551	-243.5885	161.493	1.19183	0.5687944	0.537171	0.462829	1.390399
7464	-63.31699	-224.584	161.267	0.1523223	0.3348878	0.665816	0.334184	2.532981
7470	-62.37107	-223.5212	161.1501	0.1054274	0.73383	0.40125	0.59875	2.227099
7476	-66.61767	-228.8351	162.2174	0.01879786	0.4143411	0.61597	0.38403	1.900817
7482	-73.118	-235.4857	162.3677	0.009476763	0.3439136	0.61597	0.38403	1.900817
7488	-63.06008	-225.4845	162.4244	0.01262004	0.238918	0.859652	0.140348	2.028692
7494	-64.40384	-225.9372	161.5333	0.01283785	0.1831215	0.68042	0.31958	2.697543
7500	-70.73365	-233.4503	162.7167	0.3451657	0.2877707	0.422778	0.577222	1.505113
7506	-76.27555	-236.464	160.1885	0.5581962	0.8587191	0.598576	0.401424	2.456526
7512	-69.54091	-230.5301	160.9892	0.3330319	0.4465281	0.742726	0.257274	2.456526
7518	-72.703	-234.0569	161.3539	0.5181725	0.2036447	0.453585	0.546415	2.456526
7524	-80.76192	-242.9106	162.1487	0.1710749	0.523034	0.704828	0.295172	1.712737
7530	-76.45011	-237.1077	160.6576	0.2382632	0.5440668	0.563857	0.436143	2.620795
7536	-84.7118	-246.3253	161.6135	0.104844	0.5319639	0.491966	0.508034	2.110862
7542	-84.40016	-245.1455	160.7453	0.5134974	0.9732468	0.736181	0.263819	2.04841
7548	-80.32742	-241.739	161.4116	0.266625	0.5341361	0.45082	0.54918	2.134862
7554	-74.61525	-235.0928	160.4776	0.3599859	0.3515302	0.285805	0.714195	2.868282
7560	-74.24449	-237.0435	162.799	1.410484	0.1972897	0.723032	0.276968	0.5378261
7566	-79.87745	-241.9494	162.0719	1.035496	0.3100659	0.63013	0.36987	1.43106
7572	-79.96683	-241.0431	161.0762	0.3797164	0.4907841	0.77393	0.22607	2.323562
7578	-88.10416	-249.1869	161.0828	0.9498177	0.4907841	0.624233	0.375767	1.946785
7584	-73.88327	-236.0872	162.2039	0.2129685	0.6963597	0.72403	0.27597	1.458937
7590	-83.48607	-244.3073	160.8212	0.5445724	0.4352999	0.649267	0.350733	2.441883
7596	-88.19631	-249.2793	161.083	0.6755546	0.5796834	0.326288	0.673712	2.036092
7602	-68.52106	-230.5727	162.0516	0.6755546	0.5785051	0.382371	0.617629	1.345528
7608	-76.73496	-237.9547	161.2197	0.7653896	0.9386017	0.410325	0.589675	1.570272
7614	-75.61066	-238.1614	162.5508	0.7809266	0.3098641	0.694395	0.305605	1.252542
7620	-68.55153	-230.4036	161.8521	0.8942657	0.3679683	0.654703	0.345297	1.607275
7626	-77.40735	-239.4623	162.055	0.6477179	0.2446719	0.82651	0.17349	1.839102
7632	-81.44466	-242.5004	161.0557	0.486289	0.4901197	0.718336	0.281664	2.269278
7638	-80.98136	-242.282	161.3006	1.029847	0.9645076	0.517335	0.482665	1.283191
7644	-73.31668	-235.8658	162.5492	0.7823262	0.2076137	0.67769	0.32231	1.461255
7650	-63.03273	-224.609	161.5763	0.2314449	0.4661276	0.779057	0.220943	2.123734
7656	-66.2655	-227.5752	161.3097	0.1809394	0.2299895	0.310119	0.689881	2.647026
7662	-65.9244	-227.2825	161.3581	0.133545	0.2299895	0.398589	0.601411	2.646413
7668	-61.94695	-222.614	160.667	0.07019609	0.4414285	0.613389	0.386611	2.823162
7674	-71.21029	-232.203	160.9927	0.2287234	0.2077331	0.877194	0.122806	2.850144
7680	-69.6765	-231.3145	161.638	0.5768498	0.6635127	0.665565	0.334435	1.640407
7686	-72.31127	-233.7796	161.4683	0.4103199	0.3184956	0.763675	0.236325	2.265659
7692	-66.13837	-228.6974	162.559	0.8990483	0.1735878	0.542638	0.457362	1.444549
7698	-75.98365	-238.9113	162.9276	0.5304177	0.1735878	0.297938	0.702062	1.444549
7704	-71.21479	-232.9514	161.7366	0.3789949	0.5424969	0.354447	0.645553	1.833491
7710	-78.62576	-238.7541	160.1284	0.2955455	0.403156	0.617613	0.382387	3.054803
7716	-86.95254	-248.3657	161.4132	0.4912835	0.403156	0.678789	0.321211	2.135554
7722	-86.62647	-248.7692	162.1427	1.062394	0.430639	0.502527	0.497473	1.149949
7728	-86.54957	-246.5671	160.0175	0.9378624	1.482152	0.766012	0.233988	1.957493
7734	-88.31916	-249.386	161.0668	0.4644531	0.6287345	0.601537	0.398463	2.138816
7740	-84.9599	-244.3384	159.3785	0.2077673	0.4185058	0.60552	0.39448	3.531647
7746	-79.14785	-238.7374	159.5895	0.1643068	0.335142	0.60552	0.39448	3.531647
7752	-77.82419	-239.5872	161.763	0.2748513	0.335142	0.801779	0.198221	2.138931
7758	-91.83556	-251.3023	159.4667	0.1891941	0.441641	0.64105	0.35895	3.466252
7764	-68.02524	-230.0943	162.0691	0.6504705	0.5722186	0.513998	0.486002	1.359036
7770	-64.26493	-225.985	161.7201	0.7458965	0.758932	0.85985	0.14015	1.35952
7776	-70.30824	-232.3343	162.0261	0.2003469	0.3100361	0.857584	0.142416	2.051726
7782	-71.76357	-232.2635	160.5	0.4020715	0.3091853	0.744599	0.255401	2.885377
7788	-74.60471	-233.7301	159.1254	0.4674992	0.6246299	0.555065	0.444935	3.33268
7794	-65.5181	-228.1014	162.5833	0.8811391	0.2580974	0.627186	0.372814	1.246173
7800	-65.93819	-227.4318	161.4936	0.3509771	0.4000434	0.15594	0.84406	2.178432
7806	-77.01951	-238.6571	161.6375	0.1224355	0.3902762	0.66219	0.33781	2.245331
7812	-74.74782	-236.4071	161.6593	0.01273549	0.2430052	0.760978	0.239022	2.512706
7818	-82.33573	-243.6058	161.2701	0.176188	0.3374633	0.56723	0.43277	2.512706
7824	-66.55999	-228.757	162.197	0.4974515	0.3660776	0.491368	0.508632	1.64753
7830	-63.44828	-224.9181	161.4698	0.187403	0.3624659	0.334055	0.665945	2.34673
7836	-72.39039	-233.7855	161.3951	0.4139289	0.3456911	0.63788	0.36212	2.272213
7842	-71.49408	-234.1475	162.6534	0.4914854	0.2364536	0.771771	0.228229	1.540386
7848	-80.20001	-242.1631	161.9631	0.5124752	0.2143398	0.718524	0.281476	2.048359
7854	-77.56938	-239.9288	162.3594	0.5215851	0.2143398	0.648076	0.351924	1.773655
7860	-82.22438	-243.9704	161.746	0.2111657	0.4382755	0.619417	0.380583	2.057986
7866	-82.08959	-244.4306	162.341	0.3631078	0.5088869	0.491671	0.508329	1.448116
7872	-70.14701	-232.2646	162.1176	0.4385874	0.5416119	0.423616	0.576384	1.520237
7878	-75.76487	-238.0329	162.268	0.6194154	0.3378278	0.740037	0.259963	1.550295
7884	-72.84946	-234.3966	161.5472	0.5044445	0.6442226	0.550105	0.449895	1.774505
7890	-84.86264	-247.3484	162.4857	0.9398817	0.2685295	0.772057	0.227943	1.256479
7896	-74.01276	-236.9174	162.9046	0.9398817	0.1609551	0.681915	0.318085	1.164424
7902	-75.10475	-237.7406	162.6358	0.2677518	0.2751171	0.60072	0.39928	1.64362
7908	-74.31374	-235.8481	161.5344	0.484813	0.5301999	0.277573	0.722427	1.912471
7914	-70.36753	-231.0877	160.7202	0.7936382	0.9204044	0.649486	0.350514	1.914691
7920	-62.24043	-223.924	161.6836	0.6004609	0.2476322	0.895444	0.104556	2.114247
7926	-69.65062	-231.7158	162.0652	1.027021	0.2314787	0.571725	0.428275	1.589067
7932	-70.57115	-233.076	162.5049	1.395687	0.3156841	0.872545	0.127455	0.4531226
7938	-74.90351	-237.0529	162.1494	1.395687	0.4986159	0.404217	0.595783	0.4369203
7944	-67.49615	-230.041	162.5449	1.348674	0.3185058	0.446794	0.553206	0.5534803
7950	-72.53508	-233.7184	161.1833	1.348674	1.17345	0.565821	0.434179	0.912372
7956	-81.77927	-244.0766	162.2973	1.348674	0.443057	0.319458	0.680542	0.543715
7962	-81.46085	-243.517	162.0561	1.562147	0.443057	0.612173	0.387827	0.3850402
7968	-78.12755	-240.2147	162.0871	1.562147	0.443057	0.47897	0.52103	0.4868809
7974	-78.53324	-240.8212	162.2879	1.234155	0.4191791	0.399367	0.600633	0.852296
7980	-77.29172	-239.9343	162.6425	1.005858	0.3456441	0.447499	0.552501	0.8760507
7986	-75.89025	-237.341	161.4508	1.2971	1.119089	0.447499	0.552501	0.687278
7992	-67.29112	-229.6389	162.3478	0.8123079	0.3144504	0.301426	0.698574	1.382499
7998	-63.02026	-224.9021	161.8818	0.1854421	0.6659661	0.770167	0.229833	1.742829
8004	-62.14094	-223.428	161.2871	0.2733583	0.3878926	0.82892	0.17108	2.37564
8010	-65.01624	-227.0657	162.0494	0.1854335	0.2671951	0.720775	0.279225	2.11355
8016	-64.76681	-225.521	160.7541	0.4940821	0.7762657	0.659384	0.340616	2.198076
8022	-59.68727	-220.7752	161.088	0.4439217	0.4119821	0.451482	0.548518	2.364319
8028	-76.49281	-238.1765	161.6837	0.1097316	0.3708352	0.285802	0.714198	2.248767
8034	-71.68222	-232.4067	160.7245	0.5741965	0.2892577	0.622241	0.377759	2.671872
8040	-89.43835	-250.0795	160.6411	0.6502019	0.9771139	0.333845	0.666155	2.024264
8046	-72.26431	-235.2051	162.9408	0.599589	0.2054226	0.732308	0.267692	1.302557
8052	-73.32985	-235.5925	162.2626	0.6845405	0.3534607	0.911295	0.0887049	1.480933
8058	-77.77328	-240.1959	162.4226	0.6158245	0.3534607	0.505844	0.494156	1.411177
8064	-74.27029	-236.252	161.9817	0.2193346	0.2747475	0.800435	0.199565	2.123407
8070	-78.00692	-238.1955	160.1886	0.03934651	0.4207192	0.31836	0.68164	3.151843
8076	-81.01806	-241.4438	160.4257	0.06134986	0.2963901	0.537125	0.462875	3.151843
8082	-73.43569	-235.4195	161.9838	0.1510704	0.3297876	0.837897	0.162103	2.083012
8088	-66.88486	-228.9726	162.0877	0.3658268	0.3914	0.352356	0.647644	1.781863
8094	-68.62975	-229.7607	161.131	0.9204964	0.6367137	0.47617	0.52383	1.781863
8100	-74.75804	-236.3647	161.6067	0.01663923	0.3523923	0.325113	0.674887	2.381503
8106	-75.08334	-236.5024	161.4191	0.02581483	0.3090913	0.770647	0.229353	2.552823
8112	-75.18984	-237.6621	162.4722	0.01530529	0.3313915	0.711688	0.288312	1.843954
8118	-68.66283	-230.795	162.1322	0.04439285	0.2114652	0.589477	0.410523	2.248621
8124	-78.61551	-240.8575	162.242	0.2867533	0.1221143	0.493936	0.506064	2.213807
8130	-71.15385	-233.062	161.9081	0.2916951	0.2797767	0.479612	0.520388	2.116156
8136	-60.83507	-223.3236	162.4885	0.3909749	0.3604147	0.43896	0.56104	1.520798
8142	-63.38239	-225.1184	161.736	0.4390102	0.3611963	0.471378	0.528622	2.01227
8148	-63.15569	-225.9842	162.8286	0.2016009	0.2083132	0.703209	0.296791	1.680925
8154	-68.59368	-230.5968	162.0031	0.08846467	0.332154	0.596554	0.403446	2.107997
8160	-81.89707	-244.2893	162.3922	1.251101	0.4409335	0.608349	0.391651	0.5747313
8166	-77.06529	-239.849	162.7837	1.251101	0.2551256	0.504442	0.495558	0.5960698
8172	-86.37534	-248.7117	162.3364	0.9416314	0.2858367	0.636243	0.363757	1.342015
8178	-90.92427	-252.5894	161.6652	0.6980189	0.9495996	0.695532	0.304468	1.26899
8184	-89.51096	-251.2007	161.6898	0.3763695	0.5722042	0.619047	0.380953	1.836222
8190	-87.12331	-247.898	160.7746	0.2103989	0.5251051	0.46895	0.53105	2.584083
8196	-80.26603	-241.401	161.135	0.1585519	0.5251051	0.498069	0.501931	2.391023
8202	-83.79631	-245.5295	161.7332	0.1475462	0.3699094	0.431371	0.568629	2.193623
8208	-75.40731	-237.2911	161.8838	0.1000085	0.4829105	0.606676	0.393324	1.988407
8214	-67.26208	-227.686	160.4239	0.2829216	0.4409245	0.866147	0.133853	2.842175
8220	-75.26431	-236.5883	161.324	0.1330087	0.6829878	0.721827	0.278173	2.138976
8226	-74.90464	-237.2059	162.3013	0.01451825	0.5306617	0.560837	0.439163	1.706963
8232	-83.52061	-245.2253	161.7047	0.03104592	0.2585636	0.504473	0.495527	2.447353
8238	-81.19681	-243.0026	161.8058	0.02022077	0.3257739	0.424071	0.575929	2.289004
8244	-72.28412	-234.2671	161.983	0.1075846	0.3338108	0.792783	0.207217	2.106321
8250	-73.78363	-235.1498	161.3661	0.5362688	0.1952783	0.373213	0.626787	2.453204
8256	-72.39241	-234.9117	162.5193	0.1511739	0.1952783	0.31359	0.68641	1.955895
8262	-69.54606	-231.6292	162.0832	0.3572005	0.3068837	0.31359	0.68641	1.913472
8268	-75.52506	-236.9718	161.4467	0.5849464	0.2114461	0.759568	0.240432	2.341314
8274	-85.7132	-247.7637	162.0505	0.6485992	0.1847758	0.598221	0.401779	1.958388
8280	-82.20752	-243.7343	161.5268	0.8842855	0.4498482	0.789486	0.210514	1.735396
8286	-81.1731	-243.3104	162.1373	0.769	0.4498482	0.199811	0.800189	1.369324
8292	-84.79278	-246.8504	162.0576	1.214433	0.6888191	0.529941	0.470059	0.5303669
8298	-72.86209	-235.124	162.2619	1.214433	0.2413722	0.474718	0.525282	1.272561
8304	-71.86789	-234.0118	162.1439	1.18424	0.4997034	0.501892	0.498108	0.912974
8310	-78.39357	-240.03	161.6364	1.020237	0.762383	0.700349	0.299651	1.199395
8316	-83.04967	-245.0046	161.9549	1.020237	0.8445501	0.759231	0.240769	0.7706024
8322	-71.56103	-233.3606	161.7996	0.9308545	0.5566236	0.808226	0.191774	1.369133
8328	-78.88757	-241.5385	162.6509	0.5914025	0.3406586	0.731694	0.268306	1.270131
8334	-74.86934	-235.6819	160.8125	0.7343229	0.6371888	0.263778	0.736222	2.120943
8340	-74.41263	-235.365	160.9524	0.7199192	0.847273	0.241921	0.758079	1.861445
8346	-77.93215	-240.6599	162.7278	0.8541856	0.2737999	0.811537	0.188463	1.109603
8352	-67.76855	-230.2748	162.5062	0.3744845	0.2737999	0.299678	0.700322	1.662338
8358	-65.17294	-227.9023	162.7293	0.7002653	0.3273031	0.38756	0.61244	1.134582
8364	-85.06204	-247.7774	162.7154	1.088831	0.3573718	0.405468	0.594532	0.4300485
8370	-73.0423	-235.2628	162.2205	1.565621	0.3573718	0.739951	0.260049	0.3892845
8376	-80.85241	-241.9726	161.1201	1.542282	1.275195	0.708649	0.291351	0.4493746
8382	-91.68285	-253.426	161.7432	1.169046	0.673923	0.56467	0.43533	1.072023
8388	-92.55789	-254.1202	161.5623	1.169098	0.6534637	0.580371	0.419629	1.255076
8394	-69.38113	-230.9357	161.5546	1.583687	0.7931425	0.613125	0.386875	0.552551
8400	-74.51364	-236.2702	161.7566	1.583687	0.6394856	0.421781	0.578219	0.4897174
8406	-79.14704	-241.2307	162.0836	1.150438	0.680298	0.778276	0.221724	0.6771098
8412	-65.41445	-227.5755	162.161	1.150438	0.5808234	0.795547	0.204453	0.7772883
8418	-70.28144	-232.1597	161.8782	1.150438	0.7489755	0.607162	0.392838	0.8487495
8424	-78.53302	-241.2369	162.7039	0.6735756	0.3384962	0.635567	0.364433	1.159216
8430	-61.41379	-224.0411	162.6273	1.265	0.2939921	0.495552	0.504448	0.6990844
8436	-71.2238	-233.7061	162.4823	1.265	0.3892998	0.456009	0.543991	0.5417336
8442	-63.68491	-226.0956	162.4107	1.265	0.3432454	0.418969	0.581031	0.8497079
8448	-66.14769	-228.091	161.9433	0.7835849	0.5928347	0.554826	0.445174	1.328796
8454	-76.61237	-238.8087	162.1964	0.1715036	0.4530226	0.629637	0.370363	1.761696
8460	-75.00278	-237.6481	162.6453	0.2544655	0.2820939	0.341736	0.658264	1.634088
8466	-83.53577	-244.3805	160.8448	0.15862	0.8087734	0.55474	0.44526	2.3304
8472	-77.37369	-236.4519	159.0783	2.147913	4.162365	0.285411	0.714589	0.5812953
8478	-74.96324	-234.1732	159.21	2.147913	3.75185	0.916174	0.0838261	0.6059247
8484	-89.7978	-249.6621	159.8643	2.147913	2.237645	0.512053	0.487947	0.6059247
8490	-83.60795	-242.8909	159.2829	2.147913	3.594049	0.487283	0.512717	0.4582361
8496	-84.33104	-243.861	159.5299	2.147913	2.943685	0.693824	0.306176	0.5923474
8502	-82.89139	-244.089	161.1976	0.3470133	0.2875123	0.53194	0.46806	2.522179
8508	-75.24186	-236.4377	161.1959	0.1873562	0.2875123	0.479876	0.520124	2.622344
8514	-72.20988	-233.9071	161.6972	0.1284203	0.2823398	0.892453	0.107547	2.353238
8520	-78.90086	-240.7457	161.8448	0.4430944	0.4626781	0.899617	0.100383	1.805456
8526	-70.94678	-232.6433	161.6965	0.7147767	0.5470003	0.607242	0.392758	1.620354
8532	-67.15879	-226.6039	159.4451	0.1188222	0.5829438	0.470167	0.529833	3.385118
8538	-69.62943	-230.3349	160.7055	0.5334073	0.5829438	0.731348	0.268652	2.369255
8544	-69.29617	-231.6666	162.3704	0.6651892	0.3949693	0.724836	0.275164	1.347739
8550	-75.6753	-235.7379	160.0626	0.8718589	0.727959	0.870789	0.129211	2.436247
8556	-70.01708	-232.623	162.6059	0.9178771	0.3263192	0.469968	0.530032	1.049659
8562	-87.6861	-250.028	162.3419	0.9178771	0.2704968	0.453521	0.546479	1.386024
8568	-78.40628	-240.3755	161.9692	1.0548	0.4600631	0.625381	0.374619	1.259767
8574	-79.71009	-240.3816	160.6715	0.6697379	0.759981	0.531298	0.468702	2.150533
8580	-79.75059	-241.464	161.7135	0.6520288	0.4323448	0.652522	0.347478	1.789254
8586	-85.0734	-247.0843	162.0109	1.186054	0.4964038	0.234996	0.765004	1.052337
8592	-85.95789	-246.1269	160.1691	2.477126	1.266151	0.349768	0.650232	0.3885492
8598	-76.82839	-236.9296	160.1012	2.477126	1.083227	0.630517	0.369483	0.2206377
8604	-80.48512	-241.5191	161.034	2.082659	0.6585363	0.385823	0.614177	0.2477346
8610	-83.56437	-243.4366	159.8723	1.644495	3.34053	0.807854	0.192146	0.5873458
8616	-86.33654	-245.3425	159.006	1.08642	3.820454	0.404159	0.595841	1.759654
8622	-79.0558	-239.2035	160.1477	0.8605766	1.24773	0.400608	0.599392	2.045788
8628	-78.4574	-239.6611	161.2037	1.158833	0.5277396	0.754389	0.245611	1.677116
8634	-64.35639	-226.053	161.6966	0.6631136	0.5295014	0.494386	0.505614	1.677116
8640	-76.07584	-235.651	159.5752	2.36583	2.209095	0.591074	0.408926	0.3034726
8646	-69.71571	-231.2271	161.5114	1.245159	0.9343584	0.568832	0.431168	0.9188539
8652	-73.06744	-234.3456	161.2782	0.09157274	0.6190008	0.515944	0.484056	2.252332
8658	-63.18093	-225.2426	162.0617	0.3363192	0.6190008	0.467068	0.532932	1.551986
8664	-82.80522	-243.5159	160.7107	0.4665863	0.7514198	0.745755	0.254245	2.263335
8670	-68.76183	-231.1478	162.386	0.6969179	0.2976151	0.3525	0.6475	1.47171
8676	-58.03376	-220.1737	162.1399	0.5262449	0.4622259	0.570936	0.429064	1.53589
8682	-64.27991	-225.739	161.4591	0.5887997	0.4622259	0.699694	0.300306	1.969267
8688	-79.24551	-241.5972	162.3516	0.5631293	0.6278511	0.689422	0.310578	1.127637
8694	-74.53936	-234.6342	160.0948	1.507564	2.455376	0.676402	0.323598	1.009972
8700	-76.09331	-237.121	161.0277	0.2493518	0.4873622	0.687218	0.312782	2.440448
8706	-75.68266	-237.1891	161.5064	0.3817249	0.540168	0.194441	0.805559	1.990017
8712	-74.19618	-236.4454	162.2492	0.3817249	0.26954	0.477943	0.522057	1.844515
8718	-71.85465	-233.8297	161.975	0.429821	0.5444586	0.308962	0.691038	1.627857
8724	-88.07953	-250.1563	162.0767	0.9630567	0.4009962	0.568481	0.431519	1.335089
8730	-85.05016	-246.8364	161.7862	0.522302	0.2587987	0.720803	0.279197	2.079154
8736	-80.39969	-241.2603	160.8606	0.526327	0.5398961	0.351564	0.648436	2.316838
8742	-71.79222	-233.1936	161.4014	0.3445353	0.4278333	0.490737	0.509263	2.208434
8748	-77.20083	-238.8464	161.6456	0.7245986	0.4412386	0.932854	0.0671464	1.774743
8754	-76.77785	-238.6573	161.8795	0.1973415	0.445832	0.312424	0.687576	1.969323
8760	-78.33792	-240.5734	162.2355	0.2097516	0.3794345	0.288639	0.711361	1.803983
8766	-82.91689	-243.6762	160.7593	0.1488334	0.2903565	0.566867	0.433133	2.908206
8772	-83.82228	-244.7786	160.9563	0.1422235	0.9890343	0.7021	0.2979	2.143132
8778	-76.89205	-237.2948	160.4028	0.2568572	0.6358007	0.413049	0.586951	2.683058
8784	-77.10082	-237.6411	160.5403	0.4145557	0.3399056	0.242228	0.757772	2.812082
8790	-73.06321	-233.6576	160.5944	0.06877146	0.9710476	0.625515	0.374485	2.433487
8796	-72.1925	-233.2681	161.0756	0.3958707	0.3865614	0.278002	0.721998	2.433487
8802	-74.7973	-237.0484	162.2511	0.5909331	0.2830274	0.869442	0.130558	1.67386
8808	-80.69398	-242.4531	161.7591	0.4323526	0.294413	0.534769	0.465231	2.098602
8814	-75.39289	-236.5819	161.189	0.2467127	0.2657478	0.422315	0.577685	2.622919
8820	-74.87305	-237.0353	162.1622	0.6308019	0.331067	0.32317	0.67683	1.629853
8826	-81.51637	-243.6945	162.1782	0.8933083	0.3343609	0.509391	0.490609	1.417112
8832	-67.16524	-229.699	162.5337	0.7186773	0.3274191	0.736205	0.263795	1.285481
8838	-65.76427	-228.1904	162.4262	0.689358	0.2163293	0.295115	0.704885	1.602909
8844	-75.84485	-238.0445	162.1997	1.482291	0.414538	0.449631	0.550369	0.6070109
8850	-69.98719	-231.736	161.7488	1.482291	0.6759218	0.743792	0.256208	0.6934863
8856	-76.7037	-238.9131	162.2094	1.482291	0.4200347	0.482966	0.517034	0.4953708
8862	-83.19272	-244.6844	161.4916	1.482291	0.9442715	0.735277	0.264723	0.4738952
8868	-71.37971	-233.5196	162.1399	1.482291	0.3822998	0.383246	0.616754	0.8160556
8874	-67.73744	-230.5032	162.7658	1.482291	0.1677999	0.571278	0.428722	0.688381
8880	-67.81369	-229.811	161.9973	1.482291	0.5446627	0.630139	0.369861	0.5104187
8886	-64.99177	-226.8768	161.885	1.019208	0.3085066	0.38557	0.61443	1.585768
8892	-62.11182	-224.1231	162.0113	0.4910552	0.3085066	0.807227	0.192773	1.868804
8898	-65.33283	-227.5841	162.2513	0.1045265	0.4183644	0.687063	0.312937	1.81385
8904	-78.29645	-241.1201	162.8237	0.04355462	0.2778595	0.810106	0.189894	1.664844
8910	-73.07931	-233.9257	160.8463	0.1930092	0.379649	0.64366	0.35634	2.710248
8916	-75.80042	-237.8286	162.0282	0.5177418	0.2704317	0.462676	0.537324	1.900988
8922	-87.05539	-249.1278	162.0725	0.1229359	0.3738961	0.684561	0.315439	1.981378
8928	-89.10541	-250.511	161.4056	0.4350309	0.3896286	0.313705	0.686295	2.19411
8934	-75.34532	-237.4562	162.1109	0.5120343	0.2052186	0.689719	0.310281	1.967902
8940	-67.93062	-230.1465	162.2158	0.1214209	0.4631891	0.724917	0.275083	1.770598
8946	-66.22116	-228.0156	161.7944	0.3195339	0.2568456	0.476289	0.523711	2.209295
8952	-69.02878	-231.4693	162.4406	0.2949739	0.2696389	0.446837	0.553163	1.772049
8958	-68.82695	-230.5458	161.7188	0.02937832	0.4278942	0.434439	0.565561	2.206875
8964	-78.15309	-239.6623	161.5092	0.4780671	0.4568519	0.66991	0.33009	2.016032
8970	-78.26585	-238.822	160.5561	0.5875568	0.5507245	0.192583	0.807417	2.460039
8976	-66.61082	-228.6122	162.0014	0.6519157	0.4628893	0.695758	0.304242	1.544566
8982	-75.71024	-238.0383	162.3281	0.8099919	0.4200345	0.619672	0.380328	1.224833
8988	-83.70928	-245.8963	162.187	1.068352	0.4569584	0.563787	0.436213	1.060919
8994	-86.76958	-246.683	159.9135	0.9607383	0.9926959	0.72338	0.27662	2.285666
9000	-90.92365	-250.9283	160.0046	1.458096	1.944064	0.64781	0.35219	1.372846
9006	-86.43783	-247.9786	161.5407	1.116602	0.8724971	0.188952	0.811048	1.08487
9012	-92.89816	-252.6275	159.7294	0.5292087	0.797268	0.690309	0.309691	2.801665
9018	-80.62218	-242.6478	162.0256	0.1720318	0.5425389	0.278871	0.721129	1.7767
9024	-76.0031	-238.3488	162.3457	1.037361	0.1840661	0.302493	0.697507	1.476204
9030	-72.77933	-233.664	160.8847	0.3432875	0.1521611	0.419497	0.580503	2.953072
9036	-76.30445	-238.2933	161.9888	0.1551287	0.480799	0.204271	0.795729	1.882837
9042	-75.72805	-237.3998	161.6718	0.05010958	0.2723933	0.655071	0.344929	2.43418
9048	-73.59777	-235.936	162.3382	0.1884815	0.3129046	0.622693	0.377307	1.84532
9054	-70.81758	-232.0404	161.2228	0.1880886	0.5178583	0.53228	0.46772	2.323893
9060	-73.99443	-234.7742	160.7798	0.1453311	0.3984683	0.364294	0.635706	2.757557
9066	-79.99708	-241.331	161.3339	0.06304589	0.756608	0.764716	0.235284	2.116835
9072	-76.20953	-238.0673	161.8578	0.09326748	0.3114864	0.689692	0.310308	2.229255
9078	-62.15767	-225.0396	162.8819	0.8380309	0.1480126	0.400457	0.599543	1.306628
9084	-66.51523	-229.6452	163.13	0.7100542	0.1684428	0.90532	0.0946797	1.146369
9090	-72.39474	-234.8631	162.4684	1.126005	0.2377653	0.537538	0.462462	1.181078
9096	-70.66255	-231.7964	161.1338	0.5572452	0.3359429	0.658096	0.341904	2.360783
9102	-74.78163	-237.117	162.3354	1.368414	0.3471061	0.499746	0.500254	0.803741
9108	-66.4249	-228.7121	162.2872	1.368414	0.4346492	0.638855	0.361145	0.4351774
9114	-75.28683	-235.9641	160.6773	0.5680645	0.8220991	0.84973	0.15027	2.164834
9120	-72.59997	-234.5399	161.9399	0.2209247	0.5189493	0.681664	0.318336	1.828082
9126	-72.8766	-234.4003	161.5237	0.9117925	0.8890588	0.476135	0.523865	1.262513
9132	-81.07191	-242.5665	161.4946	0.9906684	0.9464553	0.159916	0.840084	1.168238
9138	-73.71714	-235.8285	162.1113	0.751217	0.2678356	0.566899	0.433101	1.685877
9144	-63.65294	-225.7863	162.1333	0.04243597	0.4812583	0.481773	0.518227	1.860592
9150	-68.32875	-230.6644	162.3356	0.07274572	0.5717173	0.453869	0.546131	1.595067
9156	-83.72425	-244.556	160.8317	1.019631	1.048218	0.52224	0.47776	1.587512
9162	-85.9612	-247.9096	161.9484	1.019631	0.3579419	0.856941	0.143059	1.458008
9168	-76.12675	-237.2435	161.1168	0.1018799	0.5784003	0.711253	0.288747	2.386338
9174	-73.72617	-236.4256	162.6995	0.5453819	0.4120173	0.393684	0.606316	1.145467
9180	-74.2298	-236.4227	162.1929	0.1457399	0.2202208	0.786113	0.213887	2.127355
9186	-68.53384	-230.52	161.9861	0.1375833	0.304653	0.741122	0.258878	2.127355
9192	-75.4643	-236.5824	161.1181	0.08364562	0.5634071	0.438297	0.561703	2.411258
9198	-75.96571	-237.1663	161.2006	0.3646165	0.4236631	0.766975	0.233025	2.329235
9204	-69.05429	-230.3314	161.2772	0.1167337	0.5064925	0.694086	0.305914	2.346495
9210	-67.13803	-228.0029	160.8649	0.4041659	0.5424754	0.527908	0.472092	2.389136
9216	-73.48582	-235.2612	161.7753	0.08854028	0.6692079	0.895285	0.104715	1.880302
9222	-69.25338	-231.1255	161.8721	0.3149325	0.4881768	0.780547	0.219453	1.844877
9228	-64.63011	-226.6106	161.9805	0.08864061	0.3550244	0.528837	0.471163	2.090721
9234	-63.10277	-225.4838	162.3811	0.02417179	0.263184	0.513362	0.486638	2.007752
9240	-71.58129	-233.9263	162.345	0.06017416	0.263184	0.467867	0.532133	2.007752
9246	-75.23143	-236.1075	160.876	0.1088214	0.8402528	0.72517	0.27483	2.319059
9252	-77.03457	-239.158	162.1234	0.4379569	0.1545733	0.474513	0.525487	2.115363
9258	-71.85685	-233.6358	161.779	0.02459164	0.1545733	0.350275	0.649725	2.596804
9264	-66.04884	-227.6617	161.6129	0.05011654	0.2489549	0.695513	0.304487	2.508528
9270	-77.23739	-238.4747	161.2373	0.05375317	0.4582163	0.759376	0.240624	2.463082
9276	-82.31381	-243.8509	161.5371	0.01443256	0.4177557	0.321282	0.678718	2.344981
9282	-78.3425	-240.7331	162.3906	0.008099015	0.3552506	0.511886	0.488114	1.869873
9288	-81.12972	-243.0388	161.909	0.05248971	0.6005025	0.32236	0.67764	1.879158
9294	-78.19496	-239.9595	161.7645	0.07186478	0.5940213	0.654826	0.345174	1.970103
9300	-80.53404	-243.081	162.5469	0.6639259	0.1962482	0.475211	0.524789	1.576389
9306	-83.86952	-245.9706	162.1011	0.5596351	0.3894022	0.51794	0.48206	1.638212
9312	-85.16112	-246.6247	161.4636	0.569063	0.7298599	0.209389	0.790611	1.708528
9318	-85.03987	-246.7533	161.7134	0.6458712	0.7298599	0.79291	0.20709	1.470011
9324	-73.19351	-234.8646	161.671	0.4871522	0.4393636	0.536903	0.463097	1.922404
9330	-79.035	-240.7296	161.6946	0.2636335	0.5599509	0.488235	0.511765	1.922404
9336	-83.46654	-245.2792	161.8127	0.1439471	0.4104195	0.765226	0.234774	2.092332
9342	-76.08518	-237.4277	161.3426	0.591263	0.7529024	0.585193	0.414807	1.757763
9348	-70.82111	-232.2178	161.3966	0.737778	0.3651222	0.514094	0.485906	2.033851
9354	-72.39765	-233.6176	161.2199	0.2736042	0.4051296	0.267699	0.732301	2.396844
9360	-71.99719	-232.84	160.8428	0.279528	0.2397761	0.927921	0.0720787	2.855864
9366	-58.90079	-220.9048	162.004	0.933004	0.1998352	0.749519	0.250481	1.76416
9372	-65.69658	-227.9414	162.2448	0.2977914	0.1933685	0.512541	0.487459	2.04502
9378	-68.07493	-229.8342	161.7593	0.1278229	0.4897308	0.676428	0.323572	2.04502
9384	-73.27459	-235.2704	161.9959	0.7068559	0.4689243	0.310594	0.689406	1.49995
9390	-76.76102	-237.9929	161.2318	1.579045	0.9728992	0.470479	0.529521	0.8064891
9396	-77.34523	-239.8991	162.5539	1.597614	0.2036798	0.524444	0.475556	0.6583837
9402	-65.41895	-227.6766	162.2576	1.416909	0.4276508	0.39991	0.60009	0.5405736
9408	-65.18515	-226.9669	161.7818	1.521635	0.6048617	0.522836	0.477164	0.7371859
9414	-80.35559	-241.622	161.2664	1.055277	1.474456	0.723923	0.276077	0.8740911
9420	-85.73898	-245.7619	160.0229	1.212861	2.284209	0.888771	0.111229	1.400718
9426	-80.88887	-242.9796	162.0908	0.8558771	0.1843975	0.386242	0.613758	1.790339
9432	-81.84443	-244.0805	162.2361	0.7603248	0.3048407	0.432655	0.567345	1.524024
9438	-90.09012	-250.7377	160.6475	0.345506	0.4668881	0.322783	0.677217	2.639038
9444	-90.60063	-250.515	159.9143	0.4052842	0.3671574	0.632523	0.367477	3.159395
9450	-81.87572	-243.8145	161.9388	0.5303907	0.3814349	0.755971	0.244029	1.784647
9456	-82.70228	-243.991	161.2887	0.4771965	0.3348981	0.32605	0.67395	2.314644
9462	-77.64089	-238.6671	161.0262	1.208297	1.311564	0.833663	0.166337	1.092609
9468	-72.36777	-232.9048	160.537	0.9945606	1.012346	0.679656	0.320344	1.838247
9474	-81.74727	-241.7945	160.0472	0.472913	0.569881	0.679715	0.320285	2.826681
9480	-77.40755	-239.0838	161.6762	0.8874571	0.4549453	0.302863	0.697137	1.620236
9486	-68.71963	-230.9568	162.2372	0.1348644	0.3587889	0.534996	0.465004	1.883042
9492	-66.35614	-228.0633	161.7072	0.01301443	0.2168099	0.687662	0.312338	2.527609
9498	-68.01339	-229.2636	161.2502	0.03024998	0.4133862	0.573971	0.426029	2.520737
9504	-67.49376	-228.8013	161.3075	0.1646434	0.4836674	0.818145	0.181855	2.320853
9510	-70.92742	-232.6771	161.7497	0.1955752	0.5602086	0.615839	0.384161	1.930844
9516	-70.1942	-231.9945	161.8003	0.7131375	0.622827	0.583053	0.416947	1.461526
9522	-70.94833	-232.6177	161.6694	0.8246398	0.8855105	0.800881	0.199119	1.216683
9528	-66.0844	-228.593	162.5086	0.6647119	0.2927749	0.710504	0.289496	1.411198
9534	-77.31013	-238.5291	161.2189	0.6596521	0.4955408	0.753183	0.246817	2.044234
9540	-89.97554	-249.4909	159.5154	0.1165856	0.2917673	0.613565	0.386435	3.659518
9546	-75.158	-237.0826	161.9246	0.2594041	0.3014993	0.809359	0.190641	2.092612
9552	-76.60416	-238.6952	162.0911	0.09297047	0.3014993	0.40059	0.59941	2.092612
9558	-70.64137	-232.1107	161.4693	0.1077807	0.6465175	0.475971	0.524029	2.092612
9564	-74.05515	-236.4168	162.3617	0.4389615	0.2583014	0.817717	0.182283	1.746573
9570	-77.99765	-239.6918	161.6941	0.3983654	0.5975785	0.170044	0.829956	1.792092
9576	-79.69097	-241.3749	161.6839	0.2403021	0.2041196	0.533194	0.466806	2.422846
9582	-80.48288	-241.6892	161.2063	0.08490285	0.4955844	0.864308	0.135692	2.422846
9588	-80.51917	-240.4035	159.8843	0.01142443	0.3586291	0.562802	0.437198	3.419672
9594	-68.1484	-230.4681	162.3197	0.01486393	0.3543526	0.740959	0.259041	1.914773
9600	-60.66062	-222.9038	162.2432	0.03219668	0.2920789	0.506442	0.493558	2.046967
9606	-67.02765	-229.2974	162.2698	0.04370167	0.2762817	0.426341	0.573659	2.046967
9612	-71.68721	-233.358	161.6708	0.1752068	0.3736027	0.746487	0.253513	2.211241
9618	-75.97301	-236.9614	160.9884	0.08126591	0.5461901	0.551997	0.448003	2.510797
9624	-72.34437	-232.8229	160.4785	0.3900522	0.5423044	0.66724	0.33276	2.639308
9630	-70.19393	-230.9957	160.8018	0.2707929	0.5423044	0.614844	0.385156	2.512739
9636	-74.686	-234.8531	160.1671	0.1319665	0.4039592	0.801705	0.198295	3.12839
9642	-78.06735	-238.0374	159.97	0.108632	0.4039592	0.78978	0.21022	3.259031
9648	-78.44965	-240.3647	161.915	0.0986154	0.2933179	0.766362	0.233638	2.216061
9654	-69.97032	-232.5873	162.617	1.359674	0.2793817	0.447612	0.552388	0.5871426
9660	-67.60414	-230.1537	162.5496	1.521553	0.2437169	0.91021	0.0897899	0.4328711
9666	-71.75524	-233.2912	161.536	1.657505	0.7193675	0.655955	0.344045	0.6565656
9672	-70.8546	-232.456	161.6014	1.657505	0.6959709	0.747793	0.252207	0.4494025
9678	-68.98576	-230.7608	161.7751	1.657505	0.5736524	0.693145	0.306855	0.4624059
9684	-70.03115	-232.5472	162.516	1.409376	0.2321337	0.57958	0.42042	0.8708593
9690	-70.43523	-232.6194	162.1842	1.409376	0.4665136	0.266382	0.733618	0.4192716
9696	-81.58114	-243.1299	161.5488	1.409376	0.7987687	0.537349	0.462651	0.861142
9702	-69.75085	-231.5155	161.7646	1.409376	0.5156698	0.687203	0.312797	1.044051
9708	-75.91887	-237.922	162.0032	1.409376	0.5328041	0.409749	0.590251	0.7368508
9714	-72.09122	-235.0146	162.9234	0.7936453	0.2697378	0.34319	0.65681	0.9901801
9720	-69.16716	-230.4854	161.3182	0.8236038	0.8627792	0.506123	0.493877	1.515016
9726	-77.1597	-239.0763	161.9166	0.8236038	0.3131036	0.612825	0.387175	1.696219
9732	-71.84546	-234.8359	162.9904	0.9639832	0.2044937	0.838846	0.161154	0.9266591
9738	-70.42	-232.8075	162.3875	0.8174069	0.1199609	0.381946	0.618054	1.76729
9744	-63.9728	-226.1071	162.1343	0.8174069	0.1901657	0.602017	0.397983	1.774374
9750	-72.62367	-233.5031	160.8795	1.017239	0.940179	0.205821	0.794179	1.633346
9756	-68.66103	-231.2668	162.6057	1.047632	0.1652385	0.444544	0.555456	1.312763
9762	-77.00596	-239.3051	162.2992	0.9107538	0.1900119	0.820151	0.179849	1.590938
9768	-71.05216	-232.9314	161.8792	0.7346099	0.3080156	0.895663	0.104337	1.792897
9774	-81.41841	-242.0746	160.6561	0.5884935	1.398747	0.470232	0.529768	1.803492
9780	-72.53752	-233.5613	161.0238	0.4777909	0.4714693	0.489372	0.510628	2.315384
9786	-72.44699	-233.8358	161.3888	0.25654	0.3929733	0.736084	0.263916	2.315384
9792	-63.20007	-224.9004	161.7003	0.06435463	0.3349008	0.790968	0.209032	2.315384
9798	-66.39318	-228.0521	161.659	0.1203734	0.3868836	0.947994	0.0520057	2.237175
9804	-69.10224	-230.7299	161.6277	0.2261825	0.3868836	0.289942	0.710058	2.189033
9810	-65.906	-227.5558	161.6498	0.4418072	0.6825637	0.785554	0.214446	1.710047
9816	-69.57301	-229.9086	160.3356	0.8818001	0.7524995	0.396362	0.603638	2.236709
9822	-77.54169	-239.061	161.5193	0.8818001	0.7233615	0.407535	0.592465	1.444459
9828	-69.44643	-231.6557	162.2092	0.8818001	0.466089	0.378275	0.621725	1.194321
9834	-70.93535	-233.0256	162.0903	0.3650433	0.4280525	0.755255	0.244745	1.732015
9840	-66.84866	-228.525	161.6763	0.04340529	0.5491634	0.7622	0.2378	2.092274
9846	-69.58288	-232.2251	162.6422	0.01311784	0.2757346	0.7622	0.2378	1.817195
9852	-72.30233	-234.3025	162.0001	0.2987405	0.3174358	0.762295	0.237705	1.99247
9858	-83.09528	-242.3107	159.2155	0.3881553	1.270407	0.415377	0.584623	2.915791
9864	-80.81202	-242.5118	161.6998	1.088295	0.4837399	0.369501	0.630499	1.415664
9870	-75.98874	-237.9191	161.9303	1.086042	0.5990697	0.854521	0.145479	1.072268
9876	-87.39997	-249.8866	162.4866	1.086042	0.4556534	0.725973	0.274027	0.6837404
9882	-65.36214	-227.0137	161.6516	0.4863587	0.2728106	0.466903	0.533097	2.167677
9888	-75.44441	-237.0242	161.5798	0.2340336	0.4250823	0.576039	0.423961	2.167677
9894	-73.64942	-234.3937	160.7443	0.08499342	0.2521511	0.376077	0.623923	3.012782
9900	-67.73351	-229.587	161.8535	0.03595015	0.3528015	0.370335	0.629665	2.21081
9906	-75.30368	-237.0974	161.7938	0.1669587	0.3198718	0.617138	0.382862	2.21081
9912	-70.13324	-232.392	162.2588	0.5457475	0.3673431	0.563224	0.436776	1.56574
9918	-67.31363	-229.4769	162.1632	1.040835	0.5978832	0.27224	0.72776	0.8810995
9924	-69.21511	-231.0527	161.8376	0.9629777	0.4261008	0.371426	0.628574	1.483888
9930	-63.79602	-226.1422	162.3462	1.334	0.3634819	0.730764	0.269236	0.7894608
9936	-68.22033	-231.455	163.2347	0.7894101	0.1324631	0.303684	0.696316	1.093951
9942	-63.03459	-225.3403	162.3057	1.122807	0.4204352	0.705793	0.294207	0.9545697
9948	-67.82267	-229.9519	162.1293	1.122807	0.4551013	0.16843	0.83157	1.067103
9954	-70.45988	-232.3777	161.9179	1.000239	0.6734437	0.663398	0.336602	1.067103
9960	-69.98369	-231.942	161.9583	0.01631726	0.223262	0.427659	0.572341	2.356198
9966	-69.39046	-231.3215	161.9311	0.1665907	0.3559708	0.452624	0.547376	2.07064
9972	-75.36093	-237.3494	161.9884	0.0366013	0.6224988	0.812251	0.187749	1.813989
9978	-74.59643	-235.3623	160.7658	0.07862619	0.256105	0.511522	0.488478	2.997554
9984	-73.7004	-234.9584	161.258	0.2501587	0.4162606	0.724634	0.275366	2.374256
9990	-64.08099	-225.1747	161.0937	0.3255664	0.4658688	0.640022	0.359978	2.373884
9996	-63.7224	-225.454	161.7316	0.2603853	0.2038634	0.610746	0.389254	2.380534
10002	-74.72788	-236.3486	161.6207	0.2466863	0.5106252	0.322991	0.677009	2.035215
10008	-68.00166	-229.4869	161.4853	0.2299761	0.5563739	0.485695	0.514305	2.087906
10014	-69.81706	-231.3679	161.5508	0.1216372	0.3837075	0.403495	0.596505	2.309683
10020	-64.60319	-226.0468	161.4436	0.2640161	0.1384179	0.48868	0.51132	2.691319
10026	-70.25035	-231.9838	161.7334	0.7508493	0.5959616	0.901426	0.0985742	1.512593
10032	-71.7672	-234.0958	162.3286	0.1988364	0.3243135	0.494723	0.505277	1.827217
10038	-73.4224	-235.4409	162.0185	0.3944915	0.1768924	0.354471	0.645529	2.163796
10044	-65.97993	-227.4601	161.4801	0.2344362	0.5109165	0.906769	0.0932311	2.135407
10050	-71.99212	-233.2961	161.304	0.181382	0.230907	0.755168	0.244832	2.648725
10056	-72.85208	-235.1741	162.322	0.1356383	0.358876	0.387221	0.612779	1.824324
10062	-72.46295	-234.4619	161.999	0.5085402	0.3353419	0.82025	0.17975	1.824324
10068	-83.77484	-246.1689	162.394	0.5537085	0.2588823	0.614995	0.385005	1.64117
10074	-71.51009	-232.672	161.1619	0.07617616	0.4236907	0.527447	0.472553	2.535166
10080	-62.53296	-224.9709	162.438	0.3681919	0.4162361	0.298617	0.701383	1.493493
10086	-62.43271	-224.1358	161.7031	0.1369549	0.5006386	0.706743	0.293257	2.064119
10092	-63.98548	-226.1276	162.1421	0.04960262	0.3363998	0.749904	0.250096	2.035941
10098	-67.19127	-229.2707	162.0795	0.1756013	0.3363998	0.380532	0.619468	1.993816
10104	-67.37788	-229.154	161.7762	0.11542	0.3158571	0.549583	0.450417	2.261147
10110	-75.32977	-237.2995	161.9698	0.4022571	0.4381619	0.338177	0.661823	1.777355
10116	-79.16598	-241.1286	161.9626	0.2183369	0.3948163	0.444585	0.555415	1.963296
10122	-68.88868	-231.5295	162.6409	0.5375924	0.1818462	0.441281	0.558719	1.632215
10128	-65.50083	-228.2004	162.6995	0.03927875	0.4334767	0.648428	0.351572	1.520027
10134	-80.42937	-241.5441	161.1147	0.1072578	0.64662	0.811678	0.188322	2.322154
10140	-76.39238	-238.4178	162.0254	0.02499324	0.4326581	0.887921	0.112079	2.00293
10146	-79.30677	-242.1789	162.8721	0.04890278	0.1336083	0.748401	0.251599	1.926255
10152	-68.24089	-230.0107	161.7698	0.03746822	0.4910001	0.433732	0.566268	2.096275
10158	-73.26163	-235.7212	162.4595	0.4084417	0.3787862	0.34997	0.65003	1.501529
10164	-76.03852	-237.9634	161.9249	0.4705298	0.4544564	0.582411	0.417589	1.74065
10170	-61.50624	-223.3987	161.8924	0.5295505	0.5638598	0.462591	0.537409	1.593795
10176	-59.41129	-221.2973	161.886	0.7181768	0.2723139	0.637944	0.362056	1.858085
10182	-64.5569	-227.2441	162.6872	0.6407456	0.3102078	0.2396	0.7604	1.255025
10188	-76.14018	-237.728	161.5878	0.8890302	0.7365204	0.319337	0.680663	1.372869
10194	-69.01367	-230.8432	161.8295	0.384014	0.5588654	0.642662	0.357338	1.748023
10200	-68.74887	-231.0916	162.3427	0.1890053	0.4814263	0.417471	0.582529	1.610184
10206	-85.73662	-247.1452	161.4086	0.9287376	0.4814263	0.930782	0.0692177	1.748634
10212	-69.5297	-231.0808	161.5511	0.7972306	1.141927	0.600837	0.399163	1.121502
10218	-61.61593	-224.1867	162.5708	0.1347944	0.3096438	0.70762	0.29238	1.726219
10224	-66.11764	-228.6576	162.54	0.3040867	0.2897822	0.436849	0.563151	1.660811
10230	-69.83899	-230.9207	161.0817	0.2334084	0.6462192	0.311446	0.688554	2.262961
10236	-75.42888	-237.8615	162.4326	0.4220698	0.1729732	0.577401	0.422599	1.878601
10242	-70.48704	-231.7673	161.2803	1.040987	0.4110803	0.650653	0.349347	1.847008
10248	-73.70418	-233.9289	160.2247	0.125009	0.7445524	0.483387	0.516613	2.785089
10254	-80.50172	-241.9591	161.4574	0.3651601	0.3737472	0.550072	0.449928	2.226196
10260	-88.20561	-248.7716	160.566	0.1245215	1.300669	0.703755	0.296245	2.224506
10266	-74.33407	-235.6153	161.2812	0.09330758	0.6873425	0.233232	0.766768	2.188907
10272	-74.38611	-236.3402	161.9541	0.5639612	0.3912495	0.756137	0.243863	1.73697
10278	-66.65276	-228.3418	161.6891	0.314878	0.5361102	0.647091	0.352909	1.916451
10284	-64.46584	-226.4041	161.9382	0.2117049	0.4488652	0.574214	0.425786	1.916451
10290	-72.85764	-234.2667	161.4091	0.07832105	0.4680614	0.319066	0.680934	2.328182
10296	-70.95502	-232.4039	161.4488	0.06886708	0.4507739	0.538361	0.461639	2.328182
10302	-78.44705	-240.8104	162.3633	0.05287553	0.6129631	0.757345	0.242655	1.544896
10308	-76.94516	-240.163	163.2178	0.0341964	0.2176811	0.548386	0.451614	1.49937
10314	-73.40018	-235.5736	162.1735	0.3650415	0.428757	0.691024	0.308976	1.672207
10320	-73.09061	-235.2238	162.1332	0.03894485	0.2437396	0.269981	0.730019	2.193805
10326	-84.45399	-246.019	161.565	0.03297261	0.2101881	0.721345	0.278655	2.615298
10332	-88.39561	-250.2491	161.8535	0.2277139	0.6534651	0.458077	0.541923	1.744934
10338	-74.19431	-236.3876	162.1933	0.3451999	0.5080941	0.519691	0.480309	1.572858
10344	-76.67549	-238.9921	162.3166	1.045052	0.4416121	0.759826	0.240174	0.9836221
10350	-71.68646	-233.2446	161.5581	1.045052	0.5937663	0.873323	0.126677	1.424896
10356	-67.76894	-230.6205	162.8516	0.6473477	0.2466394	0.873323	0.126677	1.242198
10362	-79.90492	-242.8419	162.937	0.9891062	0.2156803	0.354697	0.645303	0.9221032
10368	-72.11466	-234.3398	162.2252	1.198376	0.4175197	0.614702	0.385298	0.9654756
10374	-66.6322	-229.1396	162.5074	1.210555	0.3776008	0.349881	0.650119	0.686146
10380	-72.86048	-233.6699	160.8094	0.06126167	0.394187	0.87347	0.12653	2.795794
10386	-80.49351	-242.2248	161.7313	0.00983958	0.5353637	0.801779	0.198221	2.092387
10392	-91.07631	-252.2909	161.2146	0.1224316	0.6690618	0.47391	0.52609	2.228831
10398	-82.09659	-243.8018	161.7052	0.4658698	0.2160809	0.416186	0.583814	2.243614
10404	-75.92909	-238.2022	162.2731	0.6281267	0.3830814	0.590233	0.409767	1.469982
10410	-75.33306	-237.827	162.4939	0.9424079	0.3830814	0.536301	0.463699	1.019471
10416	-65.55275	-228.1456	162.5928	0.3895796	0.2652544	0.869834	0.130166	1.604419
10422	-59.93821	-222.2566	162.3184	0.9206115	0.3704202	0.799088	0.200912	1.221062
10428	-65.19628	-228.1609	162.9646	0.9206115	0.3148638	0.470821	0.529179	0.6119312
10434	-80.62971	-242.9008	162.2711	1.148695	0.3700752	0.378768	0.621232	1.060508
10440	-78.73593	-240.8719	162.1359	0.4561693	0.2944798	0.399761	0.600239	1.829648
10446	-85.57787	-246.9386	161.3608	0.1858337	0.4211696	0.604623	0.395377	2.34405
10452	-86.23944	-247.5515	161.312	0.04655053	0.5307899	0.718562	0.281438	2.34405
10458	-88.63124	-249.9092	161.278	0.1781871	0.3398865	0.747135	0.252865	2.503299
10464	-85.42511	-246.4651	161.04	0.4894466	0.7404064	0.909953	0.0900467	2.042887
10470	-78.92254	-239.4973	160.5748	0.3043095	0.3219646	0.798978	0.201022	2.881832
10476	-73.71812	-235.5901	161.872	0.3336582	0.4082311	0.58464	0.41536	1.929329
10482	-80.89414	-242.0476	161.1535	0.7622341	0.5813282	0.658986	0.341014	1.929329
10488	-72.56232	-235.2133	162.651	0.3123449	0.2764181	0.657026	0.342974	1.598111
10494	-75.413	-237.1955	161.7825	0.3123449	0.4862937	0.708248	0.291752	1.909839
10500	-88.338	-250.8306	162.4926	1.2947	0.3298128	0.530719	0.469281	0.7378287
10506	-72.3141	-234.1991	161.885	1.338379	0.7060344	0.613046	0.386954	0.6278695
10512	-70.09763	-232.2299	162.1323	0.2086528	0.1932792	0.587455	0.412545	2.177333
10518	-82.5184	-242.7359	160.2175	0.3587846	0.7849377	0.635667	0.364333	2.615848
10524	-73.85116	-236.3297	162.4786	0.1210276	0.3045912	0.480711	0.519289	1.808208
10530	-82.90269	-244.5296	161.6269	0.3128219	0.3045912	0.521704	0.478296	2.246702
10536	-81.70254	-243.5582	161.8557	0.5278199	0.4073573	0.841167	0.158833	1.809056
10542	-91.36477	-253.5159	162.1512	0.1672897	0.5212227	0.400932	0.599068	1.715718
10548	-81.24392	-243.1466	161.9027	0.4157519	0.5212227	0.441901	0.558099	1.715718
10554	-74.88083	-234.8902	160.0094	0.1513379	0.9074939	0.420334	0.579666	2.785585
10560	-77.29058	-237.0605	159.7699	0.1052265	0.432731	0.804692	0.195308	3.347224
10566	-78.28573	-236.9755	158.6898	0.4236665	1.565358	0.721347	0.278653	3.073912
10572	-79.35667	-241.2822	161.9255	0.639304	0.4825024	0.723628	0.276372	1.584799
10578	-85.29532	-246.357	161.0617	0.639304	0.2806374	0.335488	0.664512	2.434596
10584	-78.08223	-238.8311	160.7489	0.5761332	0.7759873	0.614374	0.385626	2.148426
10590	-75.45965	-237.6968	162.2371	0.6623181	0.3518536	0.721004	0.278996	1.519245
10596	-93.25347	-253.5814	160.328	0.6955843	0.4317665	0.424093	0.575907	2.658794
10602	-78.12835	-240.3662	162.2379	0.3697011	0.3175008	0.715062	0.284938	1.782313
10608	-81.61101	-244.1095	162.4985	0.3687505	0.5153838	0.41346	0.58654	1.311847
10614	-79.40361	-241.5601	162.1565	0.7418086	0.525335	0.264222	0.735778	1.273451
10620	-75.96248	-236.9804	161.018	0.3373844	0.8686525	0.375459	0.624541	2.058182
10626	-73.6927	-235.3804	161.6877	0.3944267	0.4611707	0.720752	0.279248	1.947553
10632	-89.00215	-250.5379	161.5358	0.2880048	0.9058837	0.790008	0.209992	1.711331
10638	-78.04157	-239.5092	161.4676	0.4792858	0.9058837	0.510585	0.489415	1.623395
10644	-92.02589	-253.4121	161.3862	0.6151006	0.3738283	0.873854	0.126146	2.10992
10650	-80.86042	-242.3608	161.5004	0.7605582	0.6124909	0.873854	0.126146	1.658268
10656	-78.41343	-240.9167	162.5032	1.044427	0.2851233	0.493163	0.506837	1.11569
10662	-76.45172	-239.4013	162.9496	0.4030676	0.2734508	0.51603	0.48397	1.306296
10668	-80.57118	-241.8794	161.3082	0.853145	1.109031	0.742186	0.257814	1.306296
10674	-78.19775	-239.7911	161.5934	0.788363	0.6263459	0.452258	0.547742	1.556307
10680	-66.93863	-228.5788	161.6402	0.1471803	0.4299942	0.771502	0.228498	2.178977
10686	-64.68871	-226.681	161.9923	0.1812894	0.3436532	0.633121	0.366879	2.037638
10692	-80.00811	-239.6192	159.6111	0.4028353	0.9208417	0.61276	0.38724	2.866086
10698	-82.77714	-243.6675	160.8904	0.3929155	0.8261754	0.447856	0.552144	2.137029
10704	-84.59154	-245.5787	160.9872	0.3382344	0.7338169	0.565901	0.434099	2.181948
10710	-71.57133	-233.3057	161.7344	0.2121828	0.5339941	0.422915	0.577085	1.957382
10716	-71.55095	-232.3332	160.7823	0.09493427	0.4907454	0.575286	0.424714	2.685315
10722	-80.04211	-241.3617	161.3196	0.7193805	1.027275	0.41982	0.58018	1.463078
10728	-79.50335	-241.0173	161.5139	0.8317028	0.4757346	0.59785	0.40215	1.749631
10734	-72.96168	-234.2643	161.3026	0.3558145	0.7945706	0.588675	0.411325	1.912437
10740	-70.53681	-232.6347	162.0979	0.5855166	0.2127087	0.750013	0.249987	1.912437
10746	-64.83455	-227.2735	162.4389	0.6486069	0.2040157	0.609124	0.390876	1.648946
10752	-70.2099	-230.7708	160.5609	1.347765	1.638031	0.684789	0.315211	1.166506
10758	-70.07818	-232.2617	162.1835	1.141543	0.4992146	0.695879	0.304121	0.917297
10764	-62.10861	-224.3025	162.1939	0.7113456	0.3155382	0.768555	0.231445	1.573326
10770	-72.08905	-233.046	160.9569	0.4678403	0.7721094	0.323337	0.676663	2.086216
10776	-62.87974	-224.9735	162.0937	0.2419194	0.4423982	0.423099	0.576901	1.797308
10782	-81.79086	-243.6429	161.852	1.74673	0.4709666	0.57881	0.42119	0.4707637
10788	-68.57877	-230.9864	162.4077	1.529961	0.2991888	0.560719	0.439281	0.5540807
10794	-66.59571	-229.0875	162.4918	1.529961	0.2630528	0.370958	0.629042	0.5705755
10800	-72.14985	-233.5262	161.3764	0.6491416	0.760707	0.421855	0.578145	1.686386
10806	-71.92083	-234.245	162.3242	0.5367686	0.1957528	0.239553	0.760447	1.825396
10812	-73.50027	-235.576	162.0758	0.928422	0.5406717	0.287705	0.712295	1.163028
10818	-79.12251	-241.6034	162.4809	0.8022592	0.3196295	0.54827	0.45173	1.274424
10824	-81.51017	-243.4348	161.9246	0.8022592	0.6397851	0.491494	0.508506	1.274424
10830	-77.82036	-240.0459	162.2256	0.9421899	0.5501245	0.572784	0.427216	0.9967414
10836	-81.87425	-243.8442	161.97	1.229709	0.6598648	0.614268	0.385732	0.7765378
10842	-73.48928	-235.9129	162.4236	0.4985132	0.2504731	0.552428	0.447572	1.675069
10848	-66.93681	-228.5113	161.5745	0.7873611	0.5780455	0.580678	0.419322	1.621939
10854	-73.00528	-234.1766	161.1713	0.6409198	0.5470979	0.929721	0.0702795	2.033348
10860	-77.61171	-237.6158	160.004	0.3414301	0.6650223	0.666632	0.333368	2.850325
10866	-67.91208	-230.1375	162.2255	0.5587542	0.2316423	0.8157	0.1843	1.807122
10872	-67.61039	-228.4957	160.8853	0.846915	0.8118609	0.620732	0.379268	1.848304
10878	-66.31773	-228.0004	161.6826	0.5850904	0.6135528	0.687641	0.312359	1.652345
10884	-78.79231	-241.3627	162.5704	0.8031878	0.2680452	0.795038	0.204962	1.300227
10890	-83.23236	-244.8446	161.6122	0.4846277	0.3052008	0.672363	0.327637	2.144074
10896	-82.23543	-243.9135	161.678	0.4990312	0.377688	0.184674	0.815326	1.988529
10902	-71.42717	-233.1536	161.7265	0.5205263	0.4859973	0.394296	0.605704	1.806111
10908	-71.47369	-233.6751	162.2014	0.8096649	0.2885927	0.58292	0.41708	1.54142
10914	-71.39899	-233.8403	162.4413	0.8178613	0.3140605	0.254014	0.745986	1.304274
10920	-63.05789	-224.7361	161.6782	0.8612028	0.7553391	0.428182	0.571818	1.304274
10926	-64.84023	-227.1611	162.3209	1.137521	0.3817036	0.344338	0.655662	1.0003
10932	-59.72429	-222.2234	162.4991	1.137521	0.412845	0.704398	0.295602	0.7087467
10938	-64.30809	-226.4234	162.1153	1.145438	0.4569036	0.62188	0.37812	1.055887
10944	-79.44432	-241.6582	162.2139	0.8955219	0.4492745	0.536306	0.463694	1.203907
10950	-77.7177	-238.6716	160.9539	1.096131	0.9332169	0.637567	0.362433	1.526524
10956	-75.73698	-238.2335	162.4966	1.096131	0.3047827	0.605931	0.394069	1.030103
10962	-70.80468	-233.2252	162.4205	1.161048	0.376618	0.450969	0.549031	0.87942
10968	-71.50934	-234.0345	162.5252	0.510485	0.4454977	0.332583	0.667417	1.271456
10974	-67.57635	-229.5131	161.9367	0.6694419	0.4159412	0.387172	0.612828	1.640783
10980	-64.95069	-227.5229	162.5722	0.6335568	0.217325	0.503822	0.496178	1.534606
10986	-71.23437	-231.7987	160.5643	0.4465314	0.5461575	0.659739	0.340261	2.547467
10992	-62.61701	-224.2138	161.5968	0.1802837	0.2578336	0.448458	0.551542	2.422552
10998	-59.13204	-222.4041	163.2721	0.2364995	0.1690545	0.866029	0.133971	1.41709
11004	-59.00025	-220.9345	161.9343	0.5099672	0.246779	0.431764	0.568236	2.009981
11010	-63.50188	-224.9591	161.4573	0.4510328	0.2638523	0.303351	0.696649	2.329743
11016	-68.87864	-230.6008	161.7222	0.4930669	0.1586283	0.303351	0.696649	2.329743
11022	-67.73096	-229.0241	161.2932	0.249928	0.5386746	0.869258	0.130742	2.217909
11028	-85.86193	-246.8561	160.9942	0.374062	1.116738	0.55916	0.44084	1.8818
11034	-69.15294	-231.4916	162.3386	0.08376697	0.3871902	0.55916	0.44084	1.809154
11040	-71.47923	-233.1417	161.6625	0.3334046	0.3545789	0.726378	0.273622	2.139291
11046	-71.58547	-232.331	160.7455	0.09976525	0.7026701	0.457558	0.542442	2.512404
11052	-75.97366	-236.4288	160.4551	0.08371272	0.7054882	0.491677	0.508323	2.699775
11058	-71.05086	-233.2819	162.231	0.04583292	0.4299299	0.446868	0.553132	1.853376
11064	-77.92695	-241.0707	163.1438	0.1119989	0.4299299	0.530126	0.469874	1.105624
11070	-72.6448	-234.1633	161.5185	0.1119989	0.3650322	0.488177	0.511823	2.360331
11076	-69.85017	-230.7967	160.9465	0.1366899	0.6233749	0.340331	0.659669	2.430604
11082	-68.29962	-229.3643	161.0646	0.3074933	0.252874	0.466603	0.533397	2.682342
11088	-72.88671	-233.7495	160.8627	0.10754	0.25869	0.771712	0.228288	2.917861
11094	-77.64662	-240.5514	162.9047	0.09043528	0.25869	0.648994	0.351006	1.607246
11100	-77.07555	-238.8583	161.7828	0.143018	0.6390428	0.407133	0.592867	1.866194
11106	-79.18307	-241.2213	162.0383	0.1398251	0.6390428	0.839028	0.160972	1.690655
11112	-77.31268	-239.708	162.3954	0.4020821	0.3162806	0.232119	0.767881	1.650276
11118	-73.34371	-235.9034	162.5597	0.776636	0.1607995	0.792371	0.207629	1.567337
11124	-76.70281	-238.1808	161.478	0.3548788	0.4424079	0.802664	0.197336	2.134687
11130	-72.39391	-234.2679	161.874	0.3548788	0.3560147	0.541832	0.458168	1.983485
11136	-65.67003	-226.8864	161.2164	0.3548788	0.5503732	0.483844	0.516156	2.18789
11142	-65.49037	-226.9454	161.455	0.8772831	0.4743641	0.318584	0.681416	1.760595
11148	-75.97749	-237.8937	161.9162	1.004105	0.8439992	0.525893	0.474107	0.84353
11154	-68.15914	-230.1404	161.9812	1.097504	0.6253119	0.650532	0.349468	0.9744438
11160	-73.00263	-234.2907	161.2881	0.3012431	0.3588229	0.411272	0.588728	2.394492
11166	-75.15618	-237.1	161.9438	0.3966642	0.4972542	0.241801	0.758199	1.727769
11172	-68.89644	-229.466	160.5696	0.3590935	0.680818	0.226305	0.773695	2.47821
11178	-72.64927	-234.8815	162.2323	0.5404393	0.3013237	0.29738	0.70262	1.692335
11184	-66.65089	-228.209	161.5581	0.8496349	0.7678144	0.739221	0.260779	1.39672
11190	-71.51304	-233.3965	161.8835	1.292732	0.6968217	0.235034	0.764966	0.7387349
11196	-81.79978	-244.3979	162.5981	0.8686865	0.5123984	0.254497	0.745503	0.7014335
11202	-66.63014	-229.2929	162.6628	0.3680447	0.2492815	0.615731	0.384269	1.59902
11208	-69.59505	-231.8338	162.2388	0.1350148	0.2882542	0.837662	0.162338	1.987591
11214	-66.76412	-227.5921	160.828	0.7221905	0.7915736	0.342902	0.657098	1.987591
11220	-66.65724	-228.4612	161.804	0.778729	0.1278428	0.603356	0.396644	2.164583
11226	-83.45193	-246.3346	162.8827	0.7459951	0.2864728	0.124598	0.875402	1.03698
11232	-77.089	-239.6835	162.5945	0.9570287	0.2612195	0.412186	0.587814	1.164902
11238	-81.39123	-243.5391	162.1479	0.5961784	0.3415742	0.247681	0.752319	1.648704
11244	-72.12417	-234.2777	162.1535	0.5910354	0.3051894	0.662404	0.337596	1.705925
11250	-67.78876	-229.6412	161.8525	0.5910354	0.4041339	0.497911	0.502089	1.771678
11256	-62.61588	-224.5888	161.9729	0.4425128	0.451667	0.675	0.325	1.730048
11262	-62.34526	-223.705	161.3598	0.3725167	0.5698055	0.306298	0.693702	2.063215
11268	-63.9646	-226.3428	162.3782	0.9304345	0.3241216	0.141146	0.858854	1.245048
11274	-66.32506	-228.8015	162.4764	1.00999	0.3303897	0.442565	0.557435	1.076509
11280	-72.96388	-235.2151	162.2512	0.7619984	0.3095305	0.282651	0.717349	1.503445
11286	-79.7027	-241.4869	161.7842	0.4947853	0.4968444	0.793299	0.206701	1.771287
11292	-76.4806	-238.1534	161.6728	0.3549563	0.2536429	0.655961	0.344039	2.270116
11298	-88.69941	-248.9784	160.279	0.4251221	0.6568399	0.796686	0.203314	2.637809
11304	-79.30056	-240.0746	160.774	0.6403043	0.7980966	0.437442	0.562558	2.072583
11310	-79.49494	-241.1905	161.6956	0.7415943	0.6249593	0.682731	0.317269	1.51666
11316	-88.59797	-247.9094	159.3115	1.243952	2.15366	0.566294	0.433706	1.938707
11322	-75.04041	-236.9905	161.9501	0.7786626	0.4841873	0.503783	0.496217	1.460567
11328	-68.55962	-230.2595	161.6999	0.7472644	0.7487455	0.295089	0.704911	1.384203
11334	-64.7452	-226.9627	162.2175	0.6665703	0.2431959	0.603033	0.396967	1.715626
11340	-90.41379	-252.0823	161.6685	0.396105	0.621334	0.718086	0.281914	1.787729
11346	-79.22466	-240.1743	160.9496	0.474095	0.3453205	0.721297	0.278703	2.516286
11352	-69.19888	-231.1691	161.9702	0.7538699	0.568636	0.52386	0.47614	1.359707
11358	-75.42112	-235.7148	160.2937	0.7538699	0.9226414	0.587919	0.412081	2.220758
11364	-79.76357	-241.6199	161.8563	0.827743	0.5840119	0.709929	0.290071	1.373107
11370	-68.18618	-229.7064	161.5203	0.1469444	0.4610448	0.542869	0.457131	2.220758
11376	-67.77645	-230.0107	162.2342	0.5690189	0.4206051	0.510279	0.489721	1.489545
11382	-76.07697	-237.2934	161.2165	0.5796194	0.631248	0.525462	0.474538	1.961356
11388	-76.75538	-238.7213	161.966	0.6365927	0.1908189	0.39155	0.60845	2.010396
11394	-85.11208	-246.7527	161.6406	0.05712734	0.3630227	0.65174	0.34826	2.320199
11400	-80.16142	-241.1599	160.9985	0.5031995	0.4120667	0.676788	0.323212	2.383338
11406	-74.80527	-235.9017	161.0964	0.2991462	0.3535819	0.696804	0.303196	2.523005
11412	-74.22028	-235.3285	161.1082	0.4699926	0.6186216	0.567621	0.432379	2.117492
11418	-81.60398	-241.9581	160.3541	0.2277844	0.3984265	0.701231	0.298769	2.965533
11424	-76.59943	-238.448	161.8486	0.7078631	0.3975963	0.47262	0.52738	1.701205
11430	-82.54032	-243.005	160.4646	0.8713126	0.6070853	0.500428	0.499572	2.284943
11436	-82.24094	-244.2347	161.9938	0.6300909	0.3045783	0.213437	0.786563	1.791424
11442	-72.6404	-234.0243	161.3839	0.9501313	0.5657573	0.731591	0.268409	1.655287
11448	-80.27888	-242.1624	161.8835	0.9501313	0.5437272	0.317052	0.682948	1.302584
11454	-75.48248	-236.5941	161.1116	0.9321557	0.3996216	0.535795	0.464205	2.048495
11460	-86.19791	-248.1003	161.9024	0.05322935	0.4141248	0.121342	0.878658	2.088404
11466	-71.39852	-233.9399	162.5414	0.08637635	0.2798657	0.540885	0.459115	1.829204
11472	-69.68585	-232.3991	162.7132	0.9321557	0.3752796	0.406928	0.593072	0.8040392
11478	-64.26329	-226.849	162.5857	0.9321557	0.4090864	0.56306	0.43694	0.8798485
11484	-73.30593	-234.8445	161.5385	0.5342536	0.3142525	0.755679	0.244321	2.146293
11490	-77.23197	-238.3838	161.1518	0.7940582	0.5271974	0.595526	0.404474	1.965089
11496	-76.53125	-238.9696	162.4383	0.1205093	0.3888965	0.551557	0.448443	1.711539
11502	-75.04356	-236.3356	161.2921	0.513436	0.6332299	0.767261	0.232739	1.953174
11508	-74.31887	-235.8664	161.5475	0.3912079	0.3234779	0.874837	0.125163	2.219813
11514	-60.22932	-222.0124	161.783	0.2418217	0.3234779	0.728047	0.271953	2.164035
11520	-74.1556	-236.2974	162.1418	0.3169644	0.1475043	0.591739	0.408261	2.198219
11526	-74.21968	-235.2114	160.9917	0.104918	0.2738497	0.591739	0.408261	2.818267
11532	-71.54449	-232.9822	161.4377	0.659619	0.4673883	0.473906	0.526094	1.930052
11538	-74.0911	-236.0293	161.9382	1.123439	0.6229127	0.755697	0.244303	0.995291
11544	-76.62632	-239.1551	162.5287	0.7089325	0.3586183	0.403269	0.596731	1.242537
11550	-93.09418	-253.7242	160.63	0.5619188	0.8675792	0.519376	0.480624	2.166043
11556	-82.42613	-244.678	162.2518	0.9942201	0.441748	0.549805	0.450195	1.094837
11562	-77.2214	-239.1207	161.8993	0.670273	0.1441932	0.563056	0.436944	2.13385
11568	-80.4919	-241.8895	161.3976	0.07479416	0.4712241	0.234081	0.765919	2.334267
11574	-77.82034	-239.7461	161.9257	0.104161	0.4712241	0.554842	0.445158	1.9709
11580	-74.8085	-237.834	163.0255	0.7113771	0.2531535	0.740746	0.259254	1.012448
11586	-61.77775	-223.9715	162.1938	0.9145139	0.238987	0.62903	0.37097	1.562358
11592	-81.41413	-242.5474	161.1332	1.436949	1.34379	0.174453	0.825547	0.6588353
11598	-80.87019	-243.1057	162.2355	1.070895	0.2706132	0.174453	0.825547	1.348997
11604	-73.19728	-235.0945	161.8972	0.8092797	0.5209179	0.701911	0.298089	1.431324
11610	-66.23419	-227.893	161.6588	0.116198	0.5709532	0.486387	0.513613	2.033834
11616	-70.45218	-230.0315	159.5793	0.4737374	0.4860888	0.564425	0.435575	3.186938
11622	-68.34993	-229.7045	161.3546	0.5842078	0.4936927	0.763585	0.236415	2.006325
11628	-67.0542	-228.4539	161.3997	0.4929813	0.6629123	0.548313	0.451687	1.866452
11634	-69.2589	-230.6477	161.3888	0.219405	0.4381926	0.75272	0.24728	2.284815
11640	-75.67816	-236.951	161.2728	0.0613528	0.2710482	0.800001	0.199999	2.677328
11646	-66.67319	-227.4223	160.7491	0.001987787	0.4240741	0.796766	0.203234	2.833989
11652	-74.99414	-235.8555	160.8613	0.00277416	0.6751664	0.565094	0.434906	2.523262
11658	-76.8682	-238.5028	161.6346	0.05221776	0.402857	0.906557	0.0934434	2.276644
11664	-69.36111	-231.2194	161.8583	0.05423884	0.4482947	0.806559	0.193441	2.07556
11670	-77.21593	-238.5514	161.3354	0.5138755	0.5331367	0.352879	0.647121	2.023241
11676	-84.92903	-246.2604	161.3314	0.5138755	0.5605884	0.597126	0.402874	1.99754
11682	-74.47689	-237.2191	162.7422	0.03972109	0.2403625	0.921929	0.0780707	1.792358
11688	-67.59099	-229.965	162.374	0.006963097	0.5609371	0.741086	0.258914	1.626795
11694	-74.69179	-237.1253	162.4335	0.05842452	0.366622	0.371284	0.628716	1.789609
11700	-83.78207	-244.4349	160.6528	1.20953	0.9390035	0.435452	0.564548	1.658922
11706	-72.37453	-234.161	161.7865	0.7213695	0.456116	0.663354	0.336646	1.658922
11712	-86.31965	-248.2806	161.9609	0.1247291	0.4803026	0.811463	0.188537	1.922926
11718	-96.05355	-257.154	161.1005	0.3009514	0.3696342	0.401825	0.598175	2.498652
11724	-83.0087	-243.1731	160.1644	0.3457872	0.4390235	0.469343	0.530657	2.963042
11730	-71.42626	-233.1829	161.7566	0.2567107	0.4127356	0.524374	0.475626	2.052061
11736	-73.4263	-236.1589	162.7326	0.0306249	0.1970199	0.524374	0.475626	1.889684
11742	-79.47451	-241.7646	162.2901	0.1167842	0.2762012	0.444896	0.555104	1.985008
11748	-75.78782	-237.1278	161.34	0.2614246	0.2617709	0.862667	0.137333	2.526303
11754	-91.54781	-252.5814	161.0336	0.08152359	0.3836112	0.817445	0.182555	2.658862
11760	-78.97293	-241.3188	162.3458	0.02503487	0.3836112	0.431485	0.568515	1.849478
11766	-74.51306	-236.9565	162.4434	0.05224275	0.2436525	0.728534	0.271466	1.981186
11772	-89.43105	-250.917	161.4859	1.054858	0.7459333	0.710138	0.289862	1.312587
11778	-81.28532	-243.5274	162.242	0.9708815	0.2598132	0.471798	0.528202	1.443067
11784	-74.29346	-235.7275	161.434	0.4749396	0.2950531	0.729866	0.270134	2.280745
11790	-91.55122	-251.9508	160.3995	0.6981924	0.7856482	0.566701	0.433299	2.28766
11796	-84.74388	-246.7256	161.9817	0.3633377	0.4118585	0.543173	0.456827	1.829703
11802	-91.20377	-252.0438	160.84	0.1318025	0.4257422	0.601771	0.398229	2.697406
11808	-91.87603	-252.8763	161.0003	0.11159	0.4257422	0.553942	0.446058	2.611124
11814	-66.47934	-228.2764	161.797	0.5006585	0.8233683	0.779957	0.220043	1.430897
11820	-77.12987	-238.793	161.6631	0.3855254	0.6274654	0.617378	0.382622	1.79282
11826	-68.17407	-230.6003	162.4262	0.01649312	0.3888788	0.394262	0.605738	1.79282
11832	-62.41525	-224.7906	162.3753	0.05714285	0.2581812	0.282478	0.717522	1.99809
11838	-66.42917	-228.2699	161.8407	0.3840721	0.3475541	0.829932	0.170068	1.99809
11844	-69.50583	-231.7739	162.2681	0.7025835	0.3130529	0.677487	0.322513	1.529229
11850	-73.45811	-235.2982	161.8401	0.8967721	0.4532365	0.612587	0.387413	1.494934
11856	-73.2695	-234.2192	160.9497	0.6588926	0.9128095	0.612587	0.387413	1.855682
11862	-78.7698	-240.3122	161.5424	1.224495	0.98627	0.457845	0.542155	0.8450126
11868	-85.28143	-247.9254	162.644	1.224495	0.331564	0.550847	0.449153	0.4726794
11874	-88.87028	-250.0117	161.1414	0.6993657	0.5278041	0.557302	0.442698	2.034502
11880	-77.85004	-239.4343	161.5843	0.4810251	0.5278041	0.375454	0.624546	1.883765
11886	-72.86698	-234.9655	162.0986	0.4187962	0.2926443	0.731526	0.268474	1.883765
11892	-75.2738	-238.1057	162.8319	0.203493	0.1349329	0.94869	0.0513103	1.845111
11898	-68.81846	-230.9324	162.1139	0.09251693	0.415508	0.335048	0.664952	1.919494
11904	-72.2978	-233.3928	161.095	0.04012295	1.16188	0.643486	0.356514	2.011151
11910	-85.62101	-246.2477	160.6267	0.485881	0.2257448	0.665095	0.334905	2.88498
11916	-76.28484	-238.5539	162.269	0.1747834	0.152621	0.336285	0.663715	2.196306
11922	-65.85093	-228.4692	162.6183	0.5071996	0.1175266	0.702167	0.297833	1.828941
11928	-79.87882	-240.2104	160.3315	0.3232879	0.2465965	0.615732	0.384268	3.125689
11934	-73.14154	-235.1965	162.0549	0.4346527	0.5998652	0.386926	0.613074	1.504388
11940	-69.20091	-232.2724	163.0715	0.5895167	0.2345766	0.672028	0.327972	1.129955
11946	-70.45735	-231.8843	161.427	0.9641617	0.7807337	0.590976	0.409024	1.397461
11952	-74.42185	-236.4736	162.0517	1.211159	0.423281	0.657021	0.342979	1.110322
11958	-83.8838	-244.5981	160.7143	1.211159	1.852088	0.248588	0.751412	1.02206
11964	-76.22123	-236.8949	160.6737	1.53483	1.852088	0.7146	0.2854	0.6675935
11970	-82.75519	-244.0574	161.3022	0.5353923	0.3104725	0.716747	0.283253	2.303528
11976	-74.97449	-235.9774	161.0029	0.370064	0.926732	0.618398	0.381602	2.00471
11982	-71.52436	-232.8941	161.3698	0.0663718	0.2539162	0.380741	0.619259	2.64128
11988	-81.21598	-242.9937	161.7777	0.09186329	0.3619913	0.566379	0.433621	2.211313
11994	-80.88632	-242.7037	161.8174	0.4351167	0.6137285	0.336585	0.663415	1.663027
12000	-71.30521	-233.8554	162.5502	0.1398597	0.324152	0.639429	0.360571	1.714141
12006	-70.37354	-231.5269	161.1533	0.4235454	0.324152	0.334134	0.665866	2.449157
12012	-81.21163	-243.0536	161.842	0.7019464	0.324152	0.72744	0.27256	1.816113
12018	-86.17084	-247.3948	161.2239	0.6251116	0.7535057	0.647412	0.352588	1.816113
12024	-73.61448	-235.1908	161.5764	0.2054512	0.6353608	0.739107	0.260893	1.967068
12030	-67.36872	-228.7522	161.3835	0.3084387	0.6178033	0.386127	0.613873	2.043399
12036	-74.32466	-236.2586	161.9339	0.3884642	0.2748468	0.545374	0.454626	2.043399
12042	-70.78764	-232.7368	161.9491	0.6729664	0.1980572	0.772058	0.227942	1.982703
12048	-66.28829	-228.4554	162.1671	0.6729664	0.2171328	0.780059	0.219941	1.796507
12054	-79.45844	-241.017	161.5585	0.07443467	0.4504664	0.509663	0.490337	2.254821
12060	-71.59766	-233.254	161.6564	0.04618131	0.3802319	0.807569	0.192431	2.294891
12066	-81.22694	-242.6442	161.4173	0.5076138	0.27917	0.793064	0.206936	2.294891
12072	-79.89352	-242.9439	163.0504	1.050991	0.1588575	0.431676	0.568324	0.9237629
12078	-70.79255	-233.0121	162.2196	1.333701	0.4040742	0.576239	0.423761	0.8491342
12084	-77.46747	-237.2977	159.8302	1.184124	1.966844	0.47374	0.52626	1.695909
12090	-68.57459	-230.2631	161.6885	0.2568584	0.3680057	0.39148	0.60852	2.154158
12096	-68.52202	-229.9126	161.3906	0.138312	0.3680057	0.731996	0.268004	2.420755
12102	-74.51184	-234.6428	160.131	0.4203854	0.4902232	0.583608	0.416392	2.884461
12108	-76.20974	-238.327	162.1173	0.9206981	0.5262795	0.589771	0.410229	1.15332
12114	-82.07201	-244.159	162.087	0.8667643	0.323723	0.5372	0.4628	1.52396
12120	-75.95532	-237.6534	161.6981	0.6935585	0.4364889	0.693342	0.306658	1.765819
12126	-74.74427	-236.5075	161.7632	0.6908492	0.8392603	0.24815	0.75185	1.292858
12132	-73.68789	-236.5728	162.8849	0.6374637	0.2612866	0.521818	0.478182	1.190109
12138	-75.80085	-237.9945	162.1937	0.5257448	0.3944635	0.406713	0.593287	1.588502
12144	-81.41144	-243.7738	162.3624	0.5482797	0.411563	0.76105	0.23895	1.420647
12150	-76.57463	-238.4792	161.9046	0.1560745	0.5070711	0.55475	0.44525	1.909618
12156	-74.20611	-235.662	161.4559	0.2648112	0.5070711	0.703715	0.296285	2.135524
12162	-69.95403	-232.0923	162.1382	0.6690282	0.3782243	0.364727	0.635273	1.547518
12168	-75.9525	-238.6722	162.7197	0.345481	0.2632571	0.281442	0.718558	1.547518
12174	-87.95411	-250	162.0459	1.480917	0.4041799	0.576435	0.423565	0.8802197
12180	-79.49457	-241.0112	161.5166	1.526866	0.8541002	0.77758	0.22242	0.3881941
12186	-79.37709	-241.8704	162.4933	1.36365	0.3260435	0.472815	0.527185	0.6208276
12192	-66.64199	-227.634	160.992	0.9095071	0.734234	0.617259	0.382741	1.796424
12198	-68.59016	-230.898	162.3079	0.4788374	0.1831566	0.593326	0.406674	1.9027
12204	-78.77073	-239.5042	160.7335	0.1534067	0.6992373	0.318391	0.681609	2.489187
12210	-74.92518	-236.6237	161.6986	0.4993517	0.3074601	0.712725	0.287275	2.074438
12216	-73.16158	-235.2618	162.1002	0.2744042	0.2713238	0.25036	0.74964	2.014542
12222	-80.64661	-242.2585	161.6119	0.1716278	0.2957067	0.809724	0.190276	2.359673
12228	-72.88903	-234.5174	161.6284	0.4505151	0.5106351	0.635014	0.364986	1.893319
12234	-84.64505	-247.0505	162.4054	0.9607021	0.1875691	0.66	0.34	1.480735
12240	-75.53112	-237.1984	161.6673	1.123234	0.6667379	0.557702	0.442298	1.189863
12246	-81.43433	-242.9983	161.564	0.4520066	0.7526066	0.811305	0.188695	1.700202
12252	-83.56514	-243.4875	159.9224	0.4520066	1.368885	0.763106	0.236894	2.391354
12258	-70.7579	-231.7592	161.0013	0.216321	0.5737692	0.763645	0.236355	2.391354
12264	-74.52084	-235.5368	161.016	0.9102063	0.5752713	0.641589	0.358411	1.928374
12270	-77.9199	-238.8775	160.9576	0.9102063	1.206258	0.468417	0.531583	1.467809
12276	-78.26798	-238.1265	159.8585	0.9102063	2.272074	0.46424	0.53576	1.748288
12282	-71.48874	-233.1383	161.6496	0.3266721	0.3335908	0.494937	0.505063	2.181176
12288	-80.76604	-241.5506	160.7846	0.1502271	0.2023128	0.777638	0.222362	3.032445
12294	-75.55709	-237.5225	161.9654	0.4153239	0.2889026	0.571281	0.428719	1.981912
12300	-76.1674	-238.4857	162.3183	0.6535208	0.3814377	0.828249	0.171751	1.418526
12306	-70.09969	-232.7455	162.6458	0.4851445	0.3153848	0.646916	0.353084	1.403599
12312	-63.06921	-224.7401	161.6709	0.4851445	0.3466751	0.494057	0.505943	2.045027
12318	-69.39309	-230.8868	161.4937	0.809894	0.7847075	0.63771	0.36229	1.461102
12324	-78.00784	-239.7487	161.7409	1.016272	0.7847075	0.771088	0.228912	1.086017
12330	-77.6332	-240.005	162.3718	1.016272	0.2945741	0.57622	0.42378	1.235024
12336	-75.2621	-237.5002	162.2381	0.7657148	0.4177891	0.558007	0.441993	1.338407
12342	-77.36716	-240.0136	162.6464	0.867276	0.181522	0.860007	0.139993	1.38185
12348	-72.58496	-234.6525	162.0675	0.8066131	0.3426057	0.669061	0.330939	1.552548
12354	-87.04464	-247.3576	160.3129	0.2623486	0.4172555	0.488426	0.511574	2.947977
12360	-79.76647	-240.0803	160.3139	0.7969684	0.4938778	0.482523	0.517477	2.537594
12366	-68.81362	-231.1883	162.3747	0.7275222	0.1940994	0.800789	0.199211	1.659714
12372	-77.06083	-239.2582	162.1974	1.043035	0.4045066	0.810825	0.189175	1.161962
12378	-80.02866	-243.2331	163.2044	0.4658275	0.2182451	0.631306	0.368694	1.161962
12384	-80.89111	-240.3378	159.4467	0.09017822	0.372889	0.793801	0.206199	3.61186
12390	-78.54325	-240.6053	162.0621	0.8408777	0.2375639	0.710585	0.289415	1.712938
12396	-78.07702	-239.6946	161.6175	0.9742705	0.9361726	0.308015	0.691985	1.081968
12402	-83.79135	-245.1299	161.3386	0.3553407	0.7058041	0.510083	0.489917	1.962564
12408	-78.42528	-240.5469	162.1217	0.7418681	0.7976682	0.727741	0.272259	0.9671489
12414	-71.65117	-234.0567	162.4055	0.6885671	0.2267152	0.730912	0.269088	1.597258
12420	-73.95911	-235.6379	161.6788	0.3775209	0.3739566	0.769934	0.230066	2.073573
12426	-82.9418	-244.7033	161.7615	0.8723284	0.4568722	0.732631	0.267369	1.566658
12432	-82.9528	-244.7266	161.7738	0.9997909	0.654714	0.53556	0.46444	1.218242
12438	-87.23036	-249.5799	162.3496	0.6361215	0.4552471	0.470586	0.529414	1.298171
12444	-75.84371	-238.9623	163.1186	0.5775599	0.1489135	0.285435	0.714565	1.323313
12450	-80.57955	-241.5639	160.9844	0.03426236	0.408415	0.751223	0.248777	2.688585
12456	-80.87745	-242.8507	161.9733	0.07488491	0.2104441	0.739227	0.260773	2.332668
12462	-73.54229	-234.5177	160.9754	0.02067518	0.5402503	0.297463	0.702537	2.562377
12468	-72.81833	-234.2032	161.3848	0.1942544	0.2024648	0.729229	0.270771	2.640967
12474	-65.40552	-226.7601	161.3546	0.1034922	0.4247115	0.743168	0.256832	2.395951
12480	-65.31249	-227.5209	162.2084	0.008959638	0.284084	0.570777	0.429223	2.097778
12486	-72.87006	-233.16	160.29	0.006457274	0.3573203	0.433802	0.566198	3.185186
12492	-90.77526	-250.6693	159.8941	0.02166203	0.8136928	0.677443	0.322557	2.997188
12498	-81.23426	-242.464	161.2298	0.1645942	0.401087	0.216593	0.783407	2.464142
12504	-86.93293	-249.3583	162.4254	0.7011635	0.5444652	0.492143	0.507857	1.04573
12510	-82.70764	-244.2174	161.5098	0.6839516	0.2157207	0.370458	0.629542	2.229691
12516	-86.40909	-248.5849	162.1758	0.7498716	0.2084363	0.800905	0.199095	1.754377
12522	-71.86445	-234.517	162.6526	0.7498716	0.289694	0.507066	0.492934	1.232663
12528	-80.8442	-243.875	163.0308	1.051294	0.2212613	0.575622	0.424378	0.6943516
12534	-73.37275	-236.0477	162.675	1.051294	0.353864	0.822828	0.177172	0.7522955
12540	-79.81393	-239.5458	159.7319	0.2992456	0.9257732	0.355015	0.644985	2.852506
12546	-93.97274	-254.0968	160.1241	0.4484398	0.5093313	0.413152	0.586848	2.852506
12552	-80.54097	-242.6609	162.1199	0.3249333	0.2034972	0.591693	0.408307	2.08942
12558	-76.90632	-237.7158	160.8095	0.5282739	0.8420728	0.733542	0.266458	2.08942
12564	-83.10237	-245.7505	162.6481	0.2420871	0.2074491	0.774768	0.225232	1.781089
12570	-91.56146	-252.8818	161.3203	0.09341361	0.6559942	0.555876	0.444124	2.190734
12576	-81.24982	-240.7928	159.543	0.2588972	0.6559942	0.860341	0.139659	3.183543
12582	-76.13556	-237.9004	161.7649	0.1821447	0.4835218	0.492046	0.507954	2.012217
12588	-80.92689	-241.9564	161.0295	0.1507341	0.6138345	0.582085	0.417915	2.377883
12594	-83.23215	-244.6998	161.4677	0.1826701	0.6138345	0.221891	0.778109	2.074614
12600	-76.66864	-238.2934	161.6247	0.4575185	0.3644326	0.883429	0.116571	2.069287
12606	-83.87262	-245.7913	161.9187	0.6841312	0.6205032	0.541402	0.458598	1.395315
12612	-74.487	-234.5655	160.0785	0.2284287	0.3406712	0.835335	0.164665	3.19983
12618	-83.30497	-242.5075	159.2025	0.6000967	1.310939	0.330677	0.669323	2.774812
12624	-74.95561	-237.2432	162.2876	0.5069291	0.3392071	0.582969	0.417031	1.616023
12630	-70.45628	-233.2458	162.7895	1.065718	0.3323416	0.768629	0.231371	0.5854162
12636	-73.8341	-236.465	162.6309	1.065718	0.3916395	0.693734	0.306266	0.6740112
12642	-71.01872	-233.2014	162.1827	1.452131	0.4513347	0.388306	0.611694	0.4977981
12648	-74.11941	-236.0585	161.9391	1.740772	0.405221	0.697756	0.302244	0.3717788
12654	-72.75512	-234.0837	161.3286	1.390376	0.8299055	0.705397	0.294603	1.072208
12660	-74.66326	-237.8508	163.1876	0.7528745	0.1464039	0.759142	0.240858	1.123949
12666	-73.99112	-236.0033	162.0122	1.125179	0.4857825	0.550541	0.449459	1.123949
12672	-75.66847	-236.6226	160.9542	0.747352	1.488784	0.606083	0.393917	1.42227
12678	-86.36506	-247.2223	160.8573	0.6982765	0.9351429	0.514281	0.485719	1.875758
12684	-84.77246	-246.4989	161.7265	0.3571824	0.9604224	0.718579	0.281421	1.480103
12690	-86.57921	-248.2215	161.6423	1.053598	0.7971273	0.696447	0.303553	1.128401
12696	-81.44733	-242.7176	161.2702	0.9924682	1.549153	0.544703	0.455297	0.8792553
12702	-77.65065	-238.9835	161.3329	0.8489422	0.6501905	0.544703	0.455297	1.677063
12708	-74.56921	-236.8793	162.3101	0.5727003	0.557825	0.902396	0.0976042	1.244144
12714	-68.66009	-231.6319	162.9718	0.5829901	0.2086372	0.367131	0.632869	1.283134
12720	-77.39225	-239.0017	161.6094	1.09996	0.6447824	0.696774	0.303226	1.283134
12726	-80.09647	-238.8329	158.7365	1.09996	1.98791	0.443911	0.556089	2.465764
12732	-81.49376	-243.9876	162.4938	0.3295022	0.4041074	0.773971	0.226029	1.497849
12738	-82.28889	-243.4329	161.144	0.3215834	0.6886422	0.418662	0.581338	2.128541
12744	-76.50512	-238.4582	161.953	0.2944762	0.4571018	0.147235	0.852765	1.840026
12750	-68.58346	-229.309	160.7256	0.1543692	0.4571018	0.379757	0.620243	2.719068
12756	-63.46424	-224.256	160.7918	0.05033461	0.3418331	0.347221	0.652779	2.877976
12762	-73.05289	-233.4622	160.4094	0.1822057	1.215563	0.785042	0.214958	2.333753
12768	-73.45016	-235.8506	162.4005	0.2776598	0.2465295	0.621356	0.378644	1.852593
12774	-75.95277	-236.93	160.9773	0.4409379	0.9396228	0.465123	0.534877	1.965427
12780	-74.56372	-235.4506	160.8869	0.306881	0.6495228	0.769662	0.230338	2.337559
12786	-76.63245	-238.3922	161.7598	0.4745306	0.314539	0.721487	0.278513	2.039736
12792	-77.05652	-237.203	160.1465	0.3135514	0.8152561	0.859749	0.140251	2.665483
12798	-77.31366	-239.3953	162.0817	0.6919328	0.3484943	0.590248	0.409752	1.616818
12804	-85.91637	-247.6821	161.7657	0.5291296	0.4656005	0.292499	0.707501	1.797136
12810	-76.30999	-238.2423	161.9323	0.9552501	0.4122104	0.333059	0.666941	1.437475
12816	-75.65759	-237.3386	161.681	0.7661499	0.4215448	0.419425	0.580575	1.746206
12822	-71.18609	-232.8915	161.7054	0.6212878	0.4215448	0.423809	0.576191	1.82979
12828	-68.06461	-230.1296	162.065	0.7818024	0.2446129	0.47743	0.52257	1.739234
12834	-66.55853	-228.4155	161.857	0.5970335	0.4658709	0.495585	0.504415	1.685147
12840	-59.20977	-221.0489	161.8391	0.4727497	0.446538	0.690117	0.309883	1.808609
12846	-75.69859	-237.5275	161.8289	0.3448355	0.5520976	0.479897	0.520103	1.783037
12852	-80.38413	-240.4333	160.0491	1.232342	1.510258	0.307295	0.692705	1.719215
12858	-66.34226	-228.8063	162.464	1.145598	0.3510121	0.433889	0.566111	0.9072457
12864	-67.65001	-230.1004	162.4504	0.7165879	0.3279688	0.554311	0.445689	1.353322
12870	-61.20611	-223.7723	162.5662	0.7214878	0.308149	0.528286	0.471714	1.292048
12876	-64.55844	-226.9498	162.3914	0.5490184	0.3197993	0.185365	0.814635	1.540385
12882	-72.34256	-234.4955	162.1529	0.5490184	0.3197993	0.84302	0.15698	1.712608
12888	-69.42872	-232.0774	162.6487	0.526769	0.2125276	0.371976	0.628024	1.567091
12894	-70.86948	-233.4681	162.5986	0.2786236	0.2545473	0.405936	0.594064	1.699432
12900	-73.74165	-235.7732	162.0316	0.5495206	0.6290645	0.418747	0.581253	1.402788
12906	-86.07532	-247.6658	161.5905	0.6643528	0.2967271	0.614381	0.385619	2.053298
12912	-78.52507	-238.7674	160.2423	0.872585	1.114078	0.535921	0.464079	2.053298
12918	-80.32981	-241.9027	161.5729	0.6065071	0.5523085	0.758522	0.241478	1.778841
12924	-88.78883	-251.4808	162.692	1.209969	0.3160752	0.539533	0.460467	0.5356926
12930	-77.73931	-239.6484	161.9091	1.209969	0.5248897	0.692522	0.307478	1.0819
12936	-86.87797	-245.9411	159.0631	1.373651	4.019768	0.881832	0.118168	1.460049
12942	-81.16098	-243.3794	162.2184	1.373651	0.2989584	0.507716	0.492284	1.043746
12948	-76.16228	-237.2725	161.1102	1.335692	1.357816	0.402845	0.597155	0.8321934
12954	-65.28295	-227.5069	162.2239	1.085633	0.3452373	0.646838	0.353162	1.205543
12960	-73.0025	-234.3888	161.3863	0.7142855	0.8167791	0.646838	0.353162	1.584158
12966	-70.52482	-233.2053	162.6805	0.2525874	0.2970189	0.868033	0.131967	1.584158
12972	-69.81748	-230.9939	161.1765	0.2062788	0.6076273	0.59605	0.40395	2.254445
12978	-76.97814	-238.6022	161.624	0.9012658	0.7588669	0.577957	0.422043	1.312188
12984	-86.49132	-247.9394	161.4481	0.354173	0.3115036	0.346368	0.653632	2.324543
12990	-70.24649	-232.7296	162.4831	0.7692368	0.2857031	0.862385	0.137615	1.362608
12996	-66.97304	-229.5523	162.5792	0.6809065	0.3218808	0.602317	0.397683	1.28919
13002	-68.8983	-231.5662	162.6679	1.207613	0.1870302	0.631981	0.368019	1.059454
13008	-70.47697	-232.4187	161.9417	1.355363	0.6457143	0.289373	0.710627	0.6437355
13014	-71.12593	-233.9227	162.7967	1.355363	0.2057967	0.603079	0.396921	0.6437355
13020	-75.09435	-237.5267	162.4323	1.355363	0.3700036	0.274218	0.725782	0.5270579
13026	-72.69734	-235.5782	162.8809	1.355363	0.1893773	0.654115	0.345885	0.5056273
13032	-75.6487	-237.9969	162.3482	1.360269	0.377218	0.654115	0.345885	0.7044662
13038	-74.52589	-236.9249	162.399	1.360269	0.1299903	0.495917	0.504083	1.32794
13044	-71.0047	-233.0029	161.9982	0.4273429	0.3458878	0.448952	0.551048	1.865044
13050	-67.6915	-229.651	161.9595	0.1820641	0.5904478	0.571396	0.428604	1.765229
13056	-77.0011	-238.5959	161.5948	0.4696408	0.2731196	0.348089	0.651911	2.214775
13062	-70.96688	-231.8252	160.8583	0.5669105	0.3485977	0.385534	0.614466	2.511034
13068	-78.05177	-239.6347	161.5829	0.2978717	0.3485977	0.240995	0.759005	2.222102
13074	-97.96432	-259.0921	161.1277	0.5575271	0.1608012	0.478656	0.521344	2.656725
13080	-88.32767	-249.8578	161.5301	0.4925093	0.4163729	0.390829	0.609171	2.041383
13086	-78.41252	-239.9724	161.5598	0.7974634	0.429829	0.477853	0.522147	1.798126
13092	-87.89355	-248.2087	160.3151	0.6648671	0.5040418	0.521631	0.478369	2.60836
13098	-79.505	-240.7256	161.2206	0.178938	0.4796199	0.243453	0.756547	2.371383
13104	-74.9615	-237.6142	162.6527	0.9582875	0.3415145	0.886048	0.113952	0.9279225
13110	-82.45904	-244.9278	162.4688	0.6184191	0.209696	0.448733	0.551267	1.637193
13116	-76.85172	-239.4187	162.5669	1.076839	0.2735932	0.640045	0.359955	1.052562
13122	-71.58744	-233.9031	162.3156	1.653032	0.2799561	0.406392	0.593608	0.6074914
13128	-60.04675	-221.7592	161.7124	1.255539	0.4495913	0.693361	0.306639	1.3206
13134	-68.82238	-229.8948	161.0724	0.4073249	0.4261096	0.564875	0.435125	2.380644
13140	-70.26567	-231.9318	161.6661	0.6169488	0.5265087	0.521375	0.478625	1.73466
13146	-66.34817	-228.3105	161.9623	0.8799625	0.4663774	0.777093	0.222907	1.396724
13152	-69.23866	-230.6534	161.4147	0.5582308	0.1635424	0.455099	0.544901	2.472301
13158	-69.39868	-230.6473	161.2486	0.3242549	0.3920742	0.432767	0.567233	2.362593
13164	-69.7667	-232.4373	162.6706	0.3750789	0.3652406	0.46147	0.53853	1.386552
13170	-78.64352	-239.7559	161.1124	0.3949041	0.4247656	0.855625	0.144375	2.364782
13176	-80.15266	-241.9689	161.8162	0.2542203	0.3401723	0.354122	0.645878	2.110511
13182	-85.06589	-246.5764	161.5105	0.9903589	0.5532092	0.810558	0.189442	1.547878
13188	-73.43464	-235.642	162.2073	0.6705935	0.2346969	0.86332	0.13668	1.736033
13194	-69.51975	-232.1213	162.6015	0.1907497	0.2828465	0.681902	0.318098	1.709481
13200	-65.97142	-228.5267	162.5553	0.4652912	0.197945	0.25865	0.74135	1.709481
13206	-62.11729	-223.9362	161.8189	0.3882461	0.4790921	0.677023	0.322977	1.841591
13212	-57.99031	-220.4089	162.4186	0.4314877	0.160431	0.587089	0.412911	1.909913
13218	-58.16467	-220.5967	162.432	0.4803957	0.233652	0.613436	0.386564	1.713775
13224	-57.01296	-219.1506	162.1376	0.4803957	0.1608092	0.601817	0.398183	2.064164
13230	-59.7556	-221.6386	161.883	0.6646068	0.4059015	0.777137	0.222863	1.696158
13236	-64.28008	-226.9208	162.6407	0.6844634	0.3720093	0.243528	0.756472	1.143592
13242	-75.61421	-237.8689	162.2547	0.6014535	0.331742	0.412892	0.587108	1.582974
13248	-80.22408	-241.3375	161.1134	0.5189048	1.346997	0.427301	0.572699	1.556295
13254	-74.06102	-234.3187	160.2576	0.4779193	0.5567971	0.492259	0.507741	2.707323
13260	-72.64815	-234.5143	161.8662	0.6296746	0.8145447	0.381671	0.618329	1.281999
13266	-77.71133	-240.2665	162.5552	1.18156	0.2110326	0.259183	0.740817	1.12121
13272	-75.55296	-237.218	161.6651	1.239414	0.6403173	0.695561	0.304439	1.12121
13278	-68.55518	-230.6796	162.1244	0.8694489	0.1322503	0.74636	0.25364	1.880288
13284	-83.37751	-242.877	159.4995	1.673354	2.747326	0.571565	0.428435	1.269558
13290	-83.97499	-243.0471	159.0721	1.759887	3.999411	0.543002	0.456998	1.143777
13296	-67.91913	-226.3707	158.4516	1.678368	5.093101	0.665442	0.334558	1.445414
13302	-82.03555	-243.8432	161.8077	0.8187964	0.2466128	0.794765	0.205235	1.887691
13308	-78.35458	-240.5619	162.2073	0.3985912	0.4180463	0.396531	0.603469	1.638168
13314	-77.8787	-239.2772	161.3985	0.2524814	0.6838395	0.47503	0.52497	2.01044
13320	-81.65593	-242.4066	160.7507	0.05329672	0.7047592	0.811262	0.188738	2.536477
13326	-73.19921	-235.9028	162.7036	0.04535314	0.2698902	0.814028	0.185972	1.762247
13332	-77.67819	-240.3629	162.6847	0.748388	0.1960115	0.422277	0.577723	1.409754
13338	-84.52763	-246.9238	162.3962	0.9349825	0.2651246	0.511186	0.488814	1.340233
13344	-84.38956	-244.7834	160.3938	0.8782667	0.8739443	0.35654	0.64346	2.109104
13350	-77.03537	-237.6306	160.5952	1.051872	1.500944	0.547998	0.452002	1.457124
13356	-78.44911	-237.7929	159.3438	1.41407	2.876388	0.617321	0.382679	1.546966
13362	-77.40554	-240.2084	162.8028	0.5845502	0.1539616	0.520936	0.479064	1.546966
13368	-72.85608	-235.303	162.4469	1.060415	0.1642189	0.539039	0.460961	1.430384
13374	-82.64711	-244.0129	161.3658	0.3135224	0.333501	0.498107	0.501893	2.371581
13380	-84.26891	-245.9697	161.7008	0.4383769	0.4891022	0.541036	0.458964	1.876524
13386	-81.95911	-243.797	161.8378	0.8213379	0.4891022	0.581764	0.418236	1.506802
13392	-74.30506	-235.4798	161.1748	1.091267	1.239054	0.7524	0.2476	1.118864
13398	-78.35065	-239.6929	161.3422	0.8253729	0.7525559	0.472212	0.527788	1.591358
13404	-70.45101	-232.6711	162.2201	0.2886218	0.6872203	0.330929	0.669071	1.397544
13410	-72.61571	-234.9549	162.3392	0.7144764	0.3078141	0.539053	0.460947	1.475974
13416	-72.00814	-234.802	162.7939	0.9534043	0.224276	0.195243	0.804757	1.076972
13422	-77.05069	-239.1928	162.1421	0.2705583	0.2471785	0.515865	0.484135	2.030288
13428	-78.81418	-240.5171	161.7029	0.05344081	0.5895179	0.470382	0.529618	2.027873
13434	-76.97196	-237.4338	160.4618	0.3314926	0.6775052	0.718229	0.281771	2.565376
13440	-71.68681	-232.4849	160.7981	0.4846785	0.9645515	0.68356	0.31644	2.038434
13446	-83.26391	-243.8155	160.5516	0.6134575	0.7750283	0.510718	0.489282	2.252663
13452	-89.7501	-252.3725	162.6224	1.115925	0.3112328	0.191829	0.808171	0.8591996
13458	-79.78676	-241.3242	161.5374	0.3058461	0.6070373	0.650201	0.349799	1.952763
13464	-86.0854	-247.536	161.4506	0.3853463	0.3163174	0.460006	0.539994	2.296102
13470	-74.02717	-234.8517	160.8246	0.4788386	0.5321938	0.27636	0.72364	2.377634
13476	-74.61023	-236.5332	161.923	0.8420587	0.323971	0.322372	0.677628	1.661194
13482	-71.48861	-232.9165	161.4279	0.547944	0.323971	0.691894	0.308106	2.195114
13488	-79.4865	-240.8462	161.3597	0.8619716	0.3139188	0.757256	0.242744	2.049036
13494	-82.35103	-243.9782	161.6272	0.6974906	0.7429017	0.647953	0.352047	1.483849
13500	-78.89528	-240.8096	161.9143	0.7208007	0.5405088	0.744712	0.255288	1.462166
13506	-87.43115	-247.9459	160.5147	0.2535676	0.4280207	0.614385	0.385615	2.819139
13512	-78.69834	-241.2237	162.5254	0.2822346	0.1368514	0.125692	0.874308	1.994328
13518	-76.5901	-237.7516	161.1615	0.1466284	0.280581	0.69798	0.30202	2.678895
13524	-69.89669	-231.5927	161.696	0.2808917	0.3365851	0.513347	0.486653	2.176558
13530	-67.18455	-229.3631	162.1785	0.7363629	0.3174299	0.437068	0.562932	1.56312
13536	-68.50755	-231.3864	162.8788	1.129092	0.1717416	0.290315	0.709685	0.9771709
13542	-69.81971	-232.3494	162.5297	0.9823394	0.2758684	0.747207	0.252793	1.167422
13548	-66.96167	-229.8781	162.9164	0.7502276	0.2228307	0.58799	0.41201	1.153753
13554	-71.46308	-233.7527	162.2896	0.9184324	0.4831352	0.239277	0.760723	1.062891
13560	-66.36421	-229.0798	162.7156	0.6508187	0.3751159	0.330724	0.669276	1.10069
13566	-64.17337	-226.0634	161.89	0.7691602	0.5469171	0.516193	0.483807	1.436138
13572	-82.88981	-244.9299	162.0401	0.9467668	0.2135466	0.402976	0.597024	1.700868
13578	-82.03752	-243.8538	161.8163	0.7894465	0.7600337	0.820862	0.179138	1.244966
13584	-75.56533	-237.9468	162.3814	0.9122673	0.1987455	0.369772	0.630228	1.509523
13590	-70.35732	-232.651	162.2937	0.4092104	0.2996993	0.348096	0.651904	1.744213
13596	-74.08766	-235.5514	161.4638	0.4599235	0.4581674	0.792068	0.207932	2.056647
13602	-73.72413	-235.7332	162.0091	0.09713897	0.3215486	0.543002	0.456998	2.11374
13608	-69.93754	-231.4647	161.5272	0.3021062	0.2560655	0.655479	0.344521	2.392461
13614	-81.95474	-243.0619	161.1072	0.2146312	0.2268683	0.765727	0.234273	2.755916
13620	-73.32987	-234.187	160.8571	0.0480732	0.4493107	0.774858	0.225142	2.712042
13626	-64.52993	-225.3395	160.8096	0.06907407	0.2452391	0.577903	0.422097	2.994043
13632	-68.13018	-228.8093	160.6791	0.05388984	0.3042433	0.577903	0.422097	2.994043
13638	-67.04277	-229.0017	161.9589	0.04648218	0.4717065	0.588569	0.411431	1.986737
13644	-66.68453	-228.6725	161.9879	0.1831283	0.1705195	0.221747	0.778253	2.332628
13650	-77.11568	-236.79	159.6743	0.7561333	0.7658611	0.835805	0.164195	2.71977
13656	-73.41318	-234.4189	161.0058	0.6852222	0.3695931	0.67189	0.32811	2.315955
13662	-76.56138	-238.2853	161.7239	0.2723138	0.5627406	0.704887	0.295113	1.893733
13668	-81.98795	-243.876	161.888	0.1381533	0.5064339	0.683526	0.316474	1.933633
13674	-72.07317	-233.5428	161.4696	0.06165195	0.5064339	0.786362	0.213638	2.25883
13680	-66.96512	-229.3617	162.3965	0.1618029	0.3668254	0.424167	0.575833	1.742981
13686	-66.54602	-228.1794	161.6334	0.429099	0.4901847	0.165827	0.834173	1.927286
13692	-64.99791	-226.0286	161.0307	0.02835224	0.237322	0.366358	0.633642	2.898158
13698	-60.88093	-222.3512	161.4702	0.02580301	0.2348064	0.400383	0.599617	2.635582
13704	-79.75201	-241.2102	161.4582	0.1815308	0.6049991	0.555454	0.444546	2.08998
13710	-65.72037	-227.4066	161.6862	0.426523	0.5222242	0.346389	0.653611	1.857468
13716	-68.39796	-229.6098	161.2118	0.214678	0.3077393	0.733204	0.266796	2.5662
13722	-73.39702	-234.6196	161.2226	0.6522174	0.3077393	0.627292	0.372708	2.283709
13728	-62.03219	-223.8831	161.8509	0.9098602	0.4290385	0.426757	0.573243	1.509718
13734	-72.64765	-232.5137	159.866	1.009784	1.309236	0.649838	0.350162	2.099446
13740	-66.37967	-228.0863	161.7066	1.154556	0.5782336	0.648864	0.351136	1.236448
13746	-62.45856	-224.7048	162.2462	0.8129221	0.4559534	0.598696	0.401304	1.236448
13752	-71.5015	-233.6768	162.1753	0.4054816	0.2816694	0.34874	0.65126	1.858416
13758	-82.28258	-243.3391	161.0566	0.8351348	0.9159724	0.470662	0.529338	1.65534
13764	-73.82516	-235.7436	161.9184	1.200506	0.5484346	0.373301	0.626699	1.047129
13770	-76.64939	-238.1287	161.4793	1.162324	0.6927904	0.453797	0.546203	1.285706
13776	-73.61686	-235.5122	161.8953	0.7219096	0.5740129	0.401926	0.598074	1.436612
13782	-83.93431	-245.1597	161.2254	0.2025219	0.3427356	0.628203	0.371797	2.517107
13788	-80.81256	-242.1624	161.3498	0.3210292	0.2261051	0.480705	0.519295	2.542068
13794	-81.62052	-243.7535	162.133	0.7485158	0.3481877	0.430749	0.569251	1.538297
13800	-71.98376	-234.0769	162.0931	0.6014964	0.3924218	0.845294	0.154706	1.609428
13806	-72.92844	-234.9528	162.0244	0.7921568	0.5797284	0.369532	0.630468	1.271726
13812	-74.5954	-236.0884	161.493	0.5415108	0.4642839	0.750048	0.249952	1.975833
13818	-74.44101	-235.5712	161.1301	0.8235729	0.6386127	0.430204	0.569796	1.847488
13824	-69.87143	-231.8273	161.9559	1.598618	0.4976272	0.729714	0.270286	0.4787477
13830	-78.68261	-240.2269	161.5443	1.598618	0.5569135	0.505525	0.494475	1.011066
13836	-77.42727	-239.9148	162.4875	0.2207657	0.3016202	0.533715	0.466285	1.73733
13842	-86.94776	-248.4688	161.521	0.2498415	0.4506619	0.247691	0.752309	2.165467
13848	-69.58359	-230.2968	160.7133	0.4839678	0.5426402	0.709304	0.290696	2.434295
13854	-72.49193	-233.594	161.1021	0.1542645	0.5368661	0.460134	0.539866	2.402747
13860	-79.40322	-241.0917	161.6885	0.07611023	0.3710167	0.689822	0.310178	2.267005
13866	-78.77203	-239.3038	160.5318	0.2264666	0.2972944	0.303678	0.696322	2.988599
13872	-95.92685	-256.7635	160.8366	0.2041045	0.629106	0.823045	0.176955	2.452222
13878	-76.29997	-236.2549	159.9549	0.4797698	0.289227	0.608334	0.391666	3.192991
13884	-75.46463	-237.2385	161.7739	0.3952754	0.5906358	0.475456	0.524544	1.745735
13890	-68.11113	-229.5872	161.4761	0.3348446	0.4004743	0.605098	0.394902	2.199683
13896	-76.15996	-237.7449	161.585	0.2259467	0.4004743	0.657641	0.342359	2.199683
13902	-69.5996	-231.4543	161.8547	0.5261498	0.517203	0.478005	0.521995	1.676038
13908	-73.88076	-235.8844	162.0036	0.53422	0.2888503	0.64667	0.35333	1.875959
13914	-75.71516	-236.0308	160.3157	0.09425969	0.6034277	0.515143	0.484857	2.863449
13920	-76.99765	-238.7608	161.7632	0.197802	0.5250664	0.181578	0.818422	1.957232
13926	-71.25541	-232.4036	161.1482	0.1426566	0.5198263	0.66167	0.33833	2.398056
13932	-67.37495	-228.1722	160.7972	0.09387981	0.5288152	0.66167	0.33833	2.638537
13938	-76.88128	-237.5572	160.6759	0.2454602	0.6054621	0.579723	0.420277	2.547883
13944	-73.9653	-235.5413	161.576	0.4858865	0.5095514	0.72106	0.27894	1.906027
13950	-69.32115	-231.809	162.4878	0.4335224	0.1416881	0.688574	0.311426	1.906027
13956	-77.45139	-239.1425	161.6911	0.2610122	0.3209399	0.729754	0.270246	2.214819
13962	-72.56527	-233.6431	161.0778	0.1997114	0.5822161	0.58067	0.41933	2.345426
13968	-67.89947	-229.8641	161.9646	0.2438137	0.4149953	0.872982	0.127018	1.918824
13974	-76.29587	-238.7873	162.4914	0.3044867	0.2160542	0.434165	0.565835	1.829113
13980	-71.88735	-233.8406	161.9533	0.7953273	0.3411749	0.713074	0.286926	1.646092
13986	-76.82442	-237.6816	160.8571	0.6046994	0.6313352	0.622795	0.377205	2.181635
13992	-88.01229	-249.5982	161.5859	0.754145	0.7544828	0.67481	0.32519	1.461331
13998	-82.20699	-243.5268	161.3199	0.6312379	0.6543702	0.594189	0.405811	1.834385
14004	-78.67239	-239.6829	161.0105	0.4009516	0.6280924	0.443223	0.556777	2.217199
14010	-81.30215	-243.0967	161.7945	0.04047341	0.3782163	0.197734	0.802266	2.21237
14016	-81.73624	-243.8266	162.0903	0.1472364	0.2098234	0.717851	0.282149	2.21237
14022	-73.40066	-235.263	161.8623	0.94668	0.7138717	0.502529	0.497471	1.118854
14028	-86.67667	-248.2681	161.5914	1.322507	0.8267935	0.469186	0.530814	0.8747664
14034	-79.03701	-239.3986	160.3616	0.03354614	0.5934083	0.494628	0.505372	2.881234
14040	-94.36344	-254.0171	159.6537	0.2137942	0.3857176	0.221002	0.778998	3.404149
14046	-81.90391	-241.9204	160.0165	0.4485388	0.7792655	0.747512	0.252488	2.688599
14052	-82.06808	-242.9943	160.9262	0.9357886	1.390673	0.537544	0.462456	1.354954
14058	-79.41457	-241.3327	161.9181	0.8321598	0.5553903	0.716069	0.283931	1.354954
14064	-70.09293	-232.143	162.0501	0.837996	0.3644295	0.700576	0.299424	1.508227
14070	-73.93241	-236.4994	162.5669	0.837996	0.3405961	0.456334	0.543666	1.130793
14076	-83.09755	-244.6924	161.5949	1.098003	0.7460308	0.171949	0.828051	1.185585
14082	-84.11449	-246.9039	162.7894	0.3912192	0.4218548	0.449399	0.550601	1.185585
14088	-83.16423	-244.8687	161.7045	0.9680049	0.6070132	0.29864	0.70136	1.355747
14094	-73.82531	-234.6272	160.8018	0.6273507	0.7539081	0.498358	0.501642	2.097901
14100	-69.35945	-232.0032	162.6437	0.6273507	0.1970565	0.406951	0.593049	1.530176
14106	-78.16017	-240.1193	161.9592	0.3817697	0.3751634	0.217773	0.782227	1.881463
14112	-72.61172	-232.9444	160.3327	0.410041	0.4885039	0.513328	0.486672	2.769973
14118	-70.10433	-231.8327	161.7284	0.03138545	0.3012577	0.480519	0.519481	2.366534
14124	-74.75001	-236.0002	161.2502	0.04083043	0.3858849	0.527726	0.472274	2.54722
14130	-74.13048	-235.8778	161.7473	0.04481753	0.7322874	0.578367	0.421633	1.873267
14136	-67.09475	-229.0393	161.9446	0.1077203	0.6364091	0.776581	0.223419	1.781569
14142	-78.06009	-238.2312	160.1711	0.1382642	0.6364091	0.727694	0.272306	2.895959
14148	-78.48625	-239.4334	160.9471	0.4757908	0.8272691	0.66116	0.33884	2.044452
14154	-73.78596	-235.6368	161.8508	0.4719121	0.8543037	0.693703	0.306297	1.384141
14160	-89.52573	-250.7834	161.2577	0.2811738	0.8256986	0.691211	0.308789	1.968451
14166	-91.22667	-252.1916	160.9649	0.8891917	0.7188229	0.823552	0.176448	1.84258
14172	-77.25366	-237.5168	160.2632	0.886601	0.8406186	0.334398	0.665602	2.212983
14178	-83.19379	-244.7065	161.5127	1.093916	0.3197065	0.642827	0.357173	1.779563
14184	-76.90356	-239.6805	162.7769	0.5585609	0.1310318	0.757878	0.242122	1.644894
14190	-66.78903	-229.1514	162.3623	0.2289776	0.4534725	0.382345	0.617655	1.602093
14196	-70.21739	-232.3733	162.1559	0.2495223	0.4534725	0.503378	0.496622	1.734848
14202	-71.97961	-233.4613	161.4816	0.1894384	0.4534725	0.235537	0.764463	2.226852
14208	-74.89686	-237.0026	162.1057	1.008068	0.1963297	0.843201	0.156799	1.646557
14214	-67.19633	-228.9175	161.7211	0.6275851	0.3596314	0.623383	0.376617	1.897712
14220	-65.01558	-226.8391	161.8235	0.5399093	0.6367667	0.658038	0.341962	1.559044
14226	-74.11536	-234.6427	160.5274	0.2964084	1.08518	0.700551	0.299449	2.260363
14232	-73.86367	-235.6593	161.7956	0.5754947	0.293734	0.724679	0.275321	1.980702
14238	-70.90772	-231.5819	160.6742	0.2754129	0.4672129	0.754276	0.245724	2.665465
14244	-74.3112	-235.0634	160.7522	0.2370148	0.5941237	0.662433	0.337567	2.515899
14250	-64.89444	-226.8372	161.9427	1.053544	0.5104737	0.712471	0.287529	1.211535
14256	-72.75705	-235.3752	162.6182	0.4420877	0.3490404	0.718683	0.281317	1.401426
14262	-81.78233	-243.2437	161.4614	0.1494378	0.343687	0.772319	0.227681	2.401018
14268	-71.2447	-231.9648	160.7201	0.1230129	0.5803644	0.724573	0.275427	2.619204
14274	-65.93695	-228.4465	162.5096	0.5739966	0.3191213	0.779324	0.220676	1.433669
14280	-83.38749	-244.2544	160.8669	0.7336984	0.7768837	0.575062	0.424938	1.965613
14286	-82.39209	-243.5961	161.204	0.2002313	0.1992932	0.521299	0.478701	2.754098
14292	-84.77442	-245.7398	160.9654	0.2104983	0.6299641	0.188371	0.811629	2.366148
14298	-77.97142	-239.0591	161.0877	0.25596	0.5183533	0.634873	0.365127	2.366148
14304	-75.39923	-236.8519	161.4526	0.9516772	0.136126	0.566548	0.433452	2.259807
14310	-75.41749	-237.1895	161.772	0.9530059	0.5979056	0.361736	0.638264	1.324351
14316	-70.89408	-232.6044	161.7103	0.8096885	0.3509292	0.544763	0.455237	1.792693
14322	-74.16787	-235.6111	161.4433	0.6069457	0.7594629	0.64925	0.35075	1.669887
14328	-72.64296	-234.9535	162.3105	0.3866852	0.4066426	0.557914	0.442086	1.587584
14334	-82.21162	-244.7916	162.58	0.7426552	0.4816665	0.385658	0.614342	0.9515233
14340	-71.11093	-233.1518	162.0409	1.343266	0.5523534	0.519602	0.480398	0.7335075
14346	-73.20086	-235.4895	162.2887	0.8628598	0.4138114	0.347572	0.652428	1.223307
14352	-80.79609	-242.0812	161.2851	0.4777265	0.7249232	0.459814	0.540186	1.899568
14358	-73.65348	-235.1036	161.4501	0.5066397	0.543533	0.826371	0.173629	1.940486
14364	-72.93292	-234.5266	161.5936	0.122343	0.7141776	0.954253	0.0457467	1.940486
14370	-70.9715	-230.6469	159.6754	0.04806244	0.5340426	0.453532	0.546468	3.335407
14376	-64.35978	-225.3645	161.0047	0.07011172	0.6393219	0.688703	0.311297	2.421804
14382	-66.01793	-227.0058	160.9879	0.2872955	0.2834756	0.664411	0.335589	2.694842
14388	-68.83148	-231.0217	162.1902	0.6104271	0.4202621	0.948063	0.0519369	1.492004
14394	-70.46124	-232.877	162.4158	0.6104271	0.4890172	0.73996	0.26004	1.216243
14400	-68.76944	-228.7435	159.974	0.6700653	0.8522878	0.706104	0.293896	2.525203
14406	-75.96883	-238.0539	162.0851	0.2882031	0.5096274	0.606276	0.393724	1.69019
14412	-91.11228	-252.909	161.7967	0.5765646	0.5096274	0.197886	0.802114	1.69019
14418	-80.33414	-241.0791	160.745	0.3104964	0.4368456	0.684399	0.315601	2.633403
14424	-73.05113	-234.8138	161.7627	0.7454877	0.7499492	0.608924	0.391076	1.334762
14430	-72.97297	-234.5171	161.5441	0.3702683	0.6283242	0.853702	0.146298	1.884176
14436	-74.63203	-237.4734	162.8413	0.8240792	0.2729689	0.604944	0.395056	1.033266
14442	-79.42447	-241.5504	162.126	0.9331321	0.5978511	0.660334	0.339666	1.033266
14448	-72.51922	-234.265	161.7458	0.9331321	0.7679899	0.529699	0.470301	1.174276
14454	-65.63394	-228.39	162.756	0.9331321	0.2336416	0.645534	0.354466	1.106775
14460	-77.91761	-240.7699	162.8523	0.7987683	0.2492655	0.247361	0.752639	1.103485
14466	-79.33195	-241.4706	162.1386	1.197062	0.6043282	0.797515	0.202485	0.684016
14472	-75.49189	-237.1739	161.682	1.050787	0.4457194	0.668055	0.331945	1.508015
14478	-77.71358	-239.6595	161.9459	0.1898365	0.560686	0.745472	0.254528	1.800242
14484	-85.22927	-243.1023	157.873	0.7370051	2.706792	0.714891	0.285109	2.98824
14490	-75.6442	-237.6358	161.9916	0.6246207	0.3807615	0.75495	0.24505	1.682284
14496	-78.11369	-239.5862	161.4725	0.8161969	0.8125874	0.726857	0.273143	1.447407
14502	-73.80252	-235.384	161.5815	0.6136913	0.5264724	0.443257	0.556743	1.796007
14508	-80.61746	-242.3844	161.7669	0.4254555	0.4874749	0.681238	0.318762	1.841994
14514	-71.65833	-233.0593	161.4009	0.3628447	0.7459135	0.680567	0.319433	1.880984
14520	-76.4136	-239.2541	162.8405	0.8268226	0.2091195	0.628963	0.371037	1.187374
14526	-84.20187	-246.7777	162.5758	0.8268226	0.441523	0.515258	0.484742	0.9410805
14532	-76.05875	-237.071	161.0123	2.221503	0.3328956	0.649563	0.350437	0.1254967
14538	-80.61417	-240.952	160.3378	2.636576	0.390787	0.413504	0.586496	0.1046556
14544	-83.21266	-243.5949	160.3822	2.636576	0.3399119	0.576714	0.423286	0.09709296
14550	-69.66348	-231.0027	161.3392	0.7165069	0.76049	0.745745	0.254255	1.665035
14556	-77.84412	-240.2707	162.4266	0.2208964	0.4022311	0.558153	0.441847	1.629807
14562	-78.91361	-238.8883	159.9747	0.3678588	0.5617798	0.622714	0.377286	2.941517
14568	-81.51957	-241.6314	160.1118	0.3576087	0.4830914	0.40917	0.59083	2.941139
14574	-81.0362	-242.9444	161.9082	0.5216103	0.44212	0.642393	0.357607	1.731972
14580	-79.77903	-242.2551	162.4761	1.142292	0.3640164	0.564039	0.435961	0.8662179
14586	-75.07243	-237.479	162.4065	1.014003	0.2517338	0.709107	0.290893	1.295872
14592	-80.63818	-243.2636	162.6254	1.211908	0.3455661	0.530426	0.469574	0.4653364
14598	-79.95515	-241.9153	161.9602	1.288388	0.5041784	0.400325	0.599675	0.9891268
14604	-76.82837	-236.5541	159.7257	2.714598	0.4680313	0.285135	0.714865	0.06537354
14610	-76.29357	-236.3997	160.1061	2.680929	0.2278906	0.517421	0.482579	0.05380334
14616	-64.40596	-224.3509	159.945	2.680929	0.5947379	0.852141	0.147859	0.1039759
14622	-67.12698	-226.3202	159.1932	2.814765	0.7359623	0.721477	0.278523	0.0624387
14628	-68.78079	-229.1279	160.3471	2.814765	0.4800045	0.557523	0.442477	0.1688731
14634	-73.61923	-235.4482	161.829	0.05325656	0.3048844	0.578988	0.421012	2.283149
14640	-74.15346	-235.1025	160.9491	0.1186587	0.3781951	0.569523	0.430477	2.694628
14646	-70.58259	-231.4103	160.8277	0.02322315	0.2207722	0.438316	0.561684	3.050698
14652	-70.2935	-231.3487	161.0552	0.1195887	0.2727763	0.790614	0.209386	2.772279
14658	-77.16563	-238.3424	161.1767	0.5639582	0.3401147	0.63241	0.36759	2.323508
14664	-76.65658	-237.5703	160.9137	0.1901954	0.7347809	0.546554	0.453446	2.323508
14670	-79.2472	-241.2935	162.0463	0.14922	0.4039111	0.803713	0.196287	1.941714
14676	-73.17199	-234.631	161.459	0.04962743	0.2721022	0.427411	0.572589	2.567913
14682	-70.90567	-233.3628	162.4571	0.1211995	0.2367731	0.392532	0.607468	1.938084
14688	-64.55264	-225.5649	161.0122	0.5293855	0.3554473	0.745243	0.254757	2.429041
14694	-61.01914	-222.2153	161.1962	0.2423553	0.4071968	0.424745	0.575255	2.429041
14700	-65.84818	-228.3418	162.4936	0.1476059	0.4164958	0.611156	0.388844	1.614728
14706	-72.46224	-234.6573	162.1951	0.372994	0.3017478	0.607921	0.392079	1.834496
14712	-79.41411	-240.4564	161.0423	0.3154157	0.336133	0.281267	0.718733	2.569632
14718	-67.92255	-229.8305	161.9079	0.3277369	0.3440951	0.62004	0.37996	1.99573
14724	-70.22871	-232.0341	161.8054	0.70407	0.6562816	0.819236	0.180764	1.429024
14730	-68.81559	-229.9553	161.1397	0.8628893	0.6115852	0.756932	0.243068	1.840129
14736	-68.24914	-230.0547	161.8056	0.6805097	0.7216783	0.724618	0.275382	1.380313
14742	-68.21792	-228.472	160.254	1.320733	1.523522	0.538709	0.461291	1.499292
14748	-78.59154	-238.6546	160.063	0.5564374	2.332275	0.222241	0.777759	1.829935
14754	-76.30277	-236.6454	160.3427	0.756032	1.112685	0.222241	0.777759	2.064852
14760	-75.19124	-235.6193	160.428	0.756032	0.8554031	0.780843	0.219157	2.179961
14766	-65.9706	-227.4301	161.4595	0.1249927	0.2839155	0.342907	0.657093	2.502697
14772	-74.10507	-236.8946	162.7895	0.173614	0.413368	0.414211	0.585789	1.377172
14778	-75.14725	-236.3281	161.1808	0.1559305	0.413368	0.415187	0.584813	2.485596
14784	-78.9043	-240.3602	161.4559	0.07058526	0.4539357	0.799496	0.200504	2.319022
14790	-80.19829	-240.7093	160.511	0.4863501	0.6047279	0.290764	0.709236	2.501159
14796	-80.55972	-241.2279	160.6682	0.07782023	0.3458455	0.725875	0.274125	2.930828
14802	-78.14355	-239.0989	160.9554	0.2868563	0.3458455	0.829831	0.170169	2.628234
14808	-78.67543	-240.5727	161.8973	0.5821377	0.4996012	0.683291	0.316709	1.625991
14814	-80.37491	-242.6332	162.2582	0.6611477	0.3271382	0.836559	0.163441	1.543886
14820	-77.93569	-239.8521	161.9164	0.1860961	0.4563935	0.496494	0.503506	1.939509
14826	-98.21048	-259.4425	161.232	0.1264655	0.5804708	0.487527	0.512473	2.295456
14832	-75.65708	-237.7593	162.1022	0.4503335	0.3666621	0.693074	0.306926	1.747258
14838	-78.62301	-240.0358	161.4128	0.6102409	0.5167655	0.479468	0.520532	1.924439
14844	-86.1754	-247.0526	160.8772	0.3499924	0.3249893	0.587395	0.412605	2.665399
14850	-85.92911	-247.7311	161.802	0.3623237	0.1970077	0.389646	0.610354	2.283881
14856	-81.4591	-242.7377	161.2786	0.4099043	0.5138553	0.301571	0.698429	2.149277
14862	-81.04795	-241.1394	160.0914	0.226809	0.6917033	0.266278	0.733722	2.845303
14868	-74.75539	-236.7925	162.0371	0.06680052	0.3656772	0.783422	0.216578	2.053302
14874	-71.04637	-232.6981	161.6518	0.2040729	0.4258889	0.384593	0.615407	2.139356
14880	-68.6152	-229.9731	161.3579	0.7274403	0.552212	0.237182	0.762818	1.843921
14886	-67.95351	-230.4564	162.5029	0.1175913	0.274078	0.596523	0.403477	1.843921
14892	-75.03794	-235.7507	160.7128	0.3485764	0.8278067	0.732156	0.267844	2.279292
14898	-69.61598	-230.6503	161.0343	0.4784167	0.5362175	0.841699	0.158301	2.239969
14904	-66.89796	-228.1973	161.2993	0.441632	0.539869	0.392271	0.607729	2.087849
14910	-78.36868	-240.3867	162.018	0.2508187	0.2984724	0.929446	0.0705536	2.041316
14916	-75.74752	-237.2417	161.4942	0.3710392	0.4618986	0.33297	0.66703	2.090884
14922	-81.79555	-242.9625	161.167	0.08846368	0.7264385	0.826264	0.173736	2.233171
14928	-88.31783	-249.9542	161.6363	0.09853803	0.245589	0.656283	0.343717	2.4691
14934	-82.475	-243.5155	161.0405	0.1408595	0.3974048	0.593892	0.406108	2.601292
14940	-81.96846	-242.9018	160.9334	0.08711647	0.4481263	0.422597	0.577403	2.642465
14946	-80.44091	-243.3109	162.87	0.04833531	0.3313789	0.278451	0.721549	1.537766
14952	-79.76083	-241.8135	162.0527	0.05499211	0.514616	0.330003	0.669997	1.869304
14958	-70.19949	-231.6186	161.4191	0.04842136	0.7818655	0.664338	0.335662	2.050237
14964	-68.59792	-229.7381	161.1402	0.05730478	0.3968317	0.398334	0.601666	2.591977
14970	-70.57744	-232.8519	162.2744	0.7787292	0.4389404	0.516987	0.483013	1.266731
14976	-69.34635	-230.9165	161.5701	0.7329677	0.5314885	0.339273	0.660727	1.715022
14982	-73.86527	-236.1066	162.2413	0.2675754	0.2512961	0.213731	0.786269	1.958858
14988	-67.35577	-230.4307	163.075	0.6418198	0.2631211	0.419731	0.580269	1.007072
14994	-67.84282	-229.8178	161.975	0.5230741	0.3893175	0.611563	0.388437	1.753665
15000	-63.73878	-224.6838	160.945	0.3542882	0.3305192	0.376424	0.623576	2.613396
15006	-84.44887	-246.6347	162.1858	0.04059047	0.3797832	0.356509	0.643491	1.952663
15012	-76.60403	-239.3685	162.7645	0.1202313	0.2352828	0.263958	0.736042	1.730157
15018	-76.63063	-237.8729	161.2423	0.1817335	0.4661398	0.258353	0.741647	2.370535
15024	-91.13543	-251.2955	160.1601	0.2643501	0.787332	0.650078	0.349922	2.707553
15030	-81.81717	-242.9877	161.1705	0.6997321	0.4412845	0.507348	0.492652	2.111578
15036	-89.48548	-251.1445	161.659	0.4172266	0.4013527	0.680727	0.319273	2.024733
15042	-76.88172	-238.6275	161.7458	0.5397432	0.5018167	0.657313	0.342687	1.761017
15048	-69.80759	-231.68	161.8724	0.7267754	0.4459393	0.463957	0.536043	1.606125
15054	-72.25871	-233.5062	161.2475	0.5821963	0.259563	0.654375	0.345625	2.386546
15060	-78.65246	-239.7697	161.1173	0.1221258	0.731388	0.585733	0.414267	2.239503
15066	-80.51067	-241.5676	161.0569	0.7940951	0.7406267	0.58403	0.41597	1.825768
15072	-90.08107	-251.4474	161.3663	0.5414402	0.590091	0.388635	0.611365	1.925985
15078	-88.58141	-250.1095	161.5281	0.9741462	0.3310952	0.563948	0.436052	1.834316
15084	-90.15812	-251.2638	161.1056	0.01326088	0.4666411	0.405025	0.594975	2.561398
15090	-77.7775	-239.9991	162.2216	0.3747	0.2816635	0.352404	0.647596	1.847817
15096	-74.4361	-235.3547	160.9186	0.2518056	0.3536653	0.430909	0.569091	2.662369
15102	-80.27199	-242.1038	161.8318	0.3589859	0.3739495	0.502164	0.497836	1.984373
15108	-78.03634	-239.6772	161.6409	0.4901308	0.4044082	0.232346	0.767654	1.984373
15114	-89.6372	-250.2655	160.6283	0.09839845	0.3544216	0.743984	0.256016	2.931603
15120	-84.07229	-246.4695	162.3972	0.6889003	0.295496	0.771356	0.228644	1.473027
15126	-75.29225	-237.644	162.3517	0.9427163	0.3601046	0.491724	0.508276	1.19176
15132	-73.05279	-234.3217	161.2689	0.4055266	0.3722007	0.66158	0.33842	2.323129
15138	-72.63835	-235.7701	163.1317	0.4836921	0.2320255	0.66158	0.33842	1.176328
15144	-70.66275	-232.2261	161.5633	0.01408352	0.1669566	0.690793	0.309207	2.710365
15150	-67.73914	-230.1559	162.4167	0.004072713	0.2109658	0.87351	0.12649	2.090847
15156	-75.19565	-237.0989	161.9032	0.03587071	0.4209346	0.732133	0.267867	2.090847
15162	-74.30439	-235.8775	161.5731	0.1449652	0.4209346	0.646864	0.353136	2.234594
15168	-76.90874	-237.8016	160.8929	0.6385213	0.5907516	0.566975	0.433025	2.174281
15174	-70.95002	-232.4563	161.5062	0.3932296	0.5167342	0.566975	0.433025	2.00731
15180	-72.5177	-235.3604	162.8427	0.8251429	0.2112215	0.865578	0.134422	1.181612
15186	-72.47993	-234.9299	162.45	0.7478291	0.3125822	0.708381	0.291619	1.356111
15192	-79.21315	-240.1606	160.9475	0.2567865	0.6815772	0.76016	0.23984	2.303315
15198	-73.88833	-235.1033	161.2149	0.4485972	0.3933359	0.522575	0.477425	2.303315
15204	-80.35071	-241.3431	160.9924	0.3117357	0.1950712	0.560645	0.439355	2.822813
15210	-78.80406	-239.5437	160.7396	0.08541002	0.4995961	0.654642	0.345358	2.708286
15216	-84.73889	-247.1899	162.451	0.216081	0.14339	0.70324	0.29676	2.071752
15222	-79.30955	-240.8718	161.5623	0.2761002	0.4024159	0.579088	0.420912	2.179496
15228	-83.42986	-244.3378	160.9079	0.1873589	0.6079573	0.478183	0.521817	2.436837
15234	-77.6384	-238.4929	160.8545	0.4235733	0.5361306	0.534624	0.465376	2.389714
15240	-78.7352	-240.1213	161.3861	0.5734794	0.8163846	0.741809	0.258191	1.686025
15246	-79.52556	-240.2856	160.76	0.3442982	1.081911	0.742475	0.257525	2.080072
15252	-72.0703	-232.2044	160.1341	0.7934673	1.054754	0.598123	0.401877	2.212173
15258	-93.44568	-254.1098	160.6641	1.047839	0.8350848	0.832489	0.167511	1.843806
15264	-75.35153	-236.7456	161.3941	0.8489189	0.6195487	0.683785	0.316215	1.663902
15270	-80.87156	-242.4135	161.5419	0.6866685	0.7183637	0.307877	0.692123	1.578182
15276	-81.77864	-242.9384	161.1597	0.5634234	0.6296484	0.360609	0.639391	2.011583
15282	-74.10898	-235.7835	161.6745	0.6241413	0.5025744	0.690346	0.309654	1.750925
15288	-66.44922	-227.825	161.3757	0.2049462	0.3911939	0.592439	0.407561	2.358714
15294	-68.88903	-230.9449	162.0559	0.4894852	0.2455458	0.810002	0.189998	1.944464
15300	-74.73733	-236.4981	161.7608	0.521249	0.6042216	0.224838	0.775162	1.651718
15306	-69.13981	-231.3075	162.1677	0.7582185	0.3375063	0.579953	0.420047	1.52224
15312	-87.87557	-249.7765	161.901	1.818631	0.3902967	0.285668	0.714332	0.389043
15318	-88.40011	-249.9326	161.5325	1.818631	0.5776732	0.11227	0.88773	0.3272525
15324	-68.4421	-230.3117	161.8696	0.5599673	0.5748702	0.755188	0.244812	1.576104
15330	-90.41044	-252.1187	161.7083	1.794034	0.520635	0.301686	0.698314	0.4169476
15336	-82.95951	-245.4012	162.4417	1.851266	0.1494247	0.466992	0.533008	0.3308346
15342	-85.08467	-246.4037	161.319	0.6878156	1.166034	0.317737	0.682263	1.388016
15348	-80.51439	-243.1362	162.6218	0.2925379	0.2531247	0.766892	0.233108	1.675662
15354	-84.41064	-246.3655	161.9549	0.1758429	0.4512653	0.396667	0.603333	1.926569
15360	-74.55743	-236.2934	161.7359	0.2369666	0.4161357	0.490537	0.509463	2.074518
15366	-85.97088	-246.0872	160.1163	1.217481	2.205401	0.572126	0.427874	1.35695
15372	-78.39709	-238.7692	160.3721	1.125455	0.6328406	0.859095	0.140905	2.157071
15378	-73.33691	-232.9563	159.6194	0.6277101	0.8603635	0.742947	0.257053	2.764407
15384	-70.64087	-231.939	161.2981	0.6277101	0.4600538	0.673703	0.326297	2.053053
15390	-83.6662	-244.308	160.6418	0.3512097	0.6333604	0.513104	0.486896	2.478388
15396	-72.07313	-233.8574	161.7843	0.3366032	0.2929153	0.577053	0.422947	2.147089
15402	-72.14516	-234.1041	161.9589	0.8036987	0.2200018	0.533547	0.466453	1.844297
15408	-66.15575	-227.6828	161.527	0.6873721	0.7181493	0.62124	0.37876	1.58872
15414	-65.06168	-227.6082	162.5466	0.7232633	0.2364145	0.608898	0.391102	1.446552
15420	-76.0403	-237.2089	161.1686	0.5081173	0.4521157	0.235913	0.764087	2.224753
15426	-79.8584	-241.8752	162.0168	0.2081471	0.4099085	0.5882	0.4118	1.914117
15432	-83.2247	-244.7596	161.5349	0.4264983	0.237671	0.516352	0.483648	2.339419
15438	-84.02534	-245.3701	161.3448	0.1683186	0.42421	0.694511	0.305489	2.361714
15444	-76.31159	-237.9063	161.5947	0.7526947	0.4148421	0.483921	0.516079	1.824168
15450	-88.45292	-249.7409	161.2879	0.3521496	0.3654505	0.457535	0.542465	2.353711
15456	-85.06868	-246.6378	161.5691	0.4645736	0.3330418	0.779827	0.220173	2.144587
15462	-78.6343	-239.7789	161.1446	0.4832507	0.1540822	0.67879	0.32121	2.706128
15468	-78.49677	-240.3101	161.8134	0.8979322	0.2621236	0.285139	0.714861	1.802
15474	-86.77925	-249.1354	162.3561	0.8641077	0.2540863	0.689284	0.310716	1.448716
15480	-80.37303	-242.1421	161.7691	1.516205	0.6476171	0.606739	0.393261	0.6632433
15486	-79.0469	-241.6658	162.6189	1.400504	0.1770321	0.770508	0.229492	0.9473654
15492	-79.41686	-240.7477	161.3308	0.8759827	0.5998131	0.443917	0.556083	1.70979
15498	-74.4541	-236.7373	162.2832	0.1969765	0.5595306	0.676659	0.323341	1.556018
15504	-74.83531	-236.5907	161.7554	0.3669472	0.5213611	0.622292	0.377708	1.85186
15510	-82.45098	-244.2915	161.8405	0.4425829	0.2544305	0.429658	0.570342	2.103258
15516	-80.2029	-241.8869	161.684	0.3312614	0.2544305	0.607301	0.392699	2.276782
15522	-84.35893	-245.8396	161.4807	1.670593	0.7274585	0.173331	0.826669	0.3327818
15528	-80.23409	-241.6322	161.3981	1.702057	0.7274585	0.504512	0.495488	0.2906371
15534	-75.76752	-236.8397	161.0722	1.702057	1.151799	0.66038	0.33962	0.5130698
15540	-78.59591	-239.7877	161.1918	1.702057	0.6871481	0.289568	0.710432	0.17985
15546	-67.23945	-228.7274	161.4879	2.062329	0.360166	0.516387	0.483613	0.2207835
15552	-70.83863	-232.9079	162.0692	2.060537	0.2256214	0.667902	0.332098	0.4854486
15558	-71.28628	-233.5724	162.2861	1.817884	0.2211532	0.26741	0.73259	0.3734302
15564	-71.32825	-232.8794	161.5512	1.951011	0.5086953	0.470493	0.529507	0.379086
15570	-68.78602	-230.4256	161.6395	1.381773	0.8690204	0.522544	0.477456	0.379086
15576	-68.86045	-230.864	162.0036	1.528332	0.5077802	0.487682	0.512318	0.5605782
15582	-75.01598	-236.1974	161.1814	1.433041	1.325247	0.318992	0.681008	0.582988
15588	-73.33351	-235.1683	161.8348	1.433041	0.6897024	0.389411	0.610589	0.5505472
15594	-72.41732	-233.6719	161.2546	0.5912082	0.2878843	0.371195	0.628805	2.331905
15600	-61.97861	-222.2866	160.308	0.2244962	0.2411954	0.446473	0.553527	3.206867
15606	-74.57152	-234.785	160.2135	0.09379065	0.3349935	0.353654	0.646346	3.206867
15612	-59.32164	-221.3488	162.0272	0.1541004	0.4129705	0.369634	0.630366	1.939719
15618	-62.73904	-224.8154	162.0763	0.3118665	0.2863305	0.911007	0.0889928	1.98105
15624	-66.97709	-228.6369	161.6598	0.3118665	0.2041376	0.604597	0.395403	2.392871
15630	-66.59853	-228.5531	161.9546	0.2396669	0.5494158	0.308671	0.691329	1.771654
15636	-72.8037	-234.7354	161.9317	0.9301204	0.4095628	0.624599	0.375401	1.460935
15642	-77.97865	-240.2506	162.272	1.248671	0.4168845	0.759207	0.240793	0.8592244
15648	-83.24189	-243.1849	159.943	1.191783	2.429366	0.749217	0.250783	1.420999
15654	-68.89718	-230.586	161.6888	1.312451	0.737369	0.56743	0.43257	0.8977275
15660	-83.82702	-246.5119	162.6849	0.4414484	0.3243879	0.588371	0.411629	1.391509
15666	-83.9034	-246.1356	162.2322	0.5936004	0.3795674	0.471278	0.528722	1.531837
15672	-88.58679	-249.7169	161.1301	0.6897594	0.3723981	0.482237	0.517763	2.229666
15678	-84.84701	-245.0516	160.2046	0.5582854	1.120715	0.309308	0.690692	2.278222
15684	-83.94839	-246.1048	162.1564	0.6908549	0.2215948	0.343529	0.656471	1.782762
15690	-68.68219	-230.3927	161.7105	0.7500136	0.4986817	0.685367	0.314633	1.640753
15696	-72.52933	-234.561	162.0317	0.6236179	0.3903405	0.57842	0.42158	1.640753
15702	-92.95147	-255.7886	162.8371	1.014431	0.3209	0.639425	0.360575	0.6592427
15708	-87.52966	-249.3356	161.806	1.337174	0.6360025	0.739121	0.260879	0.8886524
15714	-78.31515	-239.6371	161.322	0.02125855	0.3030042	0.755626	0.244374	2.624504
15720	-77.88582	-238.1877	160.3018	0.3707342	0.3274165	0.421565	0.578435	2.998973
15726	-75.23862	-237.8395	162.6009	0.408471	0.3813026	0.182549	0.817451	1.389555
15732	-67.40244	-229.119	161.7165	0.5110303	0.2712906	0.516438	0.483562	2.111646
15738	-72.23035	-234.2308	162.0004	0.4933193	0.391941	0.346841	0.653159	1.753097
15744	-82.31905	-245.1725	162.8535	0.8055046	0.2637002	0.575078	0.424922	1.061602
15750	-65.16133	-227.0524	161.8911	0.2945428	0.4422872	0.738964	0.261036	1.90025
15756	-58.75827	-220.7917	162.0334	0.2865141	0.4428653	0.470738	0.529262	1.807584
15762	-74.24514	-234.7097	160.4646	0.4031229	0.7967128	0.710581	0.289419	2.425293
15768	-73.22434	-235.1353	161.911	0.6936089	0.5860813	0.573821	0.426179	1.4325
15774	-83.17046	-245.4094	162.239	1.376073	0.4387469	0.596237	0.403763	0.3682335
15780	-84.03886	-245.8731	161.8343	1.780616	0.4062149	0.683978	0.316022	0.3060598
15786	-76.5072	-238.0605	161.5533	1.780616	0.6057764	0.73606	0.26394	0.3527694
15792	-75.77677	-237.1591	161.3823	0.4971931	0.3453952	0.556624	0.443376	2.227308
15798	-85.39469	-246.8813	161.4866	1.067404	0.6298061	0.887924	0.112076	1.422977
15804	-87.88144	-248.8324	160.9509	1.08513	1.126507	0.782734	0.217266	1.393044
15810	-77.46171	-238.6683	161.2066	0.3952582	0.4346948	0.499866	0.500134	2.292941
15816	-72.03347	-233.7184	161.6849	0.359908	0.5434013	0.601729	0.398271	1.880975
15822	-82.38216	-242.9037	160.5215	1.61629	1.697229	0.698607	0.301393	0.9049106
15828	-82.30679	-241.9641	159.6573	1.61629	3.334488	0.822815	0.177185	0.95112
15834	-79.54041	-237.9408	158.4004	2.137525	6.090607	0.559865	0.440135	0.8455138
15840	-73.13227	-232.5186	159.3864	2.137525	3.299131	0.607379	0.392621	0.4007601
15846	-79.45133	-238.8675	159.4162	2.080087	3.299131	0.621137	0.378863	0.67597
15852	-75.42159	-235.6559	160.2343	2.080087	1.744837	0.920175	0.0798254	0.4370383
15858	-74.89101	-232.7967	157.9057	2.080087	8.525274	0.660428	0.339572	0.903657
15864	-63.64703	-226.3918	162.7448	0.2795365	0.2864055	0.456666	0.543334	1.535502
15870	-71.43661	-232.878	161.4414	0.1912236	0.4052808	0.688601	0.311399	2.308348
15876	-73.5415	-234.2632	160.7217	0.2640157	0.5121127	0.503188	0.496812	2.59665
15882	-78.0294	-239.1816	161.1522	0.1640177	0.3086628	0.502189	0.497811	2.633162
15888	-76.96693	-238.6156	161.6486	0.5227471	0.3086628	0.601462	0.398538	2.090081
15894	-75.6915	-237.8028	162.1113	1.198588	0.6231539	0.545391	0.454609	0.6819627
15900	-71.10088	-233.2812	162.1803	1.168621	0.5095991	0.443499	0.556501	0.8708246
15906	-75.93311	-238.5527	162.6196	0.647225	0.3889262	0.945792	0.0542081	1.165332
15912	-84.30842	-246.5237	162.2153	1.404518	0.4028866	0.538125	0.461875	0.7645553
15918	-76.01877	-238.2595	162.2407	1.404518	0.3408998	0.456339	0.543661	0.8913804
15924	-83.22185	-245.3448	162.1229	1.404518	0.4931097	0.419362	0.580638	0.6453724
15930	-82.49125	-243.4575	160.9663	0.1213079	0.6998941	0.733282	0.266718	2.362246
15936	-79.69704	-241.151	161.4539	0.1065093	0.4387377	0.435659	0.564341	2.314718
15942	-95.48092	-255.2505	159.7696	0.8393097	0.8748981	0.736272	0.263728	2.531428
15948	-98.26908	-258.43	160.1609	0.8393097	1.119801	0.577412	0.422588	2.125228
15954	-88.59625	-249.6093	161.0131	0.5250972	0.5802158	0.32501	0.67499	2.180009
15960	-81.53867	-242.6955	161.1568	0.8495287	0.377491	0.594617	0.405383	2.101766
15966	-81.73159	-243.7233	161.9917	1.342129	0.3059041	0.742243	0.257757	1.258319
15972	-85.78563	-246.5356	160.75	1.010254	1.424842	0.629148	0.370852	1.414004
15978	-60.12562	-221.7639	161.6383	1.010254	0.7014651	0.63644	0.36356	1.270728
15984	-77.55942	-238.0512	160.4918	0.5110537	0.8718858	0.63644	0.36356	2.284887
15990	-76.58477	-237.0795	160.4947	0.3285827	0.3548003	0.496125	0.503875	2.872744
15996	-69.62539	-231.9621	162.3367	0.1499124	0.2976067	0.501519	0.498481	1.896728
16002	-77.89976	-240.5783	162.6786	0.4340082	0.3215704	0.652282	0.347718	1.407068
16008	-78.03726	-240.5773	162.54	0.5725651	0.3215704	0.34322	0.65678	1.407068
16014	-63.27126	-225.0768	161.8055	0.1396059	0.3659241	0.488444	0.511556	2.157089
16020	-63.83844	-225.0876	161.2492	0.3616732	0.3658605	0.634382	0.365618	2.371706
16026	-87.5998	-248.9139	161.3141	0.8885633	1.163835	0.330881	0.669119	1.231062
16032	-80.76268	-240.8835	160.1208	1.246856	1.575367	0.355505	0.644495	1.624358
16038	-72.21992	-234.4587	162.2388	1.162473	0.4862101	0.672598	0.327402	0.8547162
16044	-73.31427	-235.9358	162.6215	1.176287	0.3089596	0.339588	0.660412	0.7901309
16050	-72.61576	-234.5539	161.9381	0.970959	0.5593735	0.252882	0.747118	1.220046
16056	-81.51676	-242.196	160.6792	0.6155172	0.3430825	0.80406	0.19594	2.599428
16062	-76.87529	-238.5202	161.6449	0.9421368	0.864251	0.790268	0.209732	1.156608
16068	-74.24843	-237.2074	162.959	1.092426	0.2545484	0.837265	0.162735	0.4752795
16074	-69.87421	-231.9005	162.0263	0.9276929	0.4416553	0.333005	0.666995	1.343181
16080	-71.91806	-234.0735	162.1554	0.2680804	0.4082186	0.310214	0.689786	1.780188
16086	-72.10311	-233.9483	161.8452	0.3473727	0.2908212	0.76822	0.23178	2.103497
16092	-70.18579	-232.2372	162.0514	0.8565074	0.4211462	0.642672	0.357328	1.408831
16098	-74.27804	-234.8538	160.5757	0.6601557	0.9611625	0.574808	0.425192	2.071745
16104	-78.82988	-240.8687	162.0388	0.2920014	0.2716524	0.557512	0.442488	2.04308
16110	-86.49655	-246.9548	160.4582	0.09126632	0.3240838	0.823098	0.176902	3.077038
16116	-76.56536	-237.5576	160.9923	0.2573347	0.3347418	0.526205	0.473795	2.638392
16122	-80.18103	-242.3162	162.1352	0.3438242	0.2174034	0.526205	0.473795	2.040283
16128	-85.82504	-248.1703	162.3452	0.2779594	0.3545898	0.415928	0.584072	1.715148
16134	-72.74124	-233.9538	161.2126	0.1344784	0.4588226	0.581446	0.418554	2.427244
16140	-68.28454	-229.8716	161.5871	0.1130651	0.2858311	0.695061	0.304939	2.427244
16146	-70.7376	-233.1261	162.3885	0.08822015	0.6070047	0.645512	0.354488	1.506265
16152	-73.82342	-235.7128	161.8894	0.138839	0.3094116	0.702623	0.297377	2.182402
16158	-74.98119	-236.5764	161.5952	0.5224487	0.2718406	0.455431	0.544569	2.182402
16164	-72.19203	-233.7327	161.5407	0.05495371	0.3645633	0.589473	0.410527	2.383047
16170	-70.81801	-232.7318	161.9138	0.5312883	0.3696196	0.668363	0.331637	1.817762
16176	-81.54439	-242.7644	161.22	0.4834405	0.8763147	0.591006	0.408994	1.817762
16182	-70.79196	-233.5828	162.7908	0.6832391	0.2822522	0.705157	0.294843	1.186868
16188	-69.70404	-232.0541	162.3501	0.5659775	0.4939717	0.545774	0.454226	1.300787
16194	-63.54455	-226.0335	162.489	0.2090276	0.4158595	0.533148	0.466852	1.574248
16200	-65.66995	-227.6526	161.9826	0.5943621	0.4838051	0.580899	0.419101	1.574248
16206	-71.58708	-232.7959	161.2088	1.109813	0.8148513	0.687181	0.312819	1.422406
16212	-72.41207	-234.7474	162.3354	1.092904	0.4438522	0.77061	0.22939	0.9086384
16218	-62.12051	-225.2732	163.1527	1.092904	0.1228712	0.190212	0.809788	0.9086384
16224	-67.74527	-229.3033	161.5581	1.092904	0.839362	0.545849	0.454151	1.124676
16230	-71.63724	-234.5291	162.8919	1.014879	0.2043718	0.545849	0.454151	0.9772254
16236	-78.83203	-239.7492	160.9172	1.172936	1.496796	0.78911	0.21089	1.093636
16242	-74.68369	-235.7112	161.0275	0.420164	0.1416494	0.78708	0.21292	2.842823
16248	-63.87677	-225.6449	161.7682	0.6460397	0.4793159	0.659199	0.340801	1.697002
16254	-68.55871	-229.3612	160.8025	0.7992388	0.5048727	0.481706	0.518294	2.215066
16260	-78.75716	-240.9394	162.1822	0.5464643	0.3083687	0.728873	0.271127	1.712006
16266	-76.17366	-236.6984	160.5247	0.6226229	0.4554262	0.623511	0.376489	2.555899
16272	-68.69084	-229.6071	160.9163	0.1423372	0.7063888	0.674498	0.325502	2.375257
16278	-68.35873	-229.2015	160.8427	0.07451644	0.7688206	0.837807	0.162193	2.415161
16284	-71.41769	-232.675	161.2573	0.05023039	0.4931279	0.68831	0.31169	2.415161
16290	-88.86052	-249.9262	161.0656	0.5358228	1.373036	0.895227	0.104773	1.563823
16296	-91.40663	-252.0035	160.5969	0.931581	2.330239	0.359636	0.640364	1.138806
16302	-71.65625	-232.8623	161.206	1.055747	1.05351	0.563945	0.436055	1.266995
16308	-82.38777	-243.4227	161.0349	1.055747	1.411036	0.648173	0.351827	1.151316
16314	-78.57381	-240.5857	162.0119	1.216219	0.5829003	0.357775	0.642225	0.8787546
16320	-71.5046	-234.246	162.7414	1.154562	0.2971619	0.70355	0.29645	0.6787224
16326	-75.80201	-238.4053	162.6033	1.342272	0.2971619	0.264658	0.735342	0.5341436
16332	-74.0701	-236.1031	162.033	1.270036	0.6397437	0.405971	0.594029	0.648782
16338	-74.05085	-235.7646	161.7137	1.010496	0.6755968	0.751223	0.248777	1.236145
16344	-65.52259	-228.1309	162.6083	1.149343	0.2991034	0.663119	0.336881	0.8694174
16350	-70.38081	-232.1525	161.7717	0.6818277	0.8718168	0.549565	0.450435	1.263288
16356	-74.1043	-236.6943	162.59	0.4486777	0.3948678	0.721866	0.278134	1.345406
16362	-75.04769	-237.5993	162.5516	0.2491171	0.3948678	0.256369	0.743631	1.528068
16368	-73.2795	-235.8926	162.6131	0.9037936	0.2498757	0.433882	0.566118	1.219955
16374	-75.18397	-236.6873	161.5034	1.064681	0.8501089	0.74867	0.25133	1.187014
16380	-85.58666	-248.267	162.6803	0.9501693	0.4220395	0.689205	0.310795	0.6892865
16386	-69.51835	-231.4379	161.9196	0.9477467	0.5783098	0.80106	0.19894	1.231189
16392	-63.10985	-225.2995	162.1897	0.5093802	0.3137701	0.80106	0.19894	1.724214
16398	-70.74	-230.8434	160.1034	0.4017057	0.5536811	0.506342	0.493658	2.850748
16404	-74.26019	-236.6655	162.4053	0.9048685	0.4592601	0.532379	0.467621	1.003833
16410	-71.05244	-233.2371	162.1847	1.590805	0.3661952	0.460006	0.539994	0.6106196
16416	-74.67241	-235.2819	160.6095	1.590805	1.940718	0.460006	0.539994	0.4920777
16422	-77.43462	-238.7244	161.2898	1.590805	1.037874	0.496761	0.503239	0.4851504
16428	-72.45452	-234.3669	161.9124	1.622658	0.5039729	0.645873	0.354127	0.4330126
16434	-71.06868	-233.5557	162.487	1.207943	0.4060032	0.471403	0.528597	0.6157589
16440	-64.24299	-226.0184	161.7754	1.157218	0.7541201	0.739102	0.260898	0.9498932
16446	-76.98051	-238.9903	162.0098	1.157218	0.3478583	0.653047	0.346953	1.319025
16452	-75.35347	-237.1575	161.804	0.9105233	0.5888271	0.355911	0.644089	1.343397
16458	-74.8111	-237.2006	162.3895	1.097596	0.3677665	0.496893	0.503107	0.9996944
16464	-84.02162	-245.8709	161.8493	1.854114	0.3076228	0.608	0.392	0.2371707
16470	-79.4928	-240.8409	161.3481	1.818163	0.6479416	0.389508	0.610492	0.266291
16476	-79.30881	-239.8737	160.5649	1.72806	1.715944	0.634316	0.365684	0.6734105
16482	-72.22343	-234.3837	162.1603	0.9301748	0.499473	0.691474	0.308526	1.145423
16488	-85.42398	-246.0713	160.6473	1.149178	1.2577	0.489936	0.510064	1.488464
16494	-81.4811	-242.2792	160.7981	0.9283217	0.87661	0.660308	0.339692	1.801717
16500	-74.29751	-236.4078	162.1103	0.815548	0.4865566	0.764696	0.235304	1.302907
16506	-79.41242	-241.6003	162.1879	0.815548	0.4420144	0.65793	0.34207	1.302907
16512	-85.45038	-246.9478	161.4974	1.066217	0.4527417	0.835372	0.164628	1.623133
16518	-76.69621	-237.1293	160.4331	0.5155302	0.9031568	0.551173	0.448827	2.297696
16524	-77.21077	-238.0875	160.8767	0.9898837	0.4672743	0.733431	0.266569	2.083807
16530	-76.98659	-237.2876	160.301	1.208675	0.8316924	0.786933	0.213067	1.983344
16536	-78.79043	-239.097	160.3066	0.8846251	1.319429	0.404826	0.595174	1.883293
16542	-84.88741	-246.5253	161.6379	0.7151038	0.4143319	0.828096	0.171904	1.821002
16548	-77.07239	-238.6341	161.5617	0.6570137	0.2427751	0.657737	0.342263	2.165255
16554	-74.99185	-234.7328	159.741	1.195014	1.47525	0.29663	0.70337	1.973932
16560	-82.26832	-244.1332	161.8649	0.841168	0.7052723	0.718988	0.281012	1.218549
16566	-76.62533	-239.1918	162.5665	0.841168	0.3144387	0.616201	0.383799	1.179191
16572	-77.48195	-239.7781	162.2961	1.175198	0.2840504	0.461805	0.538195	1.185473
16578	-75.87289	-236.2686	160.3957	1.350127	2.673779	0.707374	0.292626	0.7080517
16584	-80.40545	-242.346	161.9406	1.691291	0.3764949	0.573531	0.426469	0.2773126
16590	-72.62599	-235.0714	162.4454	1.350127	0.3097318	0.558975	0.441025	0.7908161
16596	-70.34668	-231.7218	161.3752	0.8244583	0.9674513	0.69778	0.30222	1.385464
16602	-64.15445	-226.2855	162.1311	0.7210716	0.4712829	0.758077	0.241923	1.382402
16608	-67.40703	-229.192	161.7849	0.3300612	0.4748893	0.766475	0.233525	1.909326
16614	-76.37639	-237.4422	161.0658	1.932142	0.9155686	0.739958	0.260042	0.4403635
16620	-76.30738	-238.7379	162.4305	1.932142	0.1387087	0.736506	0.263494	0.366812
16626	-74.90328	-237.1507	162.2474	1.780564	0.2600966	0.714811	0.285189	0.5757342
16632	-72.70408	-234.0447	161.3406	1.780564	0.7605131	0.303831	0.696169	0.3443682
16638	-88.7084	-248.9338	160.2254	1.780564	2.28221	0.603731	0.396269	0.5336099
16644	-69.21802	-230.7866	161.5686	0.6075616	0.4068691	0.404406	0.595594	1.950968
16650	-66.09672	-227.4798	161.3831	0.2651342	0.4138115	0.559219	0.440781	2.288036
16656	-75.84177	-237.6055	161.7638	0.7579853	0.532999	0.423088	0.576912	1.555741
16662	-75.99233	-237.2319	161.2395	0.2138022	0.5968025	0.518955	0.481045	2.219084
16668	-79.72035	-240.524	160.8037	0.3249137	0.5582263	0.826253	0.173747	2.462279
16674	-70.6383	-231.8539	161.2156	0.4454823	0.6134632	0.694564	0.305436	2.067915
16680	-72.18602	-233.5513	161.3652	0.09838034	0.8904964	0.356335	0.643665	1.970176
16686	-84.08089	-246.2811	162.2002	0.3866113	0.34139	0.690462	0.309538	1.760249
16692	-84.13042	-246.4624	162.332	0.739057	0.2940299	0.525974	0.474026	1.487011
16698	-92.75953	-254.7486	161.9891	0.729385	0.4538531	0.610534	0.389466	1.50786
16704	-82.44849	-245.0211	162.5726	0.9380489	0.3793851	0.104983	0.895017	0.9514551
16710	-74.16592	-235.5826	161.4167	0.9380489	0.3786684	0.871668	0.128332	1.867266
16716	-80.74321	-241.6813	160.9381	0.6558934	0.4232886	0.36148	0.63852	2.311363
16722	-93.20417	-255.5869	162.3827	1.121431	0.3657609	0.455761	0.544239	0.9866597
16728	-79.58093	-241.0486	161.4677	1.137098	0.8036539	0.655055	0.344945	1.201469
16734	-84.33023	-246.0376	161.7074	1.137098	0.3021245	0.63135	0.36865	1.639734
16740	-81.22234	-243.6792	162.4568	0.9002392	0.3021245	0.2537	0.7463	1.246237
16746	-78.38513	-240.7881	162.403	0.7852972	0.1594671	0.444753	0.555247	1.677643
16752	-75.00856	-237.469	162.4604	0.79201	0.2787789	0.495393	0.504607	1.375742
16758	-68.3678	-230.4927	162.1249	0.4546008	0.2787789	0.647061	0.352939	1.864123
16764	-71.66045	-233.6814	162.0209	0.6906192	0.4741658	0.568528	0.431472	1.486529
16770	-74.85142	-237.9079	163.0565	0.3989007	0.2999886	0.770228	0.229772	1.166449
16776	-73.49464	-235.4792	161.9846	1.162526	0.5676625	0.533308	0.466692	0.9905492
16782	-70.63072	-232.5206	161.8898	0.8836402	0.7885722	0.55386	0.44614	1.066451
16788	-67.79576	-229.7395	161.9437	0.4701482	0.7676393	0.648812	0.351188	1.392113
16794	-71.89789	-234.5619	162.664	0.7215526	0.3703409	0.746713	0.253287	1.092019
16800	-70.95048	-232.7778	161.8273	0.7787747	0.7501953	0.654415	0.345585	1.254753
16806	-83.21861	-244.279	161.0603	0.6447953	0.3019957	0.452133	0.547867	2.400015
16812	-77.12016	-238.2346	161.1144	0.6609387	0.2726922	0.519752	0.480248	2.400015
16818	-80.46221	-242.4765	162.0143	1.054261	0.1671977	0.519752	0.480248	1.743911
16824	-80.38364	-241.7013	161.3176	0.4616507	0.5669071	0.596646	0.403354	2.035031
16830	-84.24065	-246.8003	162.5597	1.049153	0.2805274	0.504762	0.495238	1.069516
16836	-69.17193	-228.4696	159.2976	1.358673	2.410416	0.605931	0.394069	1.776728
16842	-78.51518	-240.2263	161.7112	0.6576454	0.5037369	0.274861	0.725139	1.700215
16848	-79.09218	-240.5538	161.4616	0.9049911	0.4502867	0.453565	0.546435	1.766006
16854	-86.01345	-246.8735	160.86	0.4894316	0.7838496	0.502002	0.497998	2.126292
16860	-76.65751	-238.5311	161.8735	1.025679	0.7555999	0.579205	0.420795	0.9826016
16866	-76.63905	-238.7522	162.1132	1.025679	0.6480341	0.784377	0.215623	0.87439
16872	-77.25064	-240.1559	162.9053	1.025679	0.2605811	0.428777	0.571223	0.7671579
16878	-82.41543	-243.7838	161.3684	1.025679	0.7473079	0.620013	0.379987	1.42677
16884	-80.2279	-242.4911	162.2632	1.112163	0.3804001	0.620013	0.379987	1.082689
16890	-78.24313	-239.2694	161.0263	0.9469441	1.233254	0.396442	0.603558	1.368394
16896	-67.22762	-229.383	162.1553	0.536535	0.3476674	0.738589	0.261411	1.676765
16902	-63.68717	-225.1275	161.4403	0.4741161	0.3476674	0.501668	0.498332	2.201666
16908	-75.50261	-237.8033	162.3007	0.1661868	0.3281341	0.864655	0.135345	1.862998
16914	-67.95882	-229.1322	161.1733	0.0716623	0.7619196	0.482764	0.517236	2.211437
16920	-90.17497	-250.4581	160.2832	0.09222877	0.5567834	0.690941	0.309059	2.926307
16926	-76.5016	-237.3791	160.8775	0.3224757	0.2465944	0.608948	0.391052	2.797666
16932	-82.49375	-244.2444	161.7507	0.4338846	0.3386489	0.416549	0.583451	2.037471
16938	-69.41911	-231.2525	161.8334	0.2414389	0.2456043	0.731686	0.268314	2.253409
16944	-71.56822	-232.7349	161.1667	0.3980934	0.4039689	0.708124	0.291876	2.353117
16950	-73.3459	-235.901	162.5551	0.2306755	0.3515382	0.833181	0.166819	1.603319
16956	-72.41593	-232.4371	160.0212	0.6887612	0.4095105	0.652364	0.347636	2.875503
16962	-70.3321	-232.8335	162.5014	0.2949133	0.1936895	0.467039	0.532961	1.873986
16968	-67.04296	-228.2906	161.2476	0.8317745	0.6828865	0.784552	0.215448	1.718397
16974	-70.2298	-231.8178	161.588	0.8557168	1.070211	0.6908	0.3092	1.095133
16980	-59.4516	-220.8297	161.3781	0.8888628	0.2272288	0.773984	0.226016	2.161313
16986	-63.08939	-224.5186	161.4292	0.05760739	0.5901001	0.707257	0.292743	2.203825
16992	-70.26074	-231.5235	161.2627	0.173141	0.7197958	0.590393	0.409607	2.121551
16998	-80.20706	-242.0408	161.8337	0.232303	0.6767414	0.2432	0.7568	1.733574
17004	-79.96345	-241.5817	161.6182	0.8299103	0.7239382	0.311483	0.688517	1.407699
17010	-81.45794	-243.5215	162.0635	1.359214	0.5530231	0.676191	0.323809	0.6636942
17016	-85.56663	-246.1211	160.5544	1.456996	1.932343	0.30903	0.69097	0.8792175
17022	-88.23224	-249.138	160.9058	1.450376	1.392755	0.498364	0.501636	0.9056436
17028	-73.78114	-235.7946	162.0134	1.450376	0.4583515	0.563468	0.436532	0.8368126
17034	-78.98075	-241.638	162.6573	0.9498536	0.3159264	0.497898	0.502102	0.9906645
17040	-74.83737	-237.0759	162.2386	0.8043856	0.3105158	0.475949	0.524051	1.479394
17046	-75.96028	-237.9663	162.006	0.5313928	0.4740287	0.639934	0.360066	1.615219
17052	-81.84182	-244.2892	162.4474	0.6438746	0.3092486	0.487389	0.512611	1.444894
17058	-77.7459	-240.2293	162.4834	0.5739251	0.2452032	0.754309	0.245691	1.587581
17064	-82.36531	-244.0992	161.7339	2.077655	0.2565254	0.351519	0.648481	0.2302314
17070	-72.44373	-233.7679	161.3242	1.928835	0.6192541	0.561927	0.438073	0.2962502
17076	-74.62397	-236.1168	161.4928	1.928835	0.5145016	0.212397	0.787603	0.3035992
17082	-74.4561	-235.9927	161.5366	1.928835	0.420292	0.76041	0.23959	0.2346408
17088	-78.80192	-240.5694	161.7675	1.928835	0.2945008	0.623517	0.376483	0.2212664
17094	-77.36961	-239.6047	162.2351	1.771783	0.2377192	0.803016	0.196984	0.3165661
17100	-75.33713	-237.2805	161.9434	1.428769	0.5917419	0.654759	0.345241	0.6475112
17106	-73.60131	-235.9867	162.3854	1.529248	0.2233664	0.669653	0.330347	0.9107367
17112	-73.09064	-233.8126	160.7219	1.662018	1.429013	0.387517	0.612483	0.8404264
17118	-73.64774	-235.5074	161.8597	1.662018	0.4865464	0.342239	0.657761	0.355284
17124	-71.60356	-233.9412	162.3376	1.662018	0.2331414	0.591635	0.408365	0.300758
17130	-68.07508	-230.5011	162.426	1.431831	0.3185659	0.742727	0.257273	0.370301
17136	-70.56295	-232.5848	162.0219	1.431831	0.5483477	0.820926	0.179074	0.6079573
17142	-71.28853	-233.8652	162.5767	0.9905019	0.4784834	0.415938	0.584062	0.6079573
17148	-68.49147	-231.3663	162.8748	0.9240094	0.2856426	0.270836	0.729164	0.8584325
17154	-73.12063	-236.0887	162.9681	0.9400416	0.1634151	0.172619	0.827381	1.100038
17160	-71.80108	-234.8521	163.051	0.9400416	0.1966936	0.759645	0.240355	0.9119787
17166	-63.88757	-226.0521	162.1646	0.6496536	0.4846841	0.723838	0.276162	1.394153
17172	-64.50621	-226.074	161.5678	0.6496536	0.6188229	0.507262	0.492738	1.682882
17178	-65.2798	-227.2264	161.9466	0.5508462	0.4945355	0.507262	0.492738	1.619032
17184	-69.24336	-230.5414	161.2981	0.7171834	0.7640668	0.774113	0.225887	1.690758
17190	-73.41493	-235.3827	161.9678	0.1335345	0.1945689	0.433534	0.566466	2.328818
17196	-71.07557	-232.9669	161.8913	0.03609195	0.2569292	0.624328	0.375672	2.328818
17202	-79.16875	-240.4855	161.3167	0.6846035	0.5663068	0.58202	0.41798	1.886595
17208	-83.56725	-243.5649	159.9977	1.307885	1.713941	0.463412	0.536588	1.600652
17214	-82.351	-243.8666	161.5156	0.7664149	0.3623661	0.359867	0.640133	1.938983
17220	-79.59179	-242.1675	162.5757	0.9340731	0.1911542	0.484856	0.515144	1.36137
17226	-78.4611	-240.8966	162.4355	0.6613373	0.2665915	0.719137	0.280863	1.517771
17232	-71.60875	-233.8755	162.2668	0.8943962	0.1845763	0.548918	0.451082	1.638489
17238	-72.45562	-234.4788	162.0232	0.7553527	0.4332336	0.76804	0.23196	1.490603
17244	-69.59764	-232.3618	162.7642	0.6821639	0.2065535	0.523123	0.476877	1.374933
17250	-74.0696	-236.1002	162.0306	1.127507	0.5614715	0.277352	0.722648	0.9889441
17256	-68.61056	-231.1056	162.4951	1.185014	0.3104438	0.527293	0.472707	0.9273979
17262	-76.06357	-238.2523	162.1887	0.5748954	0.5464844	0.683925	0.316075	1.355294
17268	-76.05077	-237.115	161.0642	0.05532966	0.2684349	0.76682	0.23318	2.812503
17274	-67.81105	-228.2459	160.4349	1.904514	1.696661	0.612593	0.387407	0.5929846
17280	-70.15129	-231.6814	161.5301	1.273747	0.9487688	0.480885	0.519115	0.8468955
17286	-65.51152	-227.8351	162.3236	1.273747	0.4518599	0.35021	0.64979	0.6476741
17292	-68.64848	-231.2545	162.606	1.43492	0.2590413	0.655933	0.344067	0.4910038
17298	-67.55368	-229.9156	162.3619	1.507318	0.3273903	0.68317	0.31683	0.4328145
17304	-69.65376	-232.0729	162.4191	1.507368	0.299587	0.766492	0.233508	0.4166197
17310	-72.59447	-235.1544	162.56	1.350757	0.302039	0.442904	0.557096	0.6221498
17316	-84.13576	-244.9442	160.8084	0.3299538	0.8403459	0.682914	0.317086	2.220536
17322	-79.42359	-240.974	161.5504	0.1732625	0.3586874	0.53168	0.46832	2.309376
17328	-79.78437	-241.103	161.3187	0.6509063	0.8195025	0.416323	0.583677	1.676341
17334	-85.4642	-246.8537	161.3895	1.314018	1.160668	0.316287	0.683713	0.6993162
17340	-74.71068	-236.2884	161.5777	1.403402	0.8059992	0.783813	0.216187	0.8223514
17346	-73.04209	-234.7503	161.7082	1.403402	0.7176686	0.784785	0.215215	0.7929795
17352	-76.27343	-239.2787	163.0053	1.019796	0.2186192	0.525831	0.474169	0.7929795
17358	-70.27226	-231.0284	160.7561	1.067787	1.264064	0.404118	0.595882	1.463704
17364	-76.73122	-238.2259	161.4947	1.661552	0.7095747	0.400418	0.599582	0.7439157
17370	-66.81143	-229.3449	162.5335	0.9632214	0.3369538	0.678343	0.321657	1.053386
17376	-67.80995	-230.2103	162.4004	1.115547	0.3317424	0.718245	0.281755	1.045809
17382	-70.91032	-231.9517	161.0414	0.8865154	0.6549094	0.816543	0.183457	1.849791
17388	-73.26208	-234.6996	161.4376	1.292834	0.9189695	0.291393	0.708607	0.9641091
17394	-63.74697	-225.7238	161.9769	1.322456	0.58369	0.516484	0.483516	0.7881727
17400	-65.53557	-228.1451	162.6095	1.175124	0.3223341	0.805379	0.194621	0.7664109
17406	-68.40553	-230.3993	161.9938	1.175124	0.6546965	0.74582	0.25418	0.8268511
17412	-68.50833	-228.4196	159.9113	1.175124	2.072863	0.502602	0.497398	1.599836
17418	-71.06037	-232.6025	161.5422	1.003552	0.6100571	0.526526	0.473474	1.450813
17424	-75.67818	-236.6211	160.9429	1.244335	0.6100571	0.754179	0.245821	1.713184
17430	-77.88871	-238.7851	160.8964	1.401615	1.448694	0.591963	0.408037	0.9224968
17436	-65.07413	-226.2434	161.1693	1.401615	1.057048	0.683101	0.316899	0.9846628
17442	-64.40857	-226.6699	162.2614	0.9810737	0.1566113	0.727451	0.272549	1.64585
17448	-66.87212	-227.17	160.2978	0.6895518	1.430486	0.703868	0.296132	1.962056
17454	-73.54581	-236.1329	162.5871	0.9620551	0.165623	0.605855	0.394145	1.39438
17460	-74.01278	-235.5972	161.5844	0.9620551	0.81819	0.424196	0.575804	1.236482
17466	-72.13922	-234.1544	162.0152	0.3291755	0.3288832	0.414166	0.585834	1.944946
17472	-80.93477	-243.8122	162.8774	0.4366797	0.2407934	0.84037	0.15963	1.403353
17478	-72.89088	-235.65	162.7591	1.188025	0.2368682	0.354181	0.645819	0.8288294
17484	-73.61537	-235.0691	161.4537	0.513596	0.9122679	0.83006	0.16994	1.603623
17490	-70.39456	-232.1417	161.7472	0.9018562	0.478095	0.299737	0.700263	1.528274
17496	-74.02303	-235.3265	161.3035	0.4820299	0.445616	0.538483	0.461517	2.161798
17502	-78.22887	-240.5934	162.3645	0.2179863	0.2376547	0.509069	0.490931	1.933645
17508	-75.01211	-237.5689	162.5568	0.08534879	0.2161521	0.470355	0.529645	1.933645
17514	-78.66676	-241.0187	162.3519	0.0722941	0.393074	0.2567	0.7433	1.799929
17520	-104.1864	-266.1171	161.9307	1.069184	0.667033	0.373788	0.626212	0.996054
17526	-82.62803	-244.3075	161.6794	1.115715	0.8147062	0.594393	0.405607	1.015943
17532	-84.57696	-246.7722	162.1953	0.9455727	0.3072802	0.152587	0.847413	1.410201
17538	-82.43045	-244.2737	161.8433	0.710103	0.6842134	0.418559	0.581441	1.365659
17544	-87.38801	-249.7157	162.3277	1.107578	0.4352516	0.357359	0.642641	0.9180619
17550	-79.51163	-241.4466	161.935	1.632031	0.4814702	0.706976	0.293024	0.5933543
17556	-78.12331	-239.093	160.9697	1.713476	1.253832	0.737912	0.262088	0.5375029
17562	-74.61671	-235.1433	160.5265	1.713476	1.87386	0.715877	0.284123	0.5237883
17568	-62.95824	-223.5579	160.5997	2.062901	0.9283329	0.762962	0.237038	0.1956724
17574	-67.77221	-228.9322	161.16	2.062901	0.480541	0.225786	0.774214	0.1858967
17580	-66.59886	-227.7098	161.111	2.425125	0.2145577	0.537567	0.462433	0.1268403
17586	-68.74288	-229.3794	160.6365	2.425125	0.359807	0.794737	0.205263	0.108016
17592	-77.34606	-238.4817	161.1356	2.312286	0.2343668	0.633108	0.366892	0.1214135
17598	-89.17077	-249.7449	160.5741	2.312286	0.5453226	0.574459	0.425541	0.1326073
17604	-79.5986	-240.4527	160.8541	0.4199109	0.5200429	0.558797	0.441203	2.40846
17610	-77.44014	-239.5483	162.1081	0.5532978	0.5200429	0.698034	0.301966	1.46682
17616	-73.32277	-234.8356	161.5129	0.310411	0.5740378	0.724449	0.275551	1.998644
17622	-78.94739	-240.5479	161.6005	0.9045464	0.4768734	0.622022	0.377978	1.635068
17628	-76.02118	-238.3798	162.3586	0.7073609	0.2977286	0.566115	0.433885	1.484287
17634	-68.36296	-231.1998	162.8368	0.7073609	0.2229834	0.223283	0.776717	1.258069
17640	-68.92781	-230.0729	161.1451	0.1204813	0.4071779	0.775938	0.224062	2.537363
17646	-82.06001	-243.8647	161.8047	0.6847538	0.6254089	0.595505	0.404495	1.476945
17652	-70.02794	-230.4794	160.4514	0.3576111	0.3191382	0.648134	0.351866	2.927936
17658	-74.90612	-235.0351	160.129	0.1991394	1.050627	0.595695	0.404305	2.593326
17664	-74.73155	-236.247	161.5155	0.2382063	0.5901502	0.918546	0.0814544	2.02903
17670	-75.16286	-236.4322	161.2693	0.5584492	0.8311491	0.478842	0.521158	1.766798
17676	-84.39712	-244.1466	159.7495	0.3532924	0.5032397	0.827754	0.172246	3.140437
17682	-91.30361	-252.099	160.7954	2.051356	0.7624641	0.828836	0.171164	0.1943369
17688	-81.49919	-242.8374	161.3382	2.268187	0.2926628	0.644966	0.355034	0.1886475
17694	-85.3156	-245.7776	160.462	0.2593664	0.6187047	0.916562	0.0834376	2.65992
17700	-88.93663	-249.5413	160.6047	0.1922541	0.5671411	0.788144	0.211856	2.65992
17706	-86.23123	-245.8953	159.6641	0.1374906	0.317046	0.267947	0.732053	3.527132
17712	-78.90322	-241.6548	162.7516	1.729749	0.1186368	0.525072	0.474928	0.4813424
17718	-71.3553	-233.6024	162.2471	1.729749	0.2848187	0.327204	0.672796	0.5129187
17724	-73.50064	-235.9864	162.4858	1.559657	0.2547102	0.471496	0.528504	0.5606797
17730	-74.87964	-237.2237	162.344	1.559657	0.2940916	0.563963	0.436037	0.3564027
17736	-71.95551	-234.5954	162.6399	1.574032	0.1967219	0.612738	0.387262	0.5001364
17742	-71.20464	-233.3338	162.1292	1.508458	0.4469548	0.584464	0.415536	0.5518573
17748	-77.02452	-239.4645	162.44	1.508458	0.2940865	0.203114	0.796886	0.5595847
17754	-79.63088	-242.3063	162.6754	1.601265	0.1765367	0.468734	0.531266	0.4985137
17760	-71.40579	-232.4453	161.0395	0.03220528	0.5173519	0.49936	0.50064	2.537997
17766	-78.99238	-238.8873	159.8949	0.785138	1.575283	0.153768	0.846232	2.095555
17772	-76.26214	-237.1021	160.84	1.396367	1.568512	0.642692	0.357308	0.893688
17778	-75.54346	-236.1846	160.6411	1.043201	1.242499	0.510596	0.489404	1.581186
17784	-80.13965	-241.1723	161.0326	1.043201	1.441417	0.706485	0.293515	1.143912
17790	-74.36799	-234.2217	159.8537	1.428454	2.296714	0.871816	0.128184	1.359188
17796	-84.94822	-245.5977	160.6495	0.9027331	1.346184	0.321987	0.678013	1.615234
17802	-77.9913	-239.3958	161.4045	1.384354	1.081501	0.471605	0.528395	0.6759585
17808	-75.87685	-236.242	160.3652	1.545629	1.68253	0.450811	0.549189	1.137892
17814	-73.19655	-234.9569	161.7603	0.008545127	0.8525526	0.518657	0.481343	1.790847
17820	-69.45297	-231.0443	161.5913	1.151944	0.6840815	0.395397	0.604603	1.210493
17826	-80.11277	-241.398	161.2853	1.053313	0.7070472	0.430097	0.569903	1.507543
17832	-73.62647	-235.097	161.4705	0.004319588	0.4544416	0.305472	0.694528	2.351291
17838	-75.226	-236.8974	161.6714	0.1665608	0.2860567	0.794538	0.205462	2.339692
17844	-71.44408	-233.688	162.2439	0.1453144	0.3051665	0.759505	0.240495	1.950623
17850	-75.83172	-237.0107	161.1789	1.389344	0.8162913	0.892281	0.107719	1.21996
17856	-65.40102	-226.8329	161.4319	1.246506	1.21525	0.611073	0.388927	0.6557718
17862	-66.10662	-227.9936	161.887	1.246506	0.7796527	0.38593	0.61407	0.6229313
17868	-68.02154	-229.5443	161.5228	1.435376	0.9323686	0.570242	0.429758	0.6318699
17874	-71.91275	-233.4037	161.4909	1.392455	0.915555	0.619055	0.380945	0.7895713
17880	-80.25396	-240.5518	160.2979	0.2999185	1.073142	0.712094	0.287906	2.411376
17886	-76.05215	-237.1067	161.0545	0.5247522	0.3706608	0.612644	0.387356	2.385513
17892	-73.6145	-235.3361	161.7216	1.403288	0.7925418	0.500513	0.499487	0.6045554
17898	-66.26176	-227.9443	161.6826	1.403288	0.8415765	0.450229	0.549771	0.4747378
17904	-68.42745	-231.2757	162.8483	1.625235	0.1169604	0.689463	0.310537	0.5922949
17910	-65.03442	-227.6946	162.6602	1.447491	0.2299234	0.689463	0.310537	0.5765232
17916	-71.46189	-232.1992	160.7373	1.32878	1.95817	0.236767	0.763233	0.7917699
17922	-78.74227	-240.4433	161.701	0.8272154	0.8747207	0.474228	0.525772	1.19762
17928	-78.73102	-239.234	160.503	0.8272154	1.080522	0.749021	0.250979	1.930438
17934	-69.00955	-230.3255	161.3159	0.2019009	0.2864462	0.431191	0.568809	2.54045
17940	-70.381	-232.146	161.765	0.6514583	0.4004132	0.527628	0.472372	1.795419
17946	-61.64029	-223.9586	162.3183	0.7612676	0.3067851	0.317065	0.682935	1.458101
17952	-80.51294	-242.1243	161.6114	0.7272364	0.4064844	0.701421	0.298579	1.841104
17958	-84.01031	-244.4304	160.42	0.3093717	0.6077472	0.389261	0.610739	2.664594
17964	-83.00486	-245.3004	162.2956	0.2881473	0.2813959	0.38313	0.61687	1.856879
17970	-68.4167	-229.8464	161.4297	0.2510791	0.702774	0.259401	0.740599	1.974022
17976	-73.27227	-234.5917	161.3195	0.06714006	0.702774	0.304182	0.695818	2.167948
17982	-71.03278	-231.0743	160.0416	0.650965	1.40815	0.636041	0.363959	2.167948
17988	-77.39396	-239.4047	162.0108	0.8777452	0.4730923	0.661811	0.338189	1.351249
17994	-76.6421	-239.0165	162.3744	0.8777452	0.5232066	0.79735	0.20265	0.9536771
18000	-73.48783	-235.8845	162.3967	0.6175677	0.3454745	0.859085	0.140915	1.442765
18006	-63.1015	-225.1768	162.0753	0.7092595	0.4884936	0.503463	0.496537	1.412202
18012	-66.42819	-228.4995	162.0713	0.3505693	0.4481932	0.552716	0.447284	1.7299
18018	-75.78352	-237.9298	162.1463	0.1261761	0.598588	0.383845	0.616155	1.664414
18024	-74.64095	-235.4791	160.8381	0.3913086	0.4879332	0.448859	0.551141	2.469718
18030	-70.42682	-232.1321	161.7053	0.04626722	0.4879332	0.671875	0.328125	2.136083
18036	-71.0754	-232.6149	161.5395	0.0843942	0.3625756	0.373204	0.626796	2.367722
18042	-73.19102	-234.891	161.6999	0.07280242	0.3759707	0.830054	0.169946	2.255377
18048	-81.93504	-241.8164	159.8814	0.1830294	0.4926239	0.648585	0.351415	3.173686
18054	-82.03084	-240.4921	158.4612	2.241845	5.436153	0.535275	0.464725	0.8433858
18060	-81.38669	-243.7154	162.3288	0.5957986	0.4246476	0.476648	0.523352	1.390864
18066	-79.79584	-242.1859	162.3901	0.8596663	0.1812897	0.547234	0.452766	1.581732
18072	-75.77723	-237.6794	161.9021	0.8596663	0.3719794	0.623444	0.376556	1.590112
18078	-76.26812	-238.3695	162.1013	0.6708501	0.4584454	0.719351	0.280649	1.461276
18084	-65.12963	-226.8882	161.7585	0.3756723	0.3342551	0.669027	0.330973	2.077012
18090	-77.54324	-239.8345	162.2912	1.70063	0.2635044	0.746083	0.253917	0.3746654
18096	-77.29859	-239.0507	161.7521	1.70063	0.4584902	0.53101	0.46899	0.2624447
18102	-81.24589	-243.2779	162.032	1.586613	0.4584902	0.286181	0.713819	0.4586812
18108	-75.73426	-237.0917	161.3575	1.586613	0.8796768	0.642805	0.357195	0.7587918
18114	-91.3222	-252.8721	161.5499	0.2005653	0.5981322	0.264744	0.735256	2.023386
18120	-83.60579	-244.8593	161.2536	0.2932805	0.5903035	0.59226	0.40774	2.164694
18126	-80.54554	-242.1978	161.6522	0.6371557	0.2173947	0.30034	0.69966	2.164694
18132	-87.89575	-248.3248	160.4291	0.4498924	0.2958125	0.708925	0.291075	2.918049
18138	-79.621	-240.7784	161.1574	0.1513719	0.2871214	0.600956	0.399044	2.668838
18144	-76.53575	-238.8056	162.2699	1.481045	0.3555613	0.587735	0.412265	0.7075114
18150	-83.46905	-243.3548	159.8857	0.2902195	0.4518471	0.765274	0.234726	3.149123
18156	-76.47954	-238.8365	162.357	0.4645044	0.3643131	0.610131	0.389869	1.557842
18162	-80.83767	-242.8544	162.0167	0.5480993	0.4051075	0.66236	0.33764	1.685027
18168	-80.07525	-241.7233	161.6481	0.3716038	0.5547436	0.732637	0.267363	1.886119
18174	-73.16677	-234.7166	161.5498	0.4014244	0.5547436	0.532912	0.467088	1.932499
18180	-65.82548	-227.8567	162.0312	0.6266848	0.300804	0.505487	0.494513	1.773865
18186	-72.22846	-234.3043	162.0758	0.2844811	0.4474641	0.505487	0.494513	1.773865
18192	-60.86275	-223.004	162.1413	0.1345172	0.3105742	0.481318	0.518682	2.018185
18198	-68.12308	-229.6265	161.5034	0.95236	0.834913	0.708975	0.291025	1.295524
18204	-77.29704	-238.9117	161.6147	0.6944157	0.6829277	0.706894	0.293106	1.552871
18210	-66.69029	-227.7425	161.0522	0.2645227	0.4050096	0.588056	0.411944	2.508045
18216	-69.25032	-230.9777	161.7274	0.210831	0.5638796	0.252702	0.747298	1.931859
18222	-67.64344	-229.2673	161.6239	0.3250101	0.5568697	0.401807	0.598193	1.931859
18228	-62.79403	-225.1709	162.3769	0.6218144	0.4977874	0.382706	0.617294	1.227179
18234	-77.23756	-237.6839	160.4463	0.4337862	1.453483	0.369304	0.630696	2.022044
18240	-74.30063	-235.7492	161.4485	0.1491524	0.5881751	0.429595	0.570405	2.133592
18246	-63.88191	-224.8043	160.9224	0.1868807	0.5881751	0.777356	0.222644	2.446177
18252	-71.02264	-232.1349	161.1122	0.2763807	0.5881751	0.555758	0.444242	2.268878
18258	-74.07009	-236.57	162.4999	0.6174485	0.3482217	0.559803	0.440197	1.358042
18264	-77.45309	-238.9991	161.546	0.01901687	0.406281	0.65419	0.34581	2.350153
18270	-76.93285	-238.3947	161.4618	0.1044539	0.3950226	0.666845	0.333155	2.363108
18276	-66.40775	-228.6314	162.2236	0.2598626	0.3950226	0.776372	0.223628	1.756066
18282	-61.57348	-223.5764	162.003	0.04437939	0.2783786	0.548961	0.451039	2.217473
18288	-66.6048	-229.4809	162.8761	0.02236605	0.2511726	0.649804	0.350196	1.690568
18294	-68.28227	-230.1047	161.8224	0.08214064	0.3525628	0.683986	0.316014	2.201353
18300	-73.48419	-234.1458	160.6616	0.06255257	0.5130334	0.608176	0.391824	2.756533
18306	-71.52826	-233.4796	161.9513	0.854771	0.4178031	0.675531	0.324469	1.491347
18312	-72.00362	-233.2546	161.251	0.6131008	0.694563	0.285145	0.714855	1.857198
18318	-69.5226	-231.6387	162.1161	0.683963	0.2438176	0.752328	0.247672	1.773373
18324	-61.84945	-224.2507	162.4012	0.2623377	0.220197	0.581117	0.418883	1.911423
18330	-62.58282	-225.1937	162.6109	0.2371227	0.1603855	0.640055	0.359945	1.911423
18336	-68.90174	-231.0054	162.1037	0.222223	0.3608884	0.49986	0.50014	1.911423
18342	-85.42642	-247.2308	161.8044	0.05185013	0.2181144	0.343379	0.656621	2.440151
18348	-72.92588	-233.9221	160.9962	0.04786611	0.3580362	0.351514	0.648486	2.734312
18354	-76.3442	-236.7948	160.4506	0.1572994	0.4101584	0.813785	0.186215	2.936359
18360	-81.81134	-242.2986	160.4873	0.1997723	0.7657573	0.709869	0.290131	2.561566
18366	-74.9173	-235.2532	160.3359	0.08426581	0.8291036	0.502061	0.497939	2.680137
18372	-77.72166	-239.5602	161.8385	0.02847383	0.4100023	0.621148	0.378852	2.151479
18378	-72.34577	-234.5018	162.156	0.05032813	0.2555687	0.367411	0.632589	2.151479
18384	-67.95976	-230.3885	162.4288	0.0993653	0.2555687	0.591718	0.408282	1.938456
18390	-67.78172	-228.9951	161.2134	0.08148646	0.2704872	0.645587	0.354413	2.702281
18396	-70.98246	-233.3306	162.3482	0.3822299	0.4950128	0.710177	0.289823	1.445486
18402	-72.58407	-234.9977	162.4136	0.8908739	0.1914221	0.56312	0.43688	1.518046
18408	-72.75626	-235.194	162.4377	0.3990948	0.4343445	0.715446	0.284554	1.444863
18414	-73.09014	-235.0496	161.9594	0.5325545	0.4363544	0.715446	0.284554	1.695409
18420	-78.66035	-240.6661	162.0058	0.7981222	0.2729547	0.23193	0.76807	1.718369
18426	-70.66034	-231.873	161.2127	0.576699	0.4712063	0.340454	0.659546	2.129974
18432	-69.84388	-232.3603	162.5164	0.2069221	0.2443738	0.383506	0.616494	1.825444
18438	-75.91405	-237.8477	161.9337	0.1199287	0.5911679	0.289052	0.710948	1.825444
18444	-84.55275	-245.8541	161.3013	0.600422	0.3418264	0.426984	0.573016	2.217874
18450	-75.04099	-236.1337	161.0927	0.509102	0.7677683	0.64536	0.35464	1.972219
18456	-77.22494	-239.1406	161.9157	0.509102	0.5544997	0.481859	0.518141	1.602187
18462	-80.25342	-240.973	160.7195	0.369512	0.5675128	0.479288	0.520712	2.478202
18468	-85.12018	-246.8329	161.7127	0.338145	0.352804	0.738168	0.261832	2.105776
18474	-74.28252	-235.0997	160.8172	1.353177	0.8716484	0.740818	0.259182	1.486197
18480	-80.89177	-240.9301	160.0384	0.6290818	0.6451426	0.658899	0.341101	2.670276
18486	-75.79316	-237.3594	161.5662	0.03694703	0.1791373	0.46008	0.53992	2.670276
18492	-76.21483	-237.1818	160.9669	0.03315644	0.574962	0.77855	0.22145	2.526783
18498	-78.60304	-241.8845	163.2815	0.04838608	0.278032	0.242087	0.757913	1.315581
18504	-74.24912	-235.3608	161.1117	0.1807865	0.5191327	0.60786	0.39214	2.397745
18510	-77.88486	-239.4092	161.5244	0.212197	0.3647765	0.895029	0.104971	2.293123
18516	-66.92114	-228.7228	161.8017	0.1420861	0.2726165	0.524725	0.475275	2.293123
18522	-74.50217	-236.2993	161.7972	0.4442703	0.2910453	0.524725	0.475275	2.070998
18528	-74.30704	-236.8505	162.5435	0.6686224	0.4491648	0.932707	0.0672926	1.113754
18534	-75.94388	-238.8725	162.9286	0.6435036	0.2175129	0.400601	0.599399	1.247641
18540	-73.04079	-234.0499	161.0091	0.1002964	0.4155049	0.6372	0.3628	2.624453
18546	-70.44781	-232.3331	161.8852	0.07713223	0.335929	0.663062	0.336938	2.186881
18552	-58.78919	-220.0523	161.2632	0.4480399	0.4658603	0.786704	0.213296	2.186881
18558	-73.76182	-234.7939	161.0321	0.6760923	0.6031611	0.59503	0.40497	2.046602
18564	-62.79071	-224.1803	161.3896	0.9115568	0.6031611	0.379735	0.620265	1.639106
18570	-73.37422	-235.4539	162.0797	0.4394974	0.4585638	0.656016	0.343984	1.647689
18576	-75.89374	-235.6961	159.8024	0.6823776	0.5833575	0.577553	0.422447	2.835911
18582	-68.43678	-229.7217	161.285	0.9429045	0.5833575	0.600326	0.399674	1.711995
18588	-75.28256	-237.4293	162.1467	0.8804103	0.1998783	0.618439	0.381561	1.700758
18594	-71.77796	-233.4191	161.6411	0.6712042	0.2930419	0.674215	0.325785	2.020967
18600	-63.46505	-225.6602	162.1951	0.24602	0.4550598	0.514278	0.485722	1.707693
18606	-79.06174	-240.9314	161.8696	0.722651	0.6365605	0.698842	0.301158	1.385892
18612	-71.23482	-232.6017	161.3668	0.3309204	0.2210893	0.771464	0.228536	2.534051
18618	-76.85613	-237.656	160.7999	0.2574689	0.4732429	0.414954	0.585046	2.592503
18624	-85.66168	-246.335	160.6733	0.07887421	0.5634394	0.380872	0.619128	2.690884
18630	-82.74994	-243.1745	160.4245	0.03032022	0.7846266	0.523068	0.476932	2.690884
18636	-82.11084	-243.172	161.0611	0.039982	0.2785674	0.699675	0.300325	2.808489
18642	-70.55219	-232.7277	162.1755	0.7062154	0.366109	0.445607	0.554393	1.510423
18648	-85.06996	-246.2771	161.2072	0.08508045	0.8573927	0.549633	0.450367	2.10796
18654	-72.88982	-233.8255	160.9357	0.1757057	0.4391056	0.449061	0.550939	2.59631
18660	-75.9923	-239.0439	163.0516	0.7891725	0.2492481	0.449061	0.550939	0.9149981
18666	-74.59328	-237.4699	162.8766	0.9568228	0.2264652	0.776213	0.223787	0.9874873
18672	-78.32316	-241.0464	162.7233	1.040629	0.2240438	0.542504	0.457496	1.061994
18678	-81.7269	-240.9668	159.2399	0.1507642	0.4465391	0.251314	0.748686	3.615563
18684	-69.69715	-232.4413	162.7442	1.183859	0.2138434	0.197137	0.802863	0.9257206
18690	-96.38236	-257.1171	160.7348	0.3958224	0.4678057	0.530794	0.469206	2.55288
18696	-78.78994	-240.9908	162.2008	0.5341383	0.3180466	0.914272	0.0857275	1.692011
18702	-75.86666	-237.3238	161.4571	0.06977998	0.4297374	0.487245	0.512755	2.346499
18708	-73.09108	-233.9956	160.9045	0.07448775	0.5263513	0.706777	0.293223	2.586603
18714	-75.42081	-235.6916	160.2707	0.16187	0.5476435	0.408868	0.591132	2.900278
18720	-72.66679	-234.1729	161.5061	0.4746331	0.5233601	0.32934	0.67066	1.945757
18726	-70.91885	-233.3954	162.4766	0.4632551	0.285421	0.531983	0.468017	1.599272
18732	-72.59403	-234.0739	161.4798	0.2448905	0.2794592	0.601966	0.398034	2.421465
18738	-80.10671	-241.241	161.1342	0.3582509	0.3855691	0.729009	0.270991	2.421465
18744	-81.28996	-242.2656	160.9757	0.1783094	0.8684037	0.607899	0.392101	2.190045
18750	-74.99983	-236.6062	161.6064	0.06703752	0.4850605	0.67452	0.32548	2.190045
18756	-84.17305	-245.2068	161.0337	0.02535583	0.4850605	0.782764	0.217236	2.578952
18762	-80.41793	-241.4999	161.082	0.7206669	0.489459	0.822293	0.177707	2.100999
18768	-77.68695	-239.1932	161.5062	0.02982489	0.3959218	0.316934	0.683066	2.381152
18774	-76.45581	-236.7493	160.2935	0.05923148	0.3959218	0.630744	0.369256	3.105638
18780	-82.9093	-244.3143	161.405	1.103287	0.9339653	0.487369	0.512631	1.159518
18786	-84.92703	-246.6999	161.7728	1.34813	0.6891826	0.459252	0.540748	0.8289615
18792	-73.88363	-236.3176	162.434	0.07751874	0.3403972	0.460888	0.539112	1.814051
18798	-71.33062	-232.6047	161.2741	0.2153604	0.4694873	0.452096	0.547904	2.325288
18804	-78.17172	-238.2091	160.0373	0.02585562	0.5443459	0.783712	0.216288	3.124845
18810	-76.05225	-237.641	161.5888	0.05910599	0.5496833	0.71481	0.28519	2.138774
18816	-71.95922	-234.5288	162.5696	0.3084895	0.515402	0.522694	0.477306	1.303044
18822	-74.98181	-235.9267	160.9449	0.06196567	0.315649	0.822884	0.177116	2.812925
18828	-78.51892	-238.8828	160.3639	0.01968212	0.6358754	0.767595	0.232405	2.851475
18834	-86.51711	-246.9914	160.4743	0.1772702	0.3832541	0.360024	0.639976	2.941475
18840	-88.93422	-249.2108	160.2766	0.7747384	1.294124	0.398126	0.601874	1.991473
18846	-73.04945	-234.8802	161.8308	0.3027149	0.4436973	0.400412	0.599588	1.933801
18852	-74.1858	-236.0869	161.9011	0.4213171	0.9685167	0.669312	0.330688	1.286448
18858	-74.89405	-237.3173	162.4233	1.292856	0.4010698	0.391099	0.608901	0.5798726
18864	-80.6792	-242.6342	161.955	1.634783	0.4768741	0.4217	0.5783	0.5175957
18870	-77.00302	-238.9492	161.9461	1.634783	0.4768741	0.732672	0.267328	0.4344041
18876	-76.70778	-238.0559	161.3482	1.634783	0.8324897	0.401044	0.598956	0.2972097
18882	-84.74173	-246.3505	161.6088	1.634783	0.7027957	0.721947	0.278053	0.4264687
18888	-76.13159	-237.8235	161.6919	1.634783	0.6427635	0.385294	0.614706	0.4348766
18894	-70.29017	-231.076	160.7858	1.698538	1.50377	0.469502	0.530498	0.4504122
18900	-71.89436	-234.2394	162.3451	1.370313	0.4022134	0.338171	0.661829	0.5744531
18906	-79.29346	-241.4973	162.2038	1.511626	0.4021928	0.623758	0.376242	0.5744531
18912	-76.05237	-238.3276	162.2752	1.511626	0.3642039	0.762572	0.237428	0.4206355
18918	-76.53411	-237.9074	161.3733	1.401525	0.9914413	0.74538	0.25462	0.8286754
18924	-66.61607	-227.1966	160.5806	1.599747	1.852484	0.721105	0.278895	0.7178854
18930	-59.2686	-221.3273	162.0587	1.363801	0.540554	0.420768	0.579232	0.7003493
18936	-67.92327	-229.3765	161.4533	1.58685	0.8834805	0.70068	0.29932	0.4884584
18942	-64.90717	-226.0163	161.1091	1.503142	0.9305322	0.579043	0.420957	1.068406
18948	-68.92853	-230.5244	161.5958	1.503142	0.7662284	0.503725	0.496275	0.7224282
18954	-75.24566	-236.6536	161.4079	1.747758	0.7662284	0.749102	0.250898	0.4062359
18960	-68.01637	-230.3462	162.3299	1.747758	0.1804591	0.623085	0.376915	0.2533452
18966	-71.35694	-232.6642	161.3072	1.877157	0.7527852	0.712167	0.287833	0.4396591
18972	-74.51085	-234.6845	160.1737	1.762266	2.370741	0.725587	0.274413	0.6231169
18978	-83.63786	-245.5349	161.897	1.596885	0.4159711	0.671069	0.328931	0.8923695
18984	-77.64405	-237.681	160.0369	1.708872	2.502863	0.742484	0.257516	0.8259435
18990	-77.57214	-239.3201	161.7479	1.814653	0.320444	0.493689	0.506311	0.1948796
18996	-76.67913	-238.6473	161.9681	1.814653	0.3098077	0.192809	0.807191	0.2825981
19002	-71.37661	-232.9629	161.5863	1.814653	0.49486	0.566302	0.433698	0.2683177
19008	-72.7666	-234.7109	161.9443	1.814653	0.3100567	0.454472	0.545528	0.2683177
19014	-73.80709	-236.2424	162.4353	0.7734584	0.2215249	0.671905	0.328095	1.523555
19020	-75.9789	-238.6691	162.6902	1.046548	0.2215249	0.462643	0.537357	1.09389
19026	-80.06933	-241.0985	161.0292	1.253634	1.403556	0.697663	0.302337	0.9750584
19032	-75.09003	-235.0125	159.9224	2.098458	2.173031	0.671513	0.328487	0.3631531
19038	-82.27475	-244.2554	161.9806	1.873115	0.3389346	0.735224	0.264776	0.4885664
19044	-79.9777	-242.4863	162.5086	1.413959	0.2977153	0.641922	0.358078	0.6174888
19050	-79.67126	-241.289	161.6178	1.796502	0.5700596	0.427033	0.572967	0.3932364
19056	-88.08238	-250.0361	161.9538	1.814574	0.3802589	0.634455	0.365545	0.4926155
19062	-76.62593	-238.5336	161.9076	1.243141	0.7584083	0.923949	0.0760514	0.6433417
19068	-74.89069	-237.3094	162.4187	0.9987957	0.4687138	0.666039	0.333961	0.8709395
19074	-77.34056	-239.6865	162.3459	1.355244	0.4094336	0.479836	0.520164	0.5760884
19080	-78.93111	-241.4822	162.551	1.162886	0.3725608	0.431347	0.568653	0.7110609
19086	-77.8523	-240.6294	162.7771	0.8915054	0.2024299	0.472386	0.527614	1.203129
19092	-89.48086	-252.25	162.7692	1.225381	0.2240081	0.823479	0.176521	0.8133535
19098	-81.19103	-243.7738	162.5828	1.290765	0.3101804	0.397246	0.602754	0.6637201
19104	-87.0046	-249.422	162.4174	1.290765	0.3108767	0.440966	0.559034	0.8952564
19110	-89.17528	-251.921	162.7457	1.590258	0.1585747	0.75606	0.24394	0.5044082
19116	-83.90591	-245.9392	162.0333	1.541568	0.4825598	0.515262	0.484738	0.4480266
19122	-85.45167	-247.0903	161.6386	1.541568	0.7488363	0.459564	0.540436	0.5978919
19128	-80.31649	-242.6864	162.3699	1.541568	0.3128911	0.59761	0.40239	0.4955997
19134	-87.44659	-249.8722	162.4256	0.5862021	0.3416956	0.565042	0.434958	1.450768
19140	-73.86001	-235.9464	162.0864	0.5082507	0.41288	0.687261	0.312739	1.653234
19146	-71.628	-232.8744	161.2464	0.1999199	0.5861332	0.257917	0.742083	2.23372
19152	-74.91347	-237.5469	162.6335	0.2414521	0.1692232	0.705334	0.294666	1.873134
19158	-77.89613	-239.8311	161.935	0.4967874	0.3374226	0.282674	0.717326	1.873134
19164	-87.86949	-250.1225	162.253	0.7707963	0.3374226	0.500768	0.499232	1.448615
19170	-88.03291	-249.1891	161.1562	1.270923	0.9811938	0.541252	0.458748	1.187728
19176	-83.50418	-244.9438	161.4396	1.210995	0.9690322	0.511415	0.488585	0.9922693
19182	-71.71942	-233.8919	162.1725	1.143277	0.5730052	0.843067	0.156933	0.7875221
19188	-76.02437	-236.9721	160.9477	0.6158684	0.819236	0.489962	0.510038	1.956853
19194	-77.34183	-237.5831	160.2413	0.2664321	0.8002691	0.330463	0.669537	2.646928
19200	-80.19891	-241.2438	161.0449	0.3112676	0.2821853	0.708831	0.291169	2.646928
19206	-74.87405	-237.4661	162.592	0.387642	0.1095636	0.314615	0.685385	1.949845
19212	-68.446	-230.0753	161.6293	0.6254401	0.2090547	0.546105	0.453895	2.2027
19218	-75.87009	-238.7202	162.8501	0.3631669	0.1653555	0.471442	0.528558	1.645621
19224	-70.5984	-232.5716	161.9732	0.1435405	0.3110495	0.581625	0.418375	2.122347
19230	-63.00327	-224.7725	161.7693	0.6395482	0.3450026	0.540745	0.459255	1.877711
19236	-79.3125	-242.0338	162.7213	0.18556	0.4189902	0.739706	0.260294	1.412756
19242	-77.6428	-239.3692	161.7264	0.6892828	0.6017562	0.544545	0.455455	1.55723
19248	-86.19112	-248.1627	161.9716	0.4013752	0.4641343	0.726569	0.273431	1.744514
19254	-79.68636	-242.5823	162.8959	0.8515323	0.2584801	0.616172	0.383828	0.98818
19260	-78.81522	-240.1846	161.3694	1.361773	1.088528	0.524745	0.475255	0.7603814
19266	-79.43627	-241.9954	162.5591	1.361773	0.2858912	0.870427	0.129573	0.6821622
19272	-81.3201	-242.9611	161.641	0.8577696	0.7278876	0.403449	0.596551	1.364126
19278	-71.45699	-234.0461	162.5891	0.8591594	0.4498288	0.546935	0.453065	0.8736665
19284	-81.03796	-244.3929	163.3549	1.294339	0.07215287	0.423019	0.576981	0.6423528
19290	-67.31478	-229.457	162.1422	0.6252479	0.6113302	0.728283	0.271717	1.27406
19296	-69.78446	-232.8069	163.0224	0.6788395	0.1651185	0.445912	0.554088	1.27406
19302	-78.23754	-240.834	162.5965	0.7720135	0.4541173	0.482632	0.517368	0.9534468
19308	-80.59323	-241.918	161.3248	0.1333164	0.2589813	0.904525	0.095475	2.619672
19314	-66.77865	-227.5821	160.8034	0.1544328	0.3695639	0.584565	0.415435	2.772506
19320	-71.32713	-233.2564	161.9293	0.05878056	0.3695639	0.673084	0.326916	2.124225
19326	-71.05184	-231.7661	160.7143	0.05983869	0.4315532	0.651129	0.348871	2.811636
19332	-72.63736	-233.7188	161.0815	0.1856039	0.2741832	0.884444	0.115556	2.713737
19338	-72.39948	-234.1878	161.7883	0.2861382	0.4364714	0.343964	0.656036	1.982218
19344	-71.71811	-233.736	162.0179	1.024147	0.6269547	0.652421	0.347579	1.009093
19350	-58.65755	-220.7456	162.0881	0.9739574	0.3314098	0.733524	0.266476	1.42932
19356	-60.69689	-223.009	162.3121	0.751986	0.3304951	0.429223	0.570777	1.42932
19362	-80.99387	-241.9379	160.944	0.3066613	0.1987505	0.360424	0.639576	2.848535
19368	-76.05461	-237.8991	161.8445	0.3502598	0.2230363	0.527902	0.472098	2.215667
19374	-76.84769	-237.8154	160.9677	0.2897455	0.3948585	0.608934	0.391066	2.557133
19380	-77.09268	-238.0055	160.9129	0.1319285	0.3631668	0.35191	0.64809	2.727376
19386	-84.10005	-245.1442	161.0442	0.1499417	0.4502238	0.645647	0.354353	2.53252
19392	-78.35924	-239.4582	161.099	0.3069571	0.4466483	0.4687	0.5313	2.403722
19398	-74.66191	-236.8091	162.1472	0.6759495	0.4080457	0.699654	0.300346	1.49233
19404	-78.26478	-239.9947	161.7299	0.3393425	0.4723368	0.517252	0.482748	1.943173
19410	-78.62243	-240.6058	161.9834	0.2753707	0.3707094	0.296982	0.703018	1.943173
19416	-78.16181	-240.6933	162.5315	0.847798	0.2137531	0.556632	0.443368	1.410901
19422	-73.22335	-234.5339	161.3105	0.4829392	0.4678696	0.826856	0.173144	2.13109
19428	-75.56328	-237.4844	161.9212	1.033978	0.3832454	0.369212	0.630788	1.428603
19434	-68.63182	-231.1502	162.5183	0.5615506	0.3631481	0.705321	0.294679	1.363024
19440	-87.10625	-247.261	160.1547	0.430203	0.5288906	0.752874	0.247126	2.825857
19446	-90.25005	-249.4873	159.2373	0.384775	0.4013099	0.84048	0.15952	3.529783
19452	-74.68866	-235.9305	161.2419	0.3615914	0.3874649	0.394607	0.605393	2.348894
19458	-70.91607	-231.8317	160.9157	0.09600004	0.3158719	0.579078	0.420922	2.809688
19464	-64.73018	-226.9807	162.2505	0.5145567	0.5237457	0.580203	0.419797	1.382365
19470	-66.28331	-228.4046	162.1213	0.4032058	0.3422012	0.580203	0.419797	1.802417
19476	-76.14148	-238.3838	162.2423	0.4832682	0.5414898	0.402753	0.597247	1.391284
19482	-72.34243	-232.9219	160.5795	0.04480277	0.3961452	0.344464	0.655536	2.942704
19488	-72.63371	-233.7242	161.0905	0.2499609	0.3697784	0.64714	0.35286	2.536492
19494	-79.44338	-240.5956	161.1522	0.3520444	0.2622655	0.369496	0.630504	2.585957
19500	-73.56026	-234.7121	161.1519	0.5345548	0.3019715	0.664989	0.335011	2.411857
19506	-88.35197	-250.4489	162.097	0.4227598	0.5859202	0.486827	0.513173	1.497105
19512	-84.35227	-245.6879	161.3356	1.072737	0.7106387	0.829014	0.170986	1.451353
19518	-78.32974	-240.3253	161.9956	1.072737	0.6101692	0.524876	0.475124	1.006741
19524	-73.04077	-235.3955	162.3547	0.7335485	0.1575351	0.720817	0.279183	1.75287
19530	-74.59366	-236.3518	161.7581	0.7707693	0.6867743	0.920732	0.0792676	1.382234
19536	-75.1043	-235.2139	160.1096	0.7707693	1.297601	0.633728	0.366272	2.102682
19542	-68.89504	-230.884	161.989	0.6349355	0.5278435	0.894614	0.105386	1.48575
19548	-81.33909	-242.1428	160.8037	1.074898	1.166934	0.806934	0.193066	1.48575
19554	-77.07346	-239.235	162.1616	0.5165549	0.3017414	0.439232	0.560768	1.758242
19560	-75.15973	-237.243	162.0833	0.2098094	0.2529583	0.414632	0.585368	2.09918
19566	-81.25261	-242.2863	161.0337	0.347079	0.2529583	0.822161	0.177839	2.676919
19572	-87.94822	-249.249	161.3007	0.584118	0.4006028	0.937414	0.0625857	2.151522
19578	-69.55731	-230.2276	160.6703	0.1094477	0.4667792	0.639582	0.360418	2.769993
19584	-78.1919	-239.9878	161.7959	0.1304355	0.3294805	0.671782	0.328218	2.219294
19590	-77.9048	-240.3308	162.426	0.5553789	0.175663	0.265853	0.734147	1.785488
19596	-78.09189	-240.4415	162.3496	0.5613022	0.4021123	0.899564	0.100436	1.434308
19602	-78.27758	-240.2633	161.9858	0.2031883	0.6331385	0.442504	0.557496	1.688782
19608	-64.02937	-226.6672	162.6378	0.2511834	0.3753889	0.743012	0.256988	1.490869
19614	-70.55023	-230.2548	159.7046	0.315854	0.5444732	0.606656	0.393344	3.150131
19620	-78.68027	-240.4713	161.791	0.8617127	0.708579	0.623477	0.376523	1.259684
19626	-91.06958	-251.4873	160.4177	1.361197	2.093206	0.47037	0.52963	1.02539
19632	-80.43166	-242.1037	161.6721	0.4829612	0.2963067	0.621253	0.378747	2.119569
19638	-75.01963	-237.8469	162.8273	0.8582333	0.2506425	0.32134	0.67866	1.068199
19644	-85.64664	-248.4959	162.8493	0.9733251	0.2135723	0.882345	0.117655	1.034269
19650	-83.14898	-245.9194	162.7704	0.9820484	0.3676336	0.779132	0.220868	0.6581714
19656	-85.31156	-247.8407	162.5291	1.083171	0.1459055	0.558619	0.441381	1.397979
19662	-71.36986	-232.8411	161.4712	0.8352496	0.7351357	0.76808	0.23192	1.504824
19668	-79.04139	-241.3878	162.3464	0.904296	0.2082672	0.659384	0.340616	1.520611
19674	-84.36357	-246.1801	161.8165	0.8332267	0.7861067	0.531355	0.468645	1.180657
19680	-78.55615	-240.2594	161.7032	0.9544807	0.3781399	0.619799	0.380201	1.65636
19686	-75.89392	-236.4197	160.5258	0.6081257	0.7477496	0.610803	0.389197	2.294058
19692	-75.77901	-237.1583	161.3792	0.435737	0.5306068	0.514967	0.485033	2.048642
19698	-83.50557	-244.749	161.2434	0.1334907	0.862259	0.423256	0.576744	2.048642
19704	-81.92856	-242.3891	160.4605	0.1895156	0.2235651	0.25195	0.74805	3.165732
19710	-85.85959	-247.0075	161.1479	0.01949463	0.7494563	0.600884	0.399116	2.27127
19716	-80.7989	-241.963	161.1641	0.2168299	0.6444122	0.394936	0.605064	2.222225
19722	-77.08038	-239.6418	162.5614	0.5746755	0.2268862	0.458468	0.541532	1.566174
19728	-75.21753	-236.8995	161.682	0.1436724	0.3230787	0.710325	0.289675	2.293036
19734	-79.10829	-240.3993	161.2911	0.2954386	0.2596549	0.710325	0.289675	2.538973
19740	-84.55813	-245.0357	160.4776	0.7202824	0.8455793	0.795207	0.204793	2.178212
19746	-87.19894	-247.3887	160.1897	0.6414022	0.3071228	0.222504	0.777496	2.931037
19752	-93.12075	-252.2244	159.1037	0.1460053	0.7590557	0.650474	0.349526	3.430366
19758	-87.35854	-248.3019	160.9433	0.7442032	0.4774391	0.722463	0.277537	2.18929
19764	-84.23311	-245.3397	161.1065	0.2424802	0.5638921	0.396775	0.603225	2.317426
19770	-73.84911	-235.9542	162.1051	0.3655172	0.3210344	0.909917	0.0900827	1.871167
19776	-78.93885	-239.3426	160.4038	0.2139511	0.4110916	0.558563	0.441437	2.929383
19782	-71.00993	-232.4406	161.4307	0.141305	0.385357	0.353097	0.646903	2.371483
19788	-73.18319	-235.8927	162.7095	0.2445127	0.2067319	0.56667	0.43333	1.738001
19794	-76.44223	-238.3186	161.8764	0.40227	0.5263231	0.639125	0.360875	1.738001
19800	-71.70336	-232.3286	160.6252	0.5372153	0.5263231	0.710916	0.289084	2.472329
19806	-71.27497	-233.4976	162.2226	0.8250512	0.3981798	0.563974	0.436026	1.333145
19812	-85.99344	-247.3019	161.3085	0.6309179	0.4591015	0.570425	0.429575	2.045176
19818	-97.79562	-259.492	161.6964	0.8221887	0.4158002	0.171346	0.828654	1.703459
19824	-83.28213	-244.4542	161.1721	0.2518433	1.017382	0.775771	0.224229	1.908297
19830	-75.6279	-237.6541	162.0262	1.086122	0.5409082	0.468002	0.531998	1.064533
19836	-78.90072	-241.6251	162.7244	0.7998657	0.3433736	0.79933	0.20067	1.01331
19842	-82.19442	-243.9725	161.7781	0.7374169	0.4154615	0.646279	0.353721	1.706065
19848	-77.65377	-238.5406	160.8868	0.6220083	0.2703792	0.837357	0.162643	2.570456
19854	-75.48562	-237.4307	161.9451	0.3451779	0.4890127	0.529414	0.470586	1.772578
19860	-70.30569	-232.714	162.4083	0.3443772	0.2625231	0.530824	0.469176	1.772578
19866	-74.25305	-236.2768	162.0238	0.4113141	0.3342711	0.517253	0.482747	1.875535
19872	-75.43295	-237.4013	161.9684	0.1951257	0.4756215	0.631118	0.368882	1.875535
19878	-76.59512	-238.6447	162.0495	0.1951257	0.3301711	0.306003	0.693997	2.009783
19884	-68.28859	-230.8037	162.5151	0.4628852	0.2235351	0.880318	0.119682	1.687116
19890	-66.6427	-229.186	162.5433	0.6697539	0.2708127	0.880318	0.119682	1.421712
19896	-68.67566	-230.6545	161.9788	0.6248696	0.2121969	0.621359	0.378641	1.967145
19902	-82.32682	-244.5753	162.2485	0.5692188	0.2107646	0.649215	0.350785	1.82461
19908	-76.92135	-238.9947	162.0734	0.9219268	0.6609341	0.488042	0.511958	1.00886
19914	-84.00877	-244.8206	160.8118	0.6611588	0.9783441	0.327436	0.672564	1.901557
19920	-77.51416	-239.0983	161.5841	1.250178	0.5588867	0.308566	0.691434	1.282952
19926	-83.06114	-244.6119	161.5507	1.250178	0.547691	0.758806	0.241194	1.324043
19932	-77.17668	-239.2472	162.0705	1.152115	0.4304631	0.273712	0.726288	1.134654
19938	-70.6024	-232.849	162.2466	0.5339758	0.316631	0.543352	0.456648	1.66179
19944	-74.48554	-236.4106	161.9251	0.6760061	0.4221468	0.310371	0.689629	1.636122
19950	-79.84836	-241.2989	161.4505	0.4924075	0.5533494	0.622205	0.377795	1.939523
19956	-80.72366	-242.5848	161.8611	0.6527336	0.6418555	0.622205	0.377795	1.440895
19962	-88.85164	-249.6386	160.787	0.1951362	0.4381999	0.420982	0.579018	2.677057
19968	-88.20661	-250.1734	161.9668	0.1843115	0.2507849	0.589826	0.410174	2.195397
19974	-87.16613	-248.899	161.7329	0.2102982	0.5090631	0.584429	0.415571	1.986455
19980	-81.26498	-242.9158	161.6508	1.052135	0.527257	0.777217	0.222783	1.426265
19986	-76.80094	-239.5363	162.7354	0.8482075	0.2533705	0.368871	0.631129	1.154441
19992	-73.38374	-235.9912	162.6074	1.130819	0.3436919	0.597163	0.402837	0.7662359
19998	-71.84319	-234.1878	162.3446	1.130819	0.4823644	0.332515	0.667485	0.7662359
20004	-70.35249	-233.195	162.8425	0.7060795	0.2289131	0.526908	0.473092	1.240632
20010	-83.55517	-245.3195	161.7643	0.8651738	0.3946458	0.296459	0.703541	1.653246
20016	-91.72115	-253.5765	161.8553	0.492827	0.3946458	0.726225	0.273775	1.850203
20022	-81.38154	-242.3075	160.926	0.4117144	0.7062525	0.385314	0.614686	2.196762
20028	-89.33889	-251.3734	162.0346	0.03242999	0.4666404	0.862257	0.137743	1.951327
20034	-78.02125	-239.566	161.5447	0.2007627	0.4623686	0.728363	0.271637	2.168586
20040	-81.51289	-243.828	162.3151	0.03215936	0.5432535	0.690257	0.309743	1.670563
20046	-79.17561	-242.3764	163.2008	0.003254901	0.3018756	0.458265	0.541735	1.370573
20052	-84.39249	-245.1016	160.7091	0.01171676	0.3139545	0.604798	0.395202	2.988068
20058	-76.63803	-239.2276	162.5896	0.00697488	0.4852557	0.400261	0.599739	1.558074
20064	-84.24519	-246.5054	162.2602	0.01867616	0.5792738	0.315322	0.684678	1.680115
20070	-83.44494	-243.612	160.1671	0.04564412	0.5887494	0.756615	0.243385	2.995265
20076	-83.95966	-246.1569	162.1973	0.2026989	0.3216539	0.61249	0.38751	1.918229
20082	-82.28522	-244.2464	161.9612	0.4091277	0.2993522	0.434219	0.565781	1.972368
20088	-81.69423	-243.6611	161.9669	0.6554879	0.5924351	0.379104	0.620896	1.411581
20094	-77.01242	-239.9609	162.9485	0.3465856	0.1486424	0.530809	0.469191	1.627894
20100	-83.81941	-246.7782	162.9588	0.5831254	0.1831251	0.376426	0.623574	1.355614
20106	-85.50167	-247.5935	162.0918	0.7722821	0.3166212	0.503767	0.496233	1.601587
20112	-80.02139	-242.5836	162.5622	0.8966131	0.2376848	0.445419	0.554581	1.294971
20118	-92.91738	-255.5328	162.6154	0.9976462	0.2255626	0.533228	0.466772	1.193818
20124	-79.08739	-240.7827	161.6953	0.9551204	0.4873271	0.519058	0.480942	1.515594
20130	-80.07862	-242.8761	162.7975	1.264305	0.1917195	0.387517	0.612483	0.8475347
20136	-85.25272	-247.6902	162.4375	1.01389	0.3979907	0.513715	0.486285	0.9750951
20142	-87.16059	-248.3326	161.172	0.9099551	1.375935	0.513715	0.486285	1.182814
20148	-87.40763	-248.1847	160.7771	1.006333	1.762629	0.430332	0.569668	1.202971
20154	-76.70076	-239.0918	162.3911	0.6957778	0.2981263	0.437187	0.562813	1.467806
20160	-73.63048	-235.7411	162.1107	1.292174	0.5006854	0.514892	0.485108	0.822857
20166	-75.89575	-238.8261	162.9303	1.292174	0.1487563	0.611443	0.388557	0.822857
20172	-73.56652	-235.7025	162.136	1.149903	0.6340026	0.535649	0.464351	0.697746
20178	-82.62902	-244.5186	161.8896	1.271267	0.6600437	0.43894	0.56106	0.8277592
20184	-72.52007	-234.8335	162.3135	1.271267	0.4784006	0.740795	0.259205	0.5398723
20190	-77.82848	-237.8628	160.0343	0.1785424	0.5541491	0.22987	0.77013	3.026421
20196	-85.9791	-247.6401	161.661	0.2876336	0.3961621	0.0940324	0.905968	2.115484
20202	-69.85932	-232.096	162.2367	1.687742	0.2414828	0.644621	0.355379	0.2663455
20208	-72.00942	-234.0855	162.0761	1.193879	0.6895333	0.869305	0.130695	0.5388306
20214	-77.53519	-239.2424	161.7072	0.4263641	0.4770137	0.597769	0.402231	1.894272
20220	-75.95662	-238.5954	162.6387	1.193879	0.2953406	0.551329	0.448671	0.7857549
20226	-69.37183	-231.8297	162.4579	1.193879	0.414983	0.471376	0.528624	0.6741835
20232	-71.69477	-232.7146	161.0198	0.7579018	0.412207	0.319054	0.680946	2.206696
20238	-64.66408	-227.0788	162.4147	0.323368	0.4240066	0.738585	0.261415	1.533506
20244	-69.23154	-231.9031	162.6715	0.4051065	0.2662057	0.504769	0.495231	1.533506
20250	-69.66741	-231.9319	162.2645	0.5029374	0.3043128	0.646988	0.353012	1.691157
20256	-86.13833	-248.0623	161.924	0.9544969	0.2334299	0.714022	0.285978	1.738069
20262	-71.16482	-232.8634	161.6985	0.5579724	0.559044	0.436498	0.563502	1.71762
20268	-83.42944	-246.8196	163.3902	0.7974967	0.11559	0.687167	0.312833	0.9996068
20274	-75.37724	-237.9535	162.5763	1.181658	0.288504	0.646705	0.353295	0.89789
20280	-66.5898	-229.3083	162.7185	1.181658	0.2252363	0.821513	0.178487	0.9209561
20286	-72.49006	-234.8977	162.4077	1.181658	0.3547739	0.328062	0.671938	0.9209561
20292	-69.20788	-230.8331	161.6252	1.181658	1.096558	0.509478	0.490522	0.6019197
20298	-72.21653	-233.2368	161.0203	1.589367	1.264064	0.509478	0.490522	0.7069318
20304	-64.88143	-226.4058	161.5244	1.457701	0.7818798	0.45873	0.54127	0.8565344
20310	-63.91441	-225.3266	161.4122	1.457701	0.9920271	0.499437	0.500563	0.6874293
20316	-67.86904	-229.0304	161.1614	1.457701	1.26603	0.694108	0.305892	0.6874293
20322	-67.2149	-227.6039	160.389	1.457701	1.954405	0.731347	0.268653	1.037912
20328	-66.53958	-226.8215	160.2819	1.391629	1.339273	0.706547	0.293453	1.530341
20334	-72.86996	-232.3769	159.5069	0.91948	2.514499	0.530272	0.469728	1.899105
20340	-74.07507	-234.2003	160.1252	1.23437	2.287795	0.258326	0.741674	1.30093
20346	-77.19615	-238.3268	161.1307	1.365085	1.075919	0.608942	0.391058	1.041139
20352	-86.56985	-248.288	161.7182	1.283421	0.6782121	0.259542	0.740458	0.9792079
20358	-78.98632	-237.9599	158.9736	1.663226	3.737509	0.718687	0.281313	1.380892
20364	-65.56107	-227.3891	161.8281	0.09454997	0.3271866	0.7654	0.2346	2.224929
20370	-71.5974	-232.8184	161.221	0.683133	0.6650263	0.631745	0.368255	1.856664
20376	-61.24131	-223.2982	162.0569	0.06972648	0.3062313	0.611064	0.388936	2.12309
20382	-69.04191	-230.463	161.4211	0.028205	0.3062313	0.564008	0.435992	2.55415
20388	-70.71201	-232.2119	161.4998	0.01107998	0.2369919	0.496267	0.503733	2.622736
20394	-74.02497	-236.7872	162.7622	0.008026027	0.1635235	0.798549	0.201451	1.956756
20400	-70.57822	-232.2266	161.6484	0.003391484	0.348775	0.375037	0.624963	2.368291
20406	-64.26358	-226.242	161.9785	0.007593286	0.1689728	0.559981	0.440019	2.452785
20412	-82.167	-243.6529	161.4859	1.53841	0.8155691	0.64408	0.35592	0.7473034
20418	-83.54658	-245.4632	161.9166	1.53841	0.538927	0.703538	0.296462	0.6414854
20424	-89.43091	-251.0937	161.6628	0.04195179	0.5586287	0.740353	0.259647	2.092535
20430	-78.90297	-239.6052	160.7022	0.05154365	0.4647287	0.541348	0.458652	2.787994
20436	-74.40183	-235.4434	161.0416	0.1954984	0.9281455	0.299626	0.700374	2.093613
20442	-76.32911	-237.3216	160.9925	0.2562858	0.3596854	0.449675	0.550325	2.606232
20448	-72.75955	-235.6067	162.8471	0.07167501	0.3769327	0.807188	0.192812	1.465982
20454	-88.9915	-249.8824	160.8909	1.457316	1.443631	0.618877	0.381123	0.8701186
20460	-76.19031	-238.2781	162.0878	0.03878063	0.3432344	0.769358	0.230642	2.06931
20466	-66.92134	-228.8745	161.9532	0.3318241	0.4453226	0.784475	0.215525	1.828632
20472	-76.51131	-238.2129	161.7016	0.1517819	0.3246341	0.392049	0.607951	2.27307
20478	-73.0256	-234.6921	161.6665	0.4148945	0.5834063	0.565052	0.434948	1.814206
20484	-80.03899	-240.509	160.47	0.9832648	1.145744	0.659546	0.340454	1.805329
20490	-80.05219	-242.7834	162.7312	0.7970155	0.3017463	0.492369	0.507631	1.097541
20496	-77.69839	-240.1623	162.4639	0.7970155	0.3489744	0.559371	0.440629	1.239979
20502	-70.55943	-232.7003	162.1409	0.8599831	0.324427	0.675698	0.324302	1.487541
20508	-83.78635	-245.9699	162.1836	1.434971	0.315065	0.53406	0.46594	0.9810444
20514	-90.51559	-252.2882	161.7726	0.8532275	0.4510225	0.732046	0.267954	1.580113
20520	-85.79688	-246.3071	160.5102	1.463269	1.250973	0.469825	0.530175	1.356324
20526	-79.34299	-240.1919	160.8489	0.8891014	1.395296	0.370357	0.629643	1.448551
20532	-75.19504	-236.5705	161.3754	1.13232	0.4282345	0.346715	0.653285	1.694776
20538	-69.10476	-230.3619	161.2572	0.5957193	0.4878056	0.57077	0.42923	2.069762
20544	-66.40139	-227.5529	161.1515	0.698232	0.5332702	0.844158	0.155842	2.022782
20550	-67.85006	-229.3904	161.5403	0.7130315	0.4980583	0.886893	0.113107	1.787734
20556	-76.24131	-238.8302	162.5889	1.072362	0.2860564	0.358129	0.641871	1.006071
20562	-69.54883	-232.0441	162.4953	0.7106651	0.3126655	0.811838	0.188162	1.349492
20568	-67.67459	-228.9116	161.237	0.7422602	0.555059	0.48162	0.51838	1.91323
20574	-68.39025	-231.1079	162.7176	0.7715991	0.2839076	0.232038	0.767962	1.170259
20580	-65.08123	-227.7935	162.7123	0.77692	0.2839076	0.406893	0.593107	1.170259
20586	-64.16838	-226.8253	162.6569	0.8485768	0.2544205	0.568317	0.431683	1.219568
20592	-70.77671	-232.5915	161.8148	0.7320957	0.5862974	0.440697	0.559303	1.476213
20598	-81.33647	-242.3759	161.0395	0.6286184	1.093241	0.459896	0.540104	1.688616
20604	-63.63044	-225.5218	161.8914	0.5152408	0.3739529	0.837323	0.162677	1.838189
20610	-89.13956	-250.8726	161.7331	1.168821	0.6355332	0.643187	0.356813	1.129524
20616	-100.6963	-262.7797	162.0834	1.073925	0.4452361	0.856834	0.143166	1.168745
20622	-76.83568	-238.0893	161.2536	0.4183067	0.5200226	0.755971	0.244029	2.153602
20628	-81.63037	-243.5045	161.8741	1.055395	0.5200226	0.832187	0.167813	1.254702
20634	-91.65161	-251.6688	160.0172	1.055395	1.1123	0.577099	0.422901	2.082275
20640	-68.94614	-231.1724	162.2263	1.072844	0.4576738	0.65388	0.34612	1.017495
20646	-73.95359	-236.7829	162.8293	1.072844	0.2157011	0.307842	0.692158	0.947791
20652	-72.75511	-234.3764	161.6213	0.4614203	0.673231	0.637566	0.362434	1.725111
20658	-70.90777	-233.0969	162.1892	1.011726	0.4795601	0.749602	0.250398	1.075327
20664	-78.03078	-239.9752	161.9444	1.073987	0.5318163	0.601221	0.398779	1.162775
20670	-72.10087	-233.8268	161.7259	0.9012581	0.673323	0.610294	0.389706	1.318375
20676	-77.29453	-239.8451	162.5506	0.8580698	0.3382846	0.350961	0.649039	1.131893
20682	-89.02426	-250.4252	161.4009	0.1636849	0.2239523	0.836071	0.163929	2.61169
20688	-82.75599	-243.5355	160.7795	0.04186606	0.7208284	0.526576	0.473424	2.512753
20694	-81.8255	-243.9091	162.0836	0.6650116	0.3115903	0.633082	0.366918	1.692646
20700	-64.5534	-225.8822	161.3288	0.1543915	0.2751399	0.501302	0.498698	2.579033
20706	-69.9743	-232.8074	162.8331	0.1277928	0.2751399	0.809525	0.190475	1.602147
20712	-85.34719	-246.8269	161.4798	0.1895872	0.4545296	0.618784	0.381216	2.226772
20718	-80.51994	-241.6773	161.1573	0.3347934	0.2711187	0.741252	0.258748	2.579665
20724	-87.20174	-249.017	161.8153	0.4666625	0.523391	0.271943	0.728057	1.738949
20730	-76.71138	-238.5635	161.8521	0.2055919	0.2742428	0.581779	0.418221	2.217334
20736	-67.18338	-228.3668	161.1834	0.4101486	0.3314491	0.752969	0.247031	2.428589
20742	-73.00308	-234.3609	161.3578	0.8935828	0.3906966	0.632409	0.367591	1.921259
20748	-73.62236	-234.2094	160.587	0.6626591	0.6956643	0.542511	0.457489	2.262363
20754	-68.28615	-229.5207	161.2346	0.5924889	0.6956643	0.746667	0.253333	1.881504
20760	-72.03167	-234.1	162.0684	0.810053	0.4237482	0.741654	0.258346	1.427909
20766	-79.63732	-241.6079	161.9706	0.9078036	0.4237482	0.35373	0.64627	1.427909
20772	-76.42635	-238.0536	161.6273	0.7388751	0.2922669	0.397616	0.602384	1.986325
20778	-76.44489	-236.7506	160.3057	0.03014466	0.7185742	0.549769	0.450231	2.813492
20784	-71.91524	-232.8732	160.958	0.4330917	0.3940227	0.854864	0.145136	2.474758
20790	-79.91396	-242.2424	162.3285	0.006821788	0.6849213	0.419646	0.580354	1.531553
20796	-76.04787	-237.8384	161.7905	0.01940499	0.4280318	0.493191	0.506809	2.166672
20802	-80.22166	-241.976	161.7543	0.002993181	0.3158008	0.57226	0.42774	2.346952
20808	-75.51177	-236.7084	161.1967	0.01259008	0.2076101	0.888872	0.111128	2.857741
20814	-82.1944	-243.296	161.1016	0.4224639	0.4658143	0.567472	0.432528	2.307289
20820	-82.56341	-242.2995	159.7361	0.08525114	0.4758676	0.707437	0.292563	3.334061
20826	-88.90018	-250.8778	161.9776	0.3244894	0.4159822	0.901216	0.0987837	1.853828
20832	-84.18304	-245.6241	161.441	0.1605247	0.3234394	0.675635	0.324365	2.434631
20838	-83.94294	-245.5208	161.5779	0.5726978	0.5805806	0.869752	0.130248	1.769094
20844	-68.58364	-230.0826	161.499	0.0461848	0.2956734	0.839199	0.160801	2.509731
20850	-76.74826	-238.2437	161.4954	0.2463302	0.3936402	0.470353	0.529647	2.252818
20856	-72.9558	-235.5757	162.6199	0.1762291	0.1718799	0.5674	0.4326	1.920705
20862	-85.24289	-247.5348	162.2919	0.1135398	0.2966686	0.286862	0.713138	1.953023
20868	-84.06626	-245.5648	161.4985	0.1088998	0.3871229	0.718884	0.281116	2.346817
20874	-82.57037	-244.5583	161.988	0.1300534	0.3424466	0.466739	0.533261	2.076043
20880	-83.84288	-244.4907	160.6478	0.1138907	0.4873295	0.602961	0.397039	2.759575
20886	-70.84718	-232.5924	161.7453	0.04280093	0.64055	0.551209	0.448791	1.958035
20892	-75.6098	-235.9967	160.3869	0.02205964	0.9222945	0.820536	0.179464	2.62364
20898	-72.27076	-232.1714	159.9007	0.05110471	0.298681	0.448666	0.551334	3.46403
20904	-68.22037	-229.8485	161.6282	0.1556649	0.3875541	0.588206	0.411794	2.233421
20910	-75.2645	-237.808	162.5435	1.066331	0.3320797	0.577439	0.422561	0.9509312
20916	-63.32089	-225.7552	162.4343	1.00177	0.3465363	0.59796	0.40204	1.090987
20922	-71.90809	-234.3114	162.4033	1.00177	0.4561305	0.498142	0.501858	0.9101574
20928	-71.29363	-233.5379	162.2443	1.141677	0.2487463	0.739097	0.260903	1.330118
20934	-68.83928	-230.9914	162.1522	1.238951	0.5505034	0.456699	0.543301	0.7269902
20940	-73.45371	-234.9087	161.455	1.238951	1.07079	0.31068	0.68932	0.8329229
20946	-67.86308	-229.98	162.1169	0.9373093	0.4512292	0.701455	0.298545	1.247614
20952	-63.63403	-224.5256	160.8916	1.651255	1.421743	0.524506	0.475494	0.5667532
20958	-55.53248	-216.8911	161.3586	1.035136	0.7923186	0.595554	0.404446	1.384644
20964	-59.72791	-221.7884	162.0605	1.03422	0.6048817	0.653223	0.346777	0.9878571
20970	-59.80379	-220.9174	161.1136	0.7794178	0.6857321	0.593936	0.406064	1.845339
20976	-70.35478	-231.7828	161.428	0.7751589	0.6857321	0.418573	0.581427	1.627415
20982	-68.95138	-231.0256	162.0742	0.5580283	0.4119736	0.364795	0.635205	1.627415
20988	-77.2197	-238.8163	161.5966	0.3756029	0.5803957	0.422796	0.577204	1.892036
20994	-67.90546	-229.8486	161.9431	0.3474432	0.3020915	0.59113	0.40887	2.021339
21000	-71.76658	-234.7692	163.0026	0.3432154	0.2431156	0.589336	0.410664	1.373736
21006	-78.15233	-239.6054	161.453	0.217512	0.1551115	0.720817	0.279183	2.677733
21012	-73.21705	-232.8651	159.6481	0.4372537	0.9672289	0.873436	0.126564	2.793325
21018	-71.73719	-232.7606	161.0234	0.1345127	0.4946625	0.833758	0.166242	2.507404
21024	-84.56082	-244.7897	160.2289	1.515094	2.315079	0.678597	0.321403	0.9380738
21030	-80.28773	-241.8571	161.5693	0.2059095	0.2504851	0.779521	0.220479	2.435663
21036	-75.91836	-237.3066	161.3882	0.4083467	0.3090357	0.275293	0.724707	2.331761
21042	-74.84241	-236.7264	161.884	0.468985	0.3491042	0.725201	0.274799	1.909739
21048	-75.20234	-237.3687	162.1664	0.3439609	0.5029796	0.772641	0.227359	1.599551
21054	-79.62182	-240.5179	160.896	0.1153709	0.6653052	0.674488	0.325512	2.439309
21060	-71.69431	-233.7037	162.0094	0.8361258	0.3281689	0.552077	0.447923	1.596431
21066	-71.9317	-234.4153	162.4836	1.314928	0.3569064	0.814995	0.185005	0.5994641
21072	-72.98973	-234.8735	161.8837	1.380556	0.6276824	0.342621	0.657379	0.7472893
21078	-72.63764	-235.5897	162.9521	1.380556	0.159025	0.614802	0.385198	0.5310719
21084	-74.34348	-237.2512	162.9078	1.534943	0.1235169	0.496753	0.503247	0.6077602
21090	-79.92975	-242.5302	162.6005	1.547215	0.2193743	0.537664	0.462336	0.4949939
21096	-73.7996	-236.1641	162.3645	1.547215	0.3121536	0.703114	0.296886	0.5284364
21102	-70.59654	-231.578	160.9815	1.968639	0.7621442	0.351186	0.648814	0.2325229
21108	-71.82539	-232.7618	160.9364	1.967442	0.9548074	0.351186	0.648814	0.345573
21114	-68.38596	-230.5268	162.1408	1.798528	0.2195969	0.733688	0.266312	0.2428965
21120	-72.78744	-234.6346	161.8471	1.798528	0.3622623	0.666326	0.333674	0.2681969
21126	-81.37319	-241.8094	160.4362	2.01578	1.492146	0.7662	0.2338	0.3630381
21132	-87.35876	-249.9194	162.5606	0.939744	0.34585	0.571208	0.428792	1.031568
21138	-75.58479	-235.8633	160.2785	1.547232	2.334508	0.280832	0.719168	0.8322844
21144	-66.16797	-227.731	161.563	2.127589	0.2813578	0.606982	0.393018	0.2073536
21150	-65.02511	-226.4905	161.4654	2.127589	0.2754708	0.629115	0.370885	0.1730967
21156	-70.2679	-230.5733	160.3054	2.127589	1.12516	0.80366	0.19634	0.1845564
21162	-85.24062	-244.8807	159.6401	2.127589	2.6706	0.432267	0.567733	0.3609013
21168	-84.24901	-246.084	161.8349	1.952709	0.3500108	0.550941	0.449059	0.367632
21174	-81.6963	-241.2402	159.5439	2.322825	2.364613	0.607317	0.392683	0.3096222
21180	-74.03745	-233.6849	159.6474	2.322825	1.983148	0.626934	0.373066	0.2442682
21186	-85.1505	-243.9711	158.8206	2.322825	4.058488	0.606422	0.393578	0.287183
21192	-81.45018	-241.3626	159.9124	2.322825	1.881533	0.42575	0.57425	0.4761654
21198	-74.84467	-234.8974	160.0527	2.41926	1.162908	0.480764	0.519236	0.2081371
21204	-82.89786	-242.269	159.3712	2.41926	2.662552	0.692637	0.307363	0.3893493
21210	-79.31723	-239.6284	160.3112	1.937638	1.859771	0.607263	0.392737	0.522965
21216	-70.38726	-232.2228	161.8355	1.691833	0.4464062	0.391943	0.608057	0.2959925
21222	-84.98216	-246.5245	161.5423	1.691833	0.6691832	0.384772	0.615228	0.3398472
21228	-92.87501	-255.0113	162.1363	1.720703	0.3374207	0.840565	0.159435	0.4886573
21234	-84.02174	-245.0374	161.0156	1.720703	1.192983	0.635194	0.364806	0.4712684
21240	-78.95401	-238.1068	159.1527	2.543474	2.929792	0.706867	0.293133	0.4633507
21246	-80.14799	-239.1204	158.9724	1.994202	4.989311	0.35476	0.64524	0.6111391
21252	-81.0053	-242.0667	161.0614	1.241473	1.374344	0.747269	0.252731	0.9777674
21258	-86.76697	-248.1051	161.3381	0.8286344	0.8328298	0.821414	0.178586	1.521711
21264	-80.6525	-242.0244	161.3719	0.5144249	0.7337044	0.918163	0.0818371	1.807354
21270	-81.57637	-242.875	161.2987	1.179695	1.155684	0.402116	0.597884	0.9857914
21276	-74.86268	-237.5417	162.679	1.179695	0.2763638	0.593414	0.406586	0.8118922
21282	-75.20007	-236.5074	161.3073	1.285418	0.9320517	0.35405	0.64595	1.085152
21288	-74.27339	-234.8111	160.5377	0.6504927	0.4485771	0.712919	0.287081	2.538071
21294	-76.95546	-238.7953	161.8398	0.1802048	0.4531914	0.880737	0.119263	1.998547
21300	-67.83073	-229.185	161.3543	0.9096626	0.9824629	0.73596	0.26404	1.32231
21306	-73.07462	-235.3964	162.3218	0.881366	0.3505384	0.46616	0.53384	1.285088
21312	-79.38168	-241.0289	161.6472	1.044896	0.5393286	0.669164	0.330836	1.419937
21318	-71.03925	-232.7509	161.7116	1.300898	0.617917	0.64701	0.35299	1.050237
21324	-69.22867	-231.195	161.9663	1.169967	0.6192955	0.313521	0.686479	0.9226102
21330	-70.45881	-232.4919	162.0331	1.061604	0.3369232	0.452534	0.547466	1.394779
21336	-71.17076	-232.9372	161.7664	1.288945	0.6884354	0.755737	0.244263	0.9075359
21342	-74.81602	-237.9714	163.1553	1.288945	0.1185718	0.689768	0.310232	0.6508848
21348	-72.91164	-234.0753	161.1637	1.288945	1.462973	0.626274	0.373726	0.7063657
21354	-71.8462	-232.0996	160.2534	1.288945	1.462973	0.540462	0.459538	1.556592
21360	-71.13495	-233.732	162.5971	0.4724117	0.4466451	0.883907	0.116093	1.241663
21366	-68.78234	-231.5189	162.7365	0.7999554	0.1510588	0.68978	0.31022	1.442493
21372	-72.43946	-234.5055	162.0661	0.4877807	0.6119729	0.937226	0.0627735	1.442493
21378	-68.74767	-230.7817	162.034	0.781975	0.5975719	0.943247	0.056753	1.250355
21384	-79.74906	-241.8648	162.1157	1.096195	0.2748377	0.845436	0.154564	1.414869
21390	-73.55343	-236.3448	162.7914	0.7133283	0.2831742	0.443616	0.556384	1.158236
21396	-69.40565	-231.5006	162.095	0.4210651	0.4203501	0.526953	0.473047	1.69924
21402	-80.112	-242.5072	162.3952	1.111048	0.4663973	0.360811	0.639189	0.7613264
21408	-82.65809	-241.7374	159.0793	0.8426214	0.6473024	0.629897	0.370103	3.119239
21414	-76.66258	-238.0958	161.4332	0.8619403	0.47065	0.815625	0.184375	1.790849
21420	-68.67875	-230.9574	162.2786	0.4634633	0.5348471	0.703974	0.296026	1.386559
21426	-61.85127	-224.843	162.9917	0.3377078	0.2431504	0.603525	0.396475	1.386559
21432	-65.21405	-226.7773	161.5632	0.1270157	0.2152278	0.245689	0.754311	2.549071
21438	-61.20783	-222.9247	161.7169	0.3986176	0.620724	0.724409	0.275591	1.752869
21444	-73.46281	-235.5664	162.1036	0.4199829	0.2240853	0.464707	0.535293	1.998158
21450	-69.10857	-230.7519	161.6434	0.09033246	0.6365173	0.706577	0.293423	1.998158
21456	-65.16155	-225.4044	160.2429	0.2058883	0.4115023	0.681359	0.318641	3.030436
21462	-68.5635	-230.1987	161.6352	0.3142311	0.1714168	0.566114	0.433886	2.470727
21468	-76.84835	-238.2452	161.3969	0.04501129	0.204156	0.803839	0.196161	2.722218
21474	-79.76207	-241.3177	161.5556	0.6087039	0.3821881	0.443635	0.556365	1.991057
21480	-75.97029	-238.4752	162.5049	0.4795522	0.250751	0.502527	0.497473	1.629871
21486	-82.4321	-244.2835	161.8514	0.8163025	0.2355554	0.611448	0.388552	1.87975
21492	-79.73803	-241.884	162.146	1.028739	0.526232	0.370747	0.629253	1.026955
21498	-69.24413	-231.1135	161.8694	0.2231636	0.4117568	0.547832	0.452168	2.000711
21504	-74.44828	-235.6387	161.1904	0.8651253	0.5444576	0.342124	0.657876	1.872522
21510	-80.86396	-243.1149	162.251	1.027587	0.4387475	0.387013	0.612987	1.06968
21516	-78.05782	-240.2155	162.1576	1.027587	0.5360378	0.346463	0.653537	1.001283
21522	-83.70846	-246.04	162.3316	0.9330266	0.5747797	0.443377	0.556623	0.8498481
21528	-78.58417	-241.3885	162.8044	0.5864707	0.2620065	0.526203	0.473797	1.298552
21534	-73.24606	-235.3426	162.0966	0.2925349	0.2860262	0.65553	0.34447	1.980932
21540	-72.94202	-234.6804	161.7384	0.7590781	0.6492463	0.237869	0.762131	1.445619
21546	-65.84796	-227.551	161.703	0.4991919	0.4677713	0.707018	0.292982	1.858326
21552	-76.50534	-238.0435	161.5382	1.428007	0.8934721	0.678589	0.321411	0.6995657
21558	-86.21643	-248.4677	162.2512	1.428007	0.4126748	0.538976	0.461024	0.6237229
21564	-58.01558	-220.4263	162.4107	0.6698171	0.3175506	0.489341	0.510659	1.438713
21570	-62.94817	-225.2845	162.3364	0.1794759	0.3447341	0.787179	0.212821	1.804633
21576	-67.11224	-229.5011	162.3889	0.2811098	0.1177403	0.648925	0.351075	2.133202
21582	-63.63572	-225.2541	161.6184	0.2870331	0.5227625	0.571096	0.428904	1.99689
21588	-73.95932	-234.7811	160.8218	0.2404737	0.6547534	0.547189	0.452811	2.416317
21594	-73.83502	-236.5067	162.6717	0.5549754	0.1307649	0.697487	0.302513	1.722966
21600	-73.01642	-233.2221	160.2057	0.6124575	0.7291222	0.846318	0.153682	2.508201
21606	-87.06599	-246.5169	159.4509	0.202562	0.6361334	0.406571	0.593429	3.287504
21612	-71.78999	-232.8794	161.0894	0.03197774	0.5268451	0.681658	0.318342	2.49748
21618	-75.51863	-237.179	161.6604	0.05991081	0.2341039	0.44915	0.55085	2.49748
21624	-78.5253	-240.1425	161.6172	0.04976789	0.2542308	0.49547	0.50453	2.49748
21630	-74.32963	-235.1556	160.8259	0.05047932	0.409071	0.274591	0.725409	2.774861
21636	-72.51739	-233.2404	160.7231	0.1254354	0.4239652	0.406089	0.593911	2.774861
21642	-81.26431	-241.471	160.2067	0.2429343	0.4239652	0.6962	0.3038	3.015928
21648	-86.68096	-247.2973	160.6163	0.4510352	0.6291124	0.862271	0.137729	2.435449
21654	-84.45762	-245.2732	160.8155	0.08956418	0.4539088	0.649036	0.350964	2.707103
21660	-81.02294	-242.0395	161.0166	0.3044323	0.2576834	0.720257	0.279743	2.706128
21666	-89.10495	-249.6439	160.5389	0.4837827	0.1953193	0.533211	0.466789	2.992306
21672	-82.412	-244.5056	162.0936	0.05768221	0.6148163	0.497572	0.502428	1.733669
21678	-76.19578	-238.9169	162.7211	0.6070582	0.267717	0.597688	0.402312	1.337471
21684	-80.83352	-243.0579	162.2243	0.6383686	0.337622	0.333795	0.666205	1.568801
21690	-77.35967	-239.6487	162.289	0.5737252	0.337622	0.518756	0.481244	1.568801
21696	-68.89908	-230.8478	161.9487	0.8864791	0.6530344	0.524056	0.475944	1.167199
21702	-73.40058	-237.0136	163.6131	0.5098678	0.201323	0.715213	0.284787	0.7229818
21708	-69.90254	-232.2548	162.3522	1.260171	0.2756807	0.329968	0.670032	1.077293
21714	-79.42322	-241.7774	162.3542	1.260171	0.3676344	0.798688	0.201312	0.8621996
21720	-81.50948	-241.6962	160.1868	1.260171	1.768346	0.418879	0.581121	1.469405
21726	-81.38417	-242.9043	161.5202	1.627781	0.7812337	0.418879	0.581121	0.4334789
21732	-86.72277	-249.2125	162.4897	1.425396	0.2634649	0.571583	0.428417	0.7791795
21738	-76.2384	-238.2594	162.021	1.449747	0.5434988	0.523245	0.476755	0.5775975
21744	-76.70149	-238.8044	162.1029	1.449747	0.4821758	0.719021	0.280979	0.3896737
21750	-77.90534	-239.9094	162.0041	1.627781	0.4369445	0.708676	0.291324	0.3893937
21756	-85.99096	-248.2277	162.2367	1.370261	0.4369445	0.399897	0.600103	0.6821965
21762	-71.21835	-233.9916	162.7732	1.27003	0.2523764	0.328169	0.671831	0.591708
21768	-71.03737	-232.5485	161.5111	1.166808	0.6975106	0.494969	0.505031	1.250676
21774	-66.86648	-229.5966	162.7302	1.166808	0.3079576	0.826958	0.173042	0.6224173
21780	-68.72559	-231.6746	162.949	1.166808	0.2209521	0.702055	0.297945	0.6264642
21786	-72.64352	-234.9641	162.3206	0.8026584	0.1892261	0.601437	0.398563	1.655358
21792	-67.7329	-229.9212	162.1883	0.5972974	0.3202825	0.409458	0.590542	1.652341
21798	-71.57327	-234.2185	162.6452	0.3889548	0.2471773	0.816229	0.183771	1.600637
21804	-64.37032	-226.7468	162.3765	0.3889548	0.2342103	0.430646	0.569354	1.815234
21810	-62.4985	-224.3803	161.8818	0.6831041	0.6352536	0.407792	0.592208	1.408658
21816	-70.53387	-232.3038	161.7699	0.9070688	0.2935932	0.9318	0.0681997	1.772345
21822	-76.68952	-238.3292	161.6397	1.027506	0.4100762	0.355168	0.644832	1.604711
21828	-79.48367	-242.2712	162.7875	1.228616	0.2294467	0.413635	0.586365	0.7632223
21834	-75.55638	-237.4272	161.8708	0.8654892	0.6102552	0.68897	0.31103	1.300825
21840	-69.18708	-231.5823	162.3952	0.7557314	0.3516774	0.645469	0.354531	1.325423
21846	-73.16664	-233.9396	160.7729	0.8211332	0.5521456	0.87377	0.12623	2.171337
21852	-72.14154	-233.0576	160.916	0.1569465	0.3157521	0.890621	0.109379	2.772506
21858	-70.26152	-232.6249	162.3634	0.3683324	0.1949648	0.802507	0.197493	1.915243
21864	-67.88527	-230.0412	162.1559	0.4648897	0.2335742	0.804163	0.195837	1.915243
21870	-71.09863	-231.3626	160.2639	0.6795983	0.1986699	0.517759	0.482241	3.033717
21876	-63.4746	-225.0559	161.5813	0.4314177	0.3533199	0.589599	0.410401	2.13004
21882	-79.75676	-241.9096	162.1528	0.8342862	0.3142347	0.475698	0.524302	1.514986
21888	-81.2221	-244.0147	162.7926	0.8342862	0.2086623	0.392171	0.607829	1.223019
21894	-78.41091	-238.3303	159.9193	0.8009415	0.2127881	0.450901	0.549099	3.142153
21900	-71.20289	-233.0983	161.8954	0.6075611	0.4131044	0.614526	0.385474	1.718092
21906	-63.71777	-224.9948	161.277	0.6288001	0.7527954	0.614526	0.385474	1.777361
21912	-67.23228	-230.2288	162.9966	0.1082756	0.2179414	0.37287	0.62713	1.607346
21918	-73.44237	-234.1015	160.6591	0.1831788	0.5596289	0.790843	0.209157	2.63902
21924	-82.28433	-243.9812	161.6969	0.8319677	0.930794	0.825695	0.174305	1.144252
21930	-79.24249	-239.8818	160.6393	0.0931563	0.3801293	0.938524	0.0614758	2.896426
21936	-75.75423	-238.0167	162.2625	0.273354	0.2139257	0.0896036	0.910396	2.009136
21942	-78.67861	-240.7476	162.0689	0.4813133	0.2440819	0.370026	0.629974	1.943795
21948	-78.90991	-239.6677	160.7578	0.2057384	0.4983961	0.528254	0.471746	2.624305
21954	-70.95214	-232.8673	161.9151	0.1006059	0.1950955	0.503553	0.496447	2.382102
21960	-72.81002	-234.4421	161.632	0.3111588	0.2198867	0.634657	0.365343	2.382102
21966	-76.81655	-238.6048	161.7882	0.2095273	0.2894787	0.705393	0.294607	2.232185
21972	-78.71554	-241.0438	162.3283	0.1079597	0.3334367	0.285391	0.714609	1.875996
21978	-80.08749	-241.9721	161.8846	0.6566116	0.4174811	0.676086	0.323914	1.685178
21984	-83.76216	-246.6555	162.8933	0.3006586	0.1523568	0.577511	0.422489	1.690939
21990	-77.0501	-238.9817	161.9316	0.3490378	0.2092816	0.646326	0.353674	2.185524
21996	-82.41557	-243.8872	161.4716	0.3068838	0.2830192	0.437704	0.562296	2.382049
22002	-79.03082	-239.7842	160.7534	0.06571022	0.6441965	0.568989	0.431011	2.577401
22008	-73.55418	-234.0243	160.4701	0.5846801	0.5347584	0.593613	0.406387	2.531203
22014	-75.46946	-237.4285	161.9591	0.5670551	0.38722	0.300605	0.699395	1.736885
22020	-84.09904	-244.3318	160.2328	0.3657167	0.2470086	0.643785	0.356215	3.158528
22026	-80.57708	-241.6052	161.0282	0.6776165	0.6391387	0.657288	0.342712	2.014319
22032	-70.74771	-233.7578	163.0101	0.93156	0.2347938	0.338566	0.661434	0.8426057
22038	-77.31693	-239.3582	162.0413	0.8438977	0.4597766	0.538013	0.461987	1.372162
22044	-71.84353	-234.0233	162.1798	0.8438977	0.4132097	0.480204	0.519796	1.329374
22050	-74.25124	-236.5442	162.293	0.9731872	0.414927	0.81996	0.18004	1.121475
22056	-85.30001	-247.7633	162.4633	1.105666	0.1976351	0.496457	0.503543	1.298127
22062	-72.49439	-233.6964	161.202	0.6377518	1.035423	0.876045	0.123955	1.604976
22068	-67.89535	-229.3875	161.4922	0.7709859	0.6326001	0.707042	0.292958	1.63625
22074	-73.42845	-233.9479	160.5195	0.7506658	0.6800925	0.629579	0.370421	2.262377
22080	-86.04332	-242.8377	156.7944	1.904576	11.67674	0.565096	0.434904	1.578124
22086	-88.19306	-245.9273	157.7342	2.111188	7.355312	0.565096	0.434904	1.246814
22092	-77.99332	-236.1771	158.1838	1.928108	7.342162	0.615848	0.384152	1.009146
22098	-79.85472	-238.6477	158.7929	2.479293	3.981007	0.646336	0.353664	0.6229698
22104	-76.88924	-237.8814	160.9921	0.5220882	0.5954973	0.406919	0.593081	2.180943
22110	-72.66451	-235.0779	162.4134	0.9332334	0.3117021	0.351033	0.648967	1.236524
22116	-78.9361	-240.2509	161.3148	0.4987089	0.732412	0.466438	0.533562	1.858544
22122	-80.73523	-242.0328	161.2976	0.4987089	0.5149216	0.786667	0.213333	2.077554
22128	-65.60701	-227.192	161.585	0.09902774	0.4723979	0.418293	0.581707	2.197149
22134	-74.76409	-235.6605	160.8964	0.3182391	0.3738398	0.352758	0.647242	2.609481
22140	-74.144	-235.6152	161.4712	0.444163	0.2792564	0.782146	0.217854	2.300825
22146	-61.3541	-223.6823	162.3282	0.1082705	0.2241419	0.710963	0.289037	2.055819
22152	-66.20445	-227.4175	161.213	0.1503321	0.6605945	0.684352	0.315648	2.21923
22158	-63.97694	-224.5481	160.5711	0.06066056	0.6605945	0.499647	0.500353	2.679193
22164	-62.63841	-223.7035	161.0651	0.01674697	0.3837177	0.477234	0.522766	2.679193
22170	-55.55499	-217.1983	161.6433	0.09888195	0.6153639	0.342285	0.657715	2.012392
22176	-66.91264	-228.3258	161.4131	0.1385724	0.3807321	0.464345	0.535655	2.390143
22182	-64.56215	-226.4054	161.8432	0.3425078	0.4007778	0.376928	0.623072	1.952351
22188	-70.84711	-230.8643	160.0172	0.3603957	0.8920265	0.70956	0.29044	2.663031
22194	-68.70547	-230.6456	161.9401	0.6733227	0.3878876	0.470174	0.529826	1.674205
22200	-77.76312	-240.0791	162.3159	0.1278893	0.3990171	0.751109	0.248891	1.778316
22206	-73.43088	-236.0237	162.5928	0.6897906	0.09476854	0.899208	0.100792	1.785448
22212	-71.90121	-233.4611	161.5599	0.5898476	0.6514459	0.625159	0.374841	1.698605
22218	-79.27086	-240.3504	161.0795	0.5431369	0.6026432	0.727975	0.272025	2.103417
22224	-88.32123	-249.8791	161.5579	0.5431369	0.3349254	0.283469	0.716531	2.097888
22230	-78.08781	-239.8173	161.7295	0.5988636	0.6134699	0.623691	0.376309	1.608712
22236	-79.83463	-242.4937	162.6591	0.8376892	0.3252296	0.680902	0.319098	1.077428
22242	-84.3358	-245.9237	161.5879	0.809045	0.3305978	0.152583	0.847417	1.906923
22248	-79.91245	-239.9631	160.0507	0.643258	0.4097946	0.836219	0.163781	2.88484
22254	-64.65942	-226.226	161.5666	0.6144623	0.2490037	0.185055	0.814945	2.179028
22260	-63.82617	-225.9784	162.1523	0.4586243	0.2317847	0.671758	0.328242	1.925261
22266	-63.84263	-225.846	162.0033	0.8612784	0.3411574	0.346119	0.653881	1.561826
22272	-68.78683	-231.6196	162.8328	0.8612784	0.2796425	0.356715	0.643285	0.9886794
22278	-63.20688	-225.0744	161.8676	0.9333056	0.5737021	0.767727	0.232273	1.291936
22284	-66.59663	-229.1428	162.5462	0.9333056	0.2930305	0.477496	0.522504	1.159667
22290	-93.23391	-254.6968	161.4629	0.2250986	0.3051337	0.765026	0.234974	2.406258
22296	-81.53775	-241.7217	160.184	0.1641152	0.4224424	0.38324	0.61676	3.078372
22302	-85.27239	-245.2604	159.988	0.2865938	0.6364665	0.218117	0.781883	2.916909
22308	-79.71718	-239.9789	160.2618	0.2876317	0.9607489	0.691939	0.308061	2.511431
22314	-73.69535	-234.9552	161.2598	0.05720306	0.5599517	0.503617	0.496383	2.341605
22320	-65.31893	-226.6905	161.3716	0.1461656	0.2695351	0.288398	0.711602	2.566205
22326	-73.27063	-233.9056	160.6349	0.1944002	0.5540049	0.33136	0.66864	2.65231
22332	-75.25011	-237.1255	161.8754	0.202178	0.3791766	0.860668	0.139332	2.052628
22338	-78.64319	-240.4752	161.832	0.3915047	0.1828364	0.906662	0.0933381	2.273923
22344	-65.04029	-226.2111	161.1708	0.5049914	0.5713727	0.779613	0.220387	2.098849
22350	-76.64783	-237.8704	161.2226	1.041916	0.737503	0.575428	0.424572	1.533893
22356	-68.94494	-231.8798	162.9349	1.041916	0.1754242	0.717431	0.282569	0.9966357
22362	-68.61685	-231.2838	162.667	1.041916	0.242403	0.335634	0.664366	1.06667
22368	-82.43747	-243.7129	161.2754	1.041916	0.9051662	0.875163	0.124837	1.344228
22374	-88.82911	-249.6508	160.8217	0.435538	0.8313175	0.369306	0.630694	2.150146
22380	-86.61818	-247.7586	161.1404	0.836597	0.2645664	0.211481	0.788519	2.284747
22386	-82.38647	-244.1507	161.7642	0.2319988	0.5903619	0.362257	0.637743	1.865635
22392	-80.25379	-241.8007	161.5469	1.053918	0.4117232	0.461723	0.538277	1.650316
22398	-74.23808	-236.7243	162.4862	1.302747	0.2043448	0.563544	0.436456	1.0914
22404	-67.35264	-229.4428	162.0901	1.302747	0.5684823	0.570842	0.429158	0.6760673
22410	-79.1547	-239.968	160.8133	1.033881	1.153027	0.641733	0.358267	1.518646
22416	-77.8226	-237.1175	159.2949	0.600351	1.012102	0.574737	0.425263	2.881253
22422	-77.92496	-240.1841	162.2592	1.33823	0.3473001	0.547317	0.452683	0.9292891
22428	-71.0711	-233.5982	162.5271	0.8448486	0.3623306	0.690944	0.309056	1.11937
22434	-75.27922	-237.479	162.1998	0.7843379	0.267516	0.308021	0.691979	1.599017
22440	-86.27155	-248.0709	161.7993	0.8509142	0.2406304	0.849443	0.150557	1.882327
22446	-84.94797	-245.8647	160.9167	1.544394	0.602814	0.24151	0.75849	1.522463
22452	-71.5615	-233.0897	161.5282	0.9139921	1.168496	0.370406	0.629594	1.010596
22458	-66.39051	-228.3341	161.9436	0.749708	0.6372543	0.5344	0.4656	1.304706
22464	-73.88802	-236.4041	162.5161	0.8996934	0.2279301	0.0916633	0.908337	1.350995
22470	-81.50212	-242.5224	161.0203	0.4464329	0.3815149	0.45447	0.54553	2.442736
22476	-79.60414	-241.971	162.3668	0.9815585	0.4150797	0.56824	0.43176	1.044845
22482	-87.19964	-250.178	162.9784	0.7945653	0.223743	0.343129	0.656871	1.054241
22488	-79.72896	-242.2347	162.5057	1.158028	0.2063299	0.55608	0.44392	1.197459
22494	-72.972	-234.6942	161.7222	0.5465724	0.2861986	0.729207	0.270793	2.06061
22500	-73.86097	-235.9504	162.0894	0.6487573	0.3736847	0.603336	0.396664	1.604783
22506	-68.58382	-230.4063	161.8224	0.6487573	0.4956868	0.822853	0.177147	1.636618
22512	-70.92252	-231.7269	160.8044	0.6487573	0.4803158	0.472502	0.527498	2.33662
22518	-69.92918	-230.7754	160.8463	0.2172243	0.3984386	0.551169	0.448831	2.672772
22524	-69.64623	-232.0265	162.3803	0.9519504	0.3348158	0.528864	0.471136	1.205299
22530	-73.10443	-235.0484	161.944	0.3609127	0.3348158	0.692691	0.307309	1.962759
22536	-71.18219	-232.6455	161.4633	0.4688101	0.2375313	0.794022	0.205978	2.358259
22542	-60.48016	-222.5671	162.0869	0.03195973	0.2375313	0.331932	0.668068	2.238909
22548	-63.96544	-225.4796	161.5141	0.605174	0.6481512	0.596051	0.403949	1.723311
22554	-64.58831	-226.8228	162.2345	0.3039751	0.3705346	0.497641	0.502359	1.751589
22560	-66.53941	-228.5738	162.0344	0.4188541	0.5647448	0.392177	0.607823	1.569984
22566	-74.7185	-236.2047	161.4862	0.665708	0.5769818	0.19384	0.80616	1.771912
22572	-74.54686	-234.9878	160.4409	0.8713568	0.9942485	0.496988	0.503012	1.998782
22578	-80.61377	-241.328	160.7142	0.4037253	0.4344698	0.632959	0.367041	2.597473
22584	-91.30318	-247.8325	156.5293	2.044968	11.45728	0.624272	0.375728	1.690033
22590	-78.66351	-239.6495	160.986	0.1553796	0.421704	0.941469	0.0585313	2.597473
22596	-78.48443	-239.6901	161.2057	0.1998893	0.3025327	0.45912	0.54088	2.586591
22602	-75.30814	-237.4478	162.1396	0.335194	0.3492961	0.517136	0.482864	1.826282
22608	-78.85599	-240.9376	162.0816	0.9699516	0.6419203	0.388071	0.611929	0.9784955
22614	-87.88918	-250.2817	162.3926	0.9653622	0.3347184	0.747829	0.252171	1.183357
22620	-80.47318	-242.8627	162.3895	0.8293682	0.4029404	0.727397	0.272603	1.183357
22626	-84.28843	-246.0107	161.7223	0.799329	0.2247265	0.849116	0.150884	1.998272
22632	-78.60662	-240.2546	161.648	1.740882	0.5168012	0.26807	0.73193	0.8068027
22638	-73.19633	-233.6996	160.5033	1.687309	1.428039	0.916314	0.0836859	1.047688
22644	-77.34165	-238.6261	161.2844	0.524629	0.7891165	0.556896	0.443104	1.813917
22650	-73.38857	-235.5951	162.2065	0.8048007	0.4762303	0.507662	0.492338	1.247022
22656	-62.70503	-224.8045	162.0995	0.4476643	0.3341173	0.551743	0.448257	1.798772
22662	-61.30192	-223.0655	161.7636	0.6365955	0.7744896	0.501532	0.498468	1.396297
22668	-61.30718	-222.9707	161.6635	1.054768	0.7062714	0.495778	0.504222	1.207076
22674	-81.4691	-243.5357	162.0666	1.054768	0.5401788	0.42826	0.57174	1.057051
22680	-75.66691	-237.4661	161.7991	1.054768	0.6819924	0.636904	0.363096	1.115832
22686	-70.53213	-232.337	161.8049	1.396945	0.6819924	0.623647	0.376353	0.7291185
22692	-66.4149	-228.1461	161.7312	1.49119	0.7252919	0.395763	0.604237	0.4552284
22698	-71.41691	-233.2204	161.8035	1.556185	0.6255376	0.517267	0.482733	0.4862126
22704	-67.09622	-228.8532	161.757	1.556185	0.6255376	0.517267	0.482733	0.6690263
22710	-71.27504	-233.1688	161.8938	1.556185	0.5637509	0.864432	0.135568	0.5164099
22716	-64.79563	-227.1813	162.3857	1.687012	0.2326981	0.290576	0.709424	0.374487
22722	-64.85178	-226.9802	162.1284	1.678	0.3527454	0.586702	0.413298	0.4103954
22728	-68.91054	-230.6554	161.7449	1.678	0.5659113	0.364361	0.635639	0.3976514
22734	-63.64822	-226.2143	162.566	1.522626	0.235824	0.297041	0.702959	0.4222195
22740	-63.14417	-225.1305	161.9863	1.553875	0.4216107	0.651455	0.348545	0.8242622
22746	-59.72533	-222.6475	162.9222	1.358883	0.1437293	0.718857	0.281143	0.7679928
22752	-71.13055	-234.5508	163.4203	1.069088	0.04007087	0.627173	0.372827	1.044595
22758	-68.48198	-230.252	161.77	0.9465878	0.1016874	0.260678	0.739322	2.145529
22764	-67.55037	-229.7644	162.214	0.3814272	0.2872991	0.773601	0.226399	1.839097
22770	-80.88781	-242.4426	161.5548	0.5923553	0.4865036	0.458398	0.541602	1.874054
22776	-76.36105	-238.1983	161.8372	0.2837598	0.4034802	0.628177	0.371823	1.992227
22782	-68.63896	-229.7715	161.1326	0.5020351	0.5099357	0.525897	0.474103	2.188471
22788	-71.58136	-233.3956	161.8142	0.8321638	0.5993415	0.54938	0.45062	1.385042
22794	-83.15151	-243.7968	160.6453	0.6330467	0.5993415	0.115285	0.884715	2.328879
22800	-68.7104	-230.8873	162.1769	0.6330467	0.2299344	0.491321	0.508679	1.792582
22806	-69.08078	-230.7114	161.6306	0.6330467	0.2482291	0.737674	0.262326	2.12653
22812	-77.30323	-238.3775	161.0743	0.01662475	0.3155338	0.820119	0.179881	2.761845
22818	-69.78888	-230.4687	160.6798	0.058885	0.4989099	0.267817	0.732183	2.761845
22824	-66.31271	-228.2084	161.8956	0.07218243	0.5443321	0.373603	0.626397	1.932163
22830	-71.6456	-232.8005	161.1549	0.0237364	0.405261	0.585049	0.414951	2.593596
22836	-72.5429	-233.5378	160.9949	0.03757617	0.5629958	0.798644	0.201356	2.517828
22842	-72.58038	-234.4412	161.8609	0.237917	0.4387362	0.426174	0.573826	1.96317
22848	-73.33258	-235.5864	162.2538	0.2294896	0.5531257	0.625593	0.374407	1.560911
22854	-78.59821	-240.6182	162.02	0.6186694	0.3644378	0.667762	0.332238	1.689745
22860	-63.56077	-224.6529	161.0921	0.02407418	0.4437763	0.830013	0.169987	2.588106
22866	-69.25441	-229.9022	160.6477	0.02102257	0.5152982	0.644854	0.355146	2.788103
22872	-67.15331	-228.8071	161.6538	0.07240291	0.2496155	0.417538	0.582462	2.467926
22878	-63.92217	-225.9698	162.0477	0.4245553	0.4341907	0.645903	0.354097	1.712175
22884	-68.71184	-230.0987	161.3869	0.8062902	0.4771102	0.537339	0.462661	1.853494
22890	-54.08973	-216.0334	161.9437	0.8845569	0.2582195	0.74918	0.25082	1.727358
22896	-65.61158	-226.922	161.3104	0.4276035	0.5832471	0.652615	0.347385	2.046176
22902	-70.70979	-233.1123	162.4025	1.225566	0.3919292	0.800933	0.199067	0.7827798
22908	-80.50315	-243.8881	163.385	0.2941771	0.3318839	0.370083	0.629917	0.8747334
22914	-79.51749	-242.1001	162.5827	0.153239	0.3809848	0.885766	0.114234	1.59582
22920	-77.45914	-238.7237	161.2645	1.021049	0.6911934	0.683377	0.316623	1.562176
22926	-73.21501	-234.4535	161.2385	0.7955431	0.2485216	0.275248	0.724752	2.274638
22932	-80.70902	-242.4903	161.7813	0.6946948	0.6905853	0.725815	0.274185	1.419494
22938	-85.48774	-247.0653	161.5776	0.7697793	0.7465467	0.336832	0.663168	1.463245
22944	-83.89718	-245.3134	161.4162	0.4969181	0.59588	0.788262	0.211738	1.916618
22950	-83.15322	-243.4163	160.2631	0.5622396	0.5351414	0.741042	0.258958	2.672878
22956	-84.27571	-247.0533	162.7776	0.6629258	0.2821898	0.716979	0.283021	1.215768
22962	-78.40871	-238.901	160.4923	1.284686	1.139865	0.346156	0.653844	1.579259
22968	-80.80351	-243.5825	162.779	1.362951	0.1282728	0.354889	0.645111	0.996029
22974	-83.64182	-245.1866	161.5448	1.066624	0.6846971	0.55591	0.44409	1.318883
22980	-73.99873	-236.0009	162.0022	1.066624	0.6060964	0.614604	0.385396	1.012075
22986	-86.40559	-248.0587	161.6531	1.079284	0.7735149	0.846311	0.153689	1.120972
22992	-81.35649	-243.6513	162.2948	0.9999963	0.3434968	0.352819	0.647181	1.221235
22998	-85.09913	-246.4665	161.3674	0.9754163	1.026374	0.691945	0.308055	1.221235
23004	-88.11336	-249.3053	161.192	0.2056238	0.2950158	0.7026	0.2974	2.60243
23010	-84.41928	-246.0913	161.672	1.015451	0.8191295	0.810935	0.189065	1.112729
23016	-76.0654	-237.8772	161.8118	0.7440311	0.6536157	0.697541	0.302459	1.395984
23022	-84.81753	-245.4503	160.6328	0.1360098	0.6768396	0.39034	0.60966	2.581149
23028	-86.54044	-247.4358	160.8953	0.2825092	0.5426093	0.821034	0.178966	2.446509
23034	-78.77823	-239.9706	161.1923	0.7111977	0.6810569	0.461877	0.538123	1.842361
23040	-87.1376	-247.4793	160.3417	0.514643	0.7771918	0.290755	0.709245	2.447128
23046	-79.79142	-240.9559	161.1645	0.5597197	0.6800734	0.552603	0.447397	1.964868
23052	-74.67489	-236.4002	161.7253	0.805201	0.6705013	0.744494	0.255506	1.39788
23058	-82.67263	-244.1083	161.4356	0.2944233	0.7863333	0.475563	0.524437	1.870405
23064	-89.14416	-251.2522	162.1081	1.06188	0.5750881	0.776004	0.223996	0.9555543
23070	-84.17187	-244.5361	160.3643	0.05605865	0.7843878	0.646127	0.353873	2.712239
23076	-76.91556	-238.362	161.4464	0.09593374	0.3421763	0.346165	0.653835	2.446212
23082	-76.04093	-238.1019	162.061	0.1268562	0.208432	0.533061	0.466939	2.247035
23088	-81.14108	-243.5229	162.3818	0.5594517	0.2115486	0.622805	0.377195	1.737121
23094	-65.90242	-227.5548	161.6524	0.6529809	0.3332773	0.416348	0.583652	1.964707
23100	-64.46731	-225.2093	160.742	0.4937731	0.5596482	0.714081	0.285919	2.39343
23106	-66.63438	-228.6561	162.0217	1.158528	0.6926945	0.820365	0.179635	0.7407477
23112	-69.17982	-231.3302	162.1504	0.6184095	0.3111722	0.325815	0.674185	1.679024
23118	-67.75267	-230.3479	162.5952	0.7022234	0.2951275	0.700998	0.299002	1.30866
23124	-60.09516	-221.5569	161.4617	0.3980497	0.3144918	0.671037	0.328963	2.283507
23130	-70.29876	-231.5295	161.2308	0.3776516	0.7728069	0.510329	0.489671	1.963675
23136	-65.06258	-227.5002	162.4376	0.1618095	0.2154836	0.460243	0.539757	1.963675
23142	-74.24969	-236.1065	161.8568	0.1306007	0.4181719	0.48967	0.51033	2.062426
23148	-65.66264	-228.3072	162.6446	0.2547037	0.2393401	0.679761	0.320239	1.712159
23154	-65.7392	-227.5105	161.7713	0.5304081	0.5418096	0.353843	0.646157	1.704509
23160	-66.97126	-227.974	161.0028	0.2566358	0.233326	0.510974	0.489026	2.783163
23166	-70.12791	-231.537	161.4091	0.2859983	1.012735	0.39293	0.60707	1.724306
23172	-75.1136	-237.1762	162.0626	0.1950192	0.2408266	0.369896	0.630104	2.143313
23178	-77.99256	-240.0174	162.0248	0.5135989	0.5138109	0.477712	0.522288	1.566084
23184	-75.25468	-236.1407	160.886	0.427065	0.3676802	0.320929	0.679071	2.556196
23190	-78.85526	-239.0887	160.2334	0.09839871	0.4608495	0.481431	0.518569	3.046729
23196	-69.23598	-230.6422	161.4062	0.09839871	0.6346963	0.58267	0.41733	2.150782
23202	-73.98621	-236.3808	162.3945	0.3592194	0.4176225	0.746996	0.253004	1.530687
23208	-72.75228	-234.4685	161.7162	0.8078532	0.6740136	0.674616	0.325384	1.399239
23214	-69.79294	-231.4148	161.6219	0.7447416	0.7018905	0.260042	0.739958	1.491539
23220	-77.10082	-238.5477	161.4468	0.8926176	0.9090014	0.805809	0.194191	1.323216
23226	-78.44195	-239.5228	161.0808	0.6152297	0.9090014	0.63807	0.36193	1.7983
23232	-67.08029	-229.0165	161.9362	0.5698503	0.3662302	0.262871	0.737129	1.780344
23238	-83.28252	-243.9726	160.69	0.3717485	0.3662302	0.541343	0.458657	2.713119
23244	-69.16642	-230.7606	161.5942	0.6202516	0.3662302	0.354097	0.645903	1.979049
23250	-77.54802	-239.8767	162.3287	0.5025126	0.1366563	0.619625	0.380375	1.979049
23256	-79.37471	-241.6643	162.2896	0.04066057	0.3044355	0.573386	0.426614	1.991287
23262	-82.47867	-244.8821	162.4034	0.5374963	0.2845335	0.591673	0.408327	1.600046
23268	-80.36978	-242.1416	161.7718	0.7052384	0.8593528	0.817612	0.182388	1.255295
23274	-66.50898	-228.7015	162.1925	0.9165404	0.229087	0.53227	0.46773	1.581541
23280	-61.75438	-223.881	162.1266	0.928222	0.6770063	0.679077	0.320923	0.9247628
23286	-66.5738	-228.7775	162.2037	1.023003	0.3217261	0.711867	0.288133	1.316572
23292	-70.63118	-233.279	162.6479	0.8968537	0.4219663	0.818718	0.181282	0.8176323
23298	-67.28521	-229.2917	162.0065	0.9163784	0.4277622	0.488693	0.511307	1.387714
23304	-77.80486	-239.2376	161.4327	0.5066558	0.756876	0.708607	0.291393	1.750436
23310	-73.68522	-235.6235	161.9383	0.5066558	0.3526577	0.904955	0.0950453	1.841928
23316	-71.47467	-233.7795	162.3048	0.461494	0.1768702	0.320267	0.679733	1.929974
23322	-68.36068	-230.6309	162.2702	0.6921249	0.4826931	0.532786	0.467214	1.278452
23328	-67.25382	-230.1977	162.9439	0.8205437	0.1640466	0.513382	0.486618	1.224384
23334	-85.12239	-247.4926	162.3702	1.037039	0.3619344	0.319944	0.680056	1.087838
23340	-71.85398	-233.9104	162.0564	0.3021602	0.3742249	0.566938	0.433062	1.87071
23346	-73.32266	-234.0582	160.7356	0.4382762	0.6500395	0.684229	0.315771	2.349772
23352	-72.00707	-233.8514	161.8443	0.7770473	0.3887894	0.354281	0.645719	1.66728
23358	-75.85606	-237.2855	161.4294	0.8471719	0.6072286	0.552305	0.447695	1.652495
23364	-75.41984	-237.1435	161.7237	0.7690127	0.5286211	0.350396	0.649604	1.582156
23370	-77.71146	-240.0245	162.3131	0.6763767	0.2439013	0.702749	0.297251	1.639226
23376	-69.93285	-232.1791	162.2463	0.3386157	0.357546	0.269206	0.730794	1.737779
23382	-72.13463	-233.7141	161.5795	0.43197	0.5296625	0.646824	0.353176	1.918281
23388	-71.1848	-232.2856	161.1008	0.1487487	0.4336051	0.607041	0.392959	2.516658
23394	-82.08352	-243.7984	161.7149	0.3317809	0.2903187	0.776966	0.223034	2.19928
23400	-73.42173	-234.0005	160.5788	0.6109313	0.6268279	0.785189	0.214811	2.360182
23406	-76.55738	-236.7263	160.1689	0.3129392	0.5929981	0.816868	0.183132	2.829053
23412	-74.77269	-236.0865	161.3138	0.7323888	0.5929981	0.695617	0.304383	1.828702
23418	-73.7538	-235.8405	162.0867	0.0873709	0.4444462	0.940451	0.0595492	1.905442
23424	-81.79331	-242.9052	161.1119	0.2705409	0.1792983	0.768249	0.231751	2.804977
23430	-86.32836	-246.9419	160.6136	0.6896683	0.6568538	0.716924	0.283076	2.261215
23436	-74.71173	-236.201	161.4893	0.6671313	0.7528759	0.448163	0.551837	1.599217
23442	-79.31379	-241.7527	162.4389	0.8803045	0.4975291	0.267482	0.732518	0.9266807
23448	-77.29485	-240.1863	162.8914	0.8803045	0.1973021	0.553195	0.446805	1.126218
23454	-66.11395	-227.2715	161.1575	1.155585	1.133228	0.667615	0.332385	1.159856
23460	-73.40117	-235.9453	162.5441	1.155585	0.3759391	0.327816	0.672184	0.7232738
23466	-82.13149	-244.4951	162.3636	0.9568189	0.2579739	0.705637	0.294363	1.363205
23472	-68.53869	-229.4585	160.9198	0.373562	0.6908473	0.405033	0.594967	2.23833
23478	-59.58121	-221.6375	162.0563	0.3021192	0.2675128	0.686866	0.313134	2.031621
23484	-59.77648	-222.1385	162.362	0.09938086	0.4642811	0.693082	0.306918	1.681855
23490	-59.99823	-221.852	161.8538	0.2599014	0.4642811	0.588436	0.411564	1.922613
23496	-65.49485	-228.1506	162.6558	0.2788519	0.3053068	0.563522	0.436478	1.568887
23502	-73.09911	-235.9087	162.8096	0.6984938	0.2959938	0.392826	0.607174	1.128047
23508	-77.56244	-239.0608	161.4983	1.34926	0.9403433	0.733522	0.266478	0.8024625
23514	-80.57339	-242.0642	161.4908	0.2841621	0.3140143	0.682856	0.317144	2.338325
23520	-88.265	-250.0905	161.8255	1.477219	0.6636542	0.705908	0.294092	0.4532396
23526	-90.3358	-252.0841	161.7483	1.588526	0.6418326	0.169005	0.830995	0.4848432
23532	-83.58345	-246.4827	162.8993	0.1162264	0.1725459	0.673544	0.326456	1.768747
23538	-73.64564	-234.9055	161.2599	0.2842819	0.532359	0.436811	0.563189	2.223632
23544	-75.86281	-237.6342	161.7714	0.5833506	0.5536166	0.429293	0.570707	1.653677
23550	-83.11705	-243.3772	160.2601	1.071017	1.444651	0.460415	0.539585	1.718557
23556	-80.27058	-241.5369	161.2663	0.6648835	0.7372357	0.852884	0.147116	1.773193
23562	-77.63007	-239.7729	162.1428	0.7100538	0.5562859	0.847728	0.152272	1.270963
23568	-64.59996	-227.6309	163.031	1.324986	0.1239043	0.754177	0.245823	0.766249
23574	-64.73469	-227.6265	162.8918	0.9479162	0.2410107	0.565174	0.434826	0.9397993
23580	-79.62612	-240.7756	161.1495	0.6263826	0.6601097	0.873466	0.126534	1.948197
23586	-66.94746	-229.1244	162.1769	0.9836998	0.4595608	0.609131	0.390869	1.143446
23592	-74.41341	-237.0209	162.6075	0.9524076	0.3614237	0.663574	0.336426	0.9378838
23598	-75.50662	-237.3916	161.885	0.7630677	0.1738367	0.665362	0.334638	2.015712
23604	-75.87928	-237.8636	161.9843	1.046741	0.2780295	0.782003	0.217997	1.545557
23610	-70.66213	-232.9307	162.2685	1.664604	0.2621363	0.799065	0.200935	0.3083455
23616	-77.50684	-238.3925	160.8857	1.591763	1.46821	0.684473	0.315527	0.3737826
23622	-88.09405	-249.4242	161.3301	0.9740182	0.7958076	0.55466	0.44534	1.450644
23628	-71.61162	-233.8094	162.1978	0.8081409	0.262928	0.638518	0.361482	1.591592
23634	-78.42015	-239.8254	161.4053	0.5192195	0.6100124	0.582285	0.417715	1.895007
23640	-80.22616	-241.7366	161.5105	0.9411576	0.9850275	0.66742	0.33258	1.162983
23646	-73.97241	-235.9848	162.0124	0.7578309	0.4117026	0.749408	0.250592	1.526741
23652	-75.67108	-237.3774	161.7063	0.6654451	0.4201519	0.421697	0.578303	1.800485
23658	-71.69547	-232.7191	161.0236	0.860933	0.6058776	0.521929	0.478071	1.926085
23664	-64.14631	-225.8184	161.6721	0.1803221	0.4570108	0.662655	0.337345	2.104893
23670	-66.27148	-227.9776	161.7061	0.1798246	0.2855196	0.22763	0.77237	2.309933
23676	-64.67962	-226.6819	162.0023	0.6768566	0.5291563	0.856378	0.143622	1.442217
23682	-71.08599	-232.5503	161.4644	1.637584	0.7902471	0.73183	0.26817	0.6652647
23688	-76.71122	-239.5222	162.811	0.9880294	0.2369735	0.356831	0.643169	0.9931512
23694	-83.14205	-245.0786	161.9365	0.3472533	0.4949533	0.626079	0.373921	1.770154
23700	-73.63923	-234.3213	160.6821	0.1624681	0.4949533	0.323482	0.676518	2.701046
23706	-75.19673	-237.9651	162.7683	0.8570773	0.1515721	0.498164	0.501836	1.372116
23712	-72.83224	-234.5021	161.6699	1.406826	0.7807612	0.578465	0.421535	0.7299328
23718	-81.87738	-243.5253	161.648	0.8052296	0.7807612	0.72949	0.27051	1.348655
23724	-75.66591	-237.6613	161.9953	0.7126107	0.7444495	0.835684	0.164316	1.174206
23730	-67.99922	-229.1834	161.1842	0.4963345	0.668529	0.519156	0.480844	2.004372
23736	-68.18435	-230.4017	162.2173	0.570542	0.2432447	0.564183	0.435817	1.782904
23742	-67.72129	-229.7821	162.0608	0.3822571	0.2994755	0.832438	0.167562	1.923251
23748	-64.82325	-226.6354	161.8121	0.2563229	0.2374211	0.49213	0.50787	2.271513
23754	-69.65691	-232.1265	162.4696	0.1092261	0.3612575	0.58842	0.41158	1.736615
23760	-67.44418	-229.5519	162.1078	0.06182816	0.429737	0.699844	0.300156	1.926564
23766	-79.47732	-241.8696	162.3922	0.117858	0.2918685	0.186042	0.813958	1.889947
23772	-82.22332	-243.6323	161.409	0.5407046	0.3063537	0.585352	0.414648	2.237708
23778	-82.29153	-243.9294	161.6379	0.3543184	0.7573439	0.438931	0.561069	1.712903
23784	-70.86417	-233.0741	162.2099	0.1435694	0.6177491	0.702894	0.297106	1.585988
23790	-64.72263	-225.9088	161.1862	0.9255547	0.6994123	0.499462	0.500538	1.680111
23796	-69.46575	-231.6075	162.1417	0.7357542	0.5787601	0.655556	0.344444	1.222039
23802	-70.53947	-231.6134	161.0739	0.7651943	0.5875022	0.577171	0.422829	1.974697
23808	-75.4885	-237.7982	162.3097	0.8098577	0.508564	0.467554	0.532446	1.105818
23814	-66.75154	-228.8776	162.1261	1.093619	0.3700724	0.759197	0.240803	1.237895
23820	-76.75685	-239.8923	163.1355	0.7880336	0.2731519	0.718991	0.281009	0.7308794
23826	-84.75235	-246.6051	161.8527	0.7880336	0.3922185	0.679478	0.320522	1.648562
23832	-69.18496	-230.0782	160.8933	0.1352118	0.6455522	0.916241	0.083759	2.445522
23838	-72.90558	-234.3585	161.4529	0.5024696	0.3271752	0.584794	0.415206	2.203773
23844	-71.71982	-233.2856	161.5657	0.4624911	0.476266	0.613835	0.386165	1.966219
23850	-79.25985	-240.3534	161.0935	0.1241394	0.389758	0.865814	0.134186	2.588025
23856	-73.45723	-234.6599	161.2027	0.1730255	0.202391	0.382358	0.617642	2.765864
23862	-66.17119	-227.6892	161.518	0.1831636	0.6172232	0.894951	0.105049	2.037845
23868	-70.57226	-231.6355	161.0632	0.1190343	0.6172232	0.790802	0.209198	2.373536
23874	-68.17231	-229.3677	161.1954	0.3211512	0.4124038	0.498462	0.501538	2.373536
23880	-62.63675	-224.4364	161.7996	0.356614	0.2773312	0.278614	0.721386	2.148511
23886	-63.65284	-225.8567	162.2039	0.6128859	0.3673206	0.540399	0.459601	1.55675
23892	-70.67962	-233.1255	162.4459	1.10048	0.4244134	0.859736	0.140264	0.8095871
23898	-77.77024	-239.8603	162.0901	1.471456	0.1775729	0.545589	0.454411	1.354013
23904	-82.26215	-244.5341	162.272	1.092994	0.4072275	0.629113	0.370887	1.043173
23910	-86.25124	-249.0299	162.7787	1.092994	0.2917583	0.42142	0.57858	0.74147
23916	-79.16168	-241.8071	162.6454	0.6203632	0.4906574	0.4851	0.5149	0.994403
23922	-74.90495	-235.3415	160.4366	0.8073499	0.8673016	0.77932	0.22068	2.132338
23928	-73.59851	-234.8281	161.2296	0.259543	0.4396152	0.725202	0.274798	2.359072
23934	-74.13487	-235.9807	161.8459	0.6575778	0.4983871	0.50274	0.49726	1.61008
23940	-76.41263	-237.4282	161.0155	0.3608495	0.4069685	0.399306	0.600694	2.468349
23946	-61.29262	-222.8378	161.5452	0.5620763	0.4317516	0.716404	0.283596	1.965997
23952	-73.02954	-234.8419	161.8123	1.180478	0.4916791	0.680914	0.319086	1.240674
23958	-66.62338	-228.5662	161.9428	0.8451229	0.7353885	0.656414	0.343586	1.113175
23964	-64.5903	-225.8253	161.235	0.297587	0.7353885	0.582445	0.417555	2.044954
23970	-81.01974	-241.3134	160.2937	0.3700018	0.7970359	0.533403	0.466597	2.552732
23976	-66.16057	-227.6562	161.4956	0.1691168	0.4516743	0.325718	0.674282	2.233015
23982	-67.32612	-229.0763	161.7502	0.3329324	0.2080084	0.569136	0.430864	2.31491
23988	-64.45955	-224.9553	160.4957	0.5234985	0.897584	0.697417	0.302583	2.256344
23994	-71.39056	-231.955	160.5645	0.9000454	1.19773	0.527499	0.472501	1.765492
24000	-75.82	-237.4982	161.6782	0.6026636	0.3004532	0.5147	0.4853	2.030272
24006	-87.08895	-249.4077	162.3188	0.5403174	0.1808758	0.763665	0.236335	1.8583
24012	-79.48176	-240.6276	161.1458	0.1639332	0.5871084	0.504737	0.495263	2.320305
24018	-71.00344	-232.6588	161.6554	0.1504848	0.312862	0.352521	0.647479	2.320305
24024	-63.57453	-225.1577	161.5832	0.1284277	0.312862	0.774317	0.225683	2.38018
24030	-77.54062	-239.6231	162.0825	1.639051	0.3817157	0.589499	0.410501	0.3659075
24036	-69.21111	-231.4347	162.2236	1.156125	0.5148382	0.758709	0.241291	0.82279
24042	-74.2755	-236.4156	162.1401	1.06364	0.6491991	0.117582	0.882418	0.7910108
24048	-82.43778	-244.1652	161.7274	0.8154893	0.6491991	0.222075	0.777925	1.410726
24054	-78.68193	-239.561	160.8791	0.7600403	0.9542411	0.504988	0.495012	1.804695
24060	-75.73759	-238.4414	162.7039	0.9214285	0.3007579	0.638168	0.361832	1.007256
24066	-87.73232	-247.305	159.5726	1.426976	1.773135	0.896311	0.103689	1.790285
24072	-65.92299	-227.1027	161.1798	0.3992076	0.3739158	0.461144	0.538856	2.381555
24078	-68.43556	-230.4039	161.9683	0.3398055	0.1756083	0.349795	0.650205	2.234316
24084	-78.46779	-240.5158	162.048	0.1305969	0.2185287	0.478141	0.521859	2.234316
24090	-81.03006	-243.8105	162.7805	0.996132	0.2003034	0.722664	0.277336	1.113701
24096	-84.75955	-246.9801	162.2206	1.038875	0.5205807	0.701449	0.298551	0.9503672
